url,класс,код,в sitemap,lastmod,разрешён robots,robots-мета,canonical,hreflang,глубина от /,входящих ссылок,title
https://rusofacilapp.com/es,корень локали,200,да,,да,,на себя,3,0,977,Aprende ruso online — RusoFácilapp
https://rusofacilapp.com/ru,корень локали,200,да,,да,,на себя,3,0,938,RusoFácilapp — учите русский язык на испанском
https://rusofacilapp.com/es/courses,каталог курсов,200,да,,да,,на себя,3,1,977,Curso de ruso online — Niveles A1 a B2 | RusoFácilapp
https://rusofacilapp.com/es/download,прочее: download,200,нет,,да,"noindex, follow",на себя,3,1,977,La app de RusoFácilapp | RusoFácilapp
https://rusofacilapp.com/es/pricing,прочее: pricing,200,да,,да,,на себя,3,1,977,Planes y precios | RusoFácilapp
https://rusofacilapp.com/es/courses/b1,страница уровня,200,да,,да,,на себя,3,1,32,Curso de ruso B1 · Intermedio | RusoFácilapp
https://rusofacilapp.com/es/courses/b2,страница уровня,200,да,,да,,на себя,3,1,32,Curso de ruso B2 · Intermedio alto | RusoFácilapp
https://rusofacilapp.com/es/vocabulary,каталог словаря,200,да,,да,,на себя,3,1,977,"Vocabulario ruso por temas, con traducción | RusoFácilapp"
https://rusofacilapp.com/es/stories,каталог рассказов,200,да,2026-08-27T15:52:14.607Z,да,,на себя,3,1,326,Cuentos en ruso con audio y traducción | RusoFácilapp
https://rusofacilapp.com/es/word-games,хаб игр,200,да,2026-09-04T21:03:17.832Z,да,,на себя,3,1,88,Juegos de palabras en ruso por niveles | RusoFácilapp
https://rusofacilapp.com/es/courses/a1,страница уровня,200,да,,да,,на себя,3,1,32,Curso de ruso A1 · Principiante | RusoFácilapp
https://rusofacilapp.com/ru/courses,каталог курсов,200,да,,да,,на себя,3,1,938,Курсы русского языка | RusoFácilapp
https://rusofacilapp.com/es/terms,прочее: terms,200,да,,да,,на себя,3,1,977,Términos de Servicio | RusoFácilapp
https://rusofacilapp.com/es/sobre-nosotros,прочее: sobre-nosotros,200,да,,да,,на себя,3,1,977,Sobre RusoFácilapp | RusoFácilapp
https://rusofacilapp.com/es/glossary,каталог глоссария,200,да,2026-08-29T18:32:11.585Z,да,,на себя,3,1,977,Glosario de gramática rusa en español | RusoFácilapp
https://rusofacilapp.com/ru/pricing,прочее: pricing,200,да,,да,,на себя,3,1,938,Тарифы и цены | RusoFácilapp
https://rusofacilapp.com/ru/courses/b1,страница уровня,200,да,,да,,на себя,3,1,32,Курс русского языка B1 · Средний | RusoFácilapp
https://rusofacilapp.com/ru/courses/a2,страница уровня,200,да,,да,,на себя,3,1,32,Курс русского языка A2 · Элементарный | RusoFácilapp
https://rusofacilapp.com/ru/courses/a1,страница уровня,200,да,,да,,на себя,3,1,32,Курс русского языка A1 · Начальный | RusoFácilapp
https://rusofacilapp.com/ru/vocabulary,каталог словаря,200,да,,да,,на себя,3,1,938,Русские слова по темам: карточки с озвучкой | RusoFácilapp
https://rusofacilapp.com/ru/courses/b2,страница уровня,200,да,,да,,на себя,3,1,32,Курс русского языка B2 · Выше среднего | RusoFácilapp
https://rusofacilapp.com/ru/stories,каталог рассказов,200,да,2026-08-27T15:52:14.607Z,да,,на себя,3,1,326,Библиотека рассказов и сказок | RusoFácilapp
https://rusofacilapp.com/ru/download,прочее: download,200,нет,,да,"noindex, follow",на себя,3,1,938,Приложение RusoFácilapp | RusoFácilapp
https://rusofacilapp.com/ru/sobre-nosotros,прочее: sobre-nosotros,200,да,,да,,на себя,3,1,938,О проекте RusoFácilapp | RusoFácilapp
https://rusofacilapp.com/ru/terms,прочее: terms,200,да,,да,,на себя,3,1,938,Условия использования | RusoFácilapp
https://rusofacilapp.com/ru/word-games,хаб игр,200,да,2026-09-04T21:03:17.832Z,да,,на себя,3,1,84,"Игры со словами по русскому языку, по уровням | RusoFácilapp"
https://rusofacilapp.com/ru/privacy,прочее: privacy,200,да,,да,,на себя,3,1,938,Политика конфиденциальности | RusoFácilapp
https://rusofacilapp.com/ru/glossary,каталог глоссария,200,да,2026-08-29T18:32:11.585Z,да,,на себя,3,1,938,Глоссарий русской грамматики на испанском | RusoFácilapp
https://rusofacilapp.com/es/courses/b1/1,урок,200,да,2026-08-17T22:46:46.476Z,да,,на себя,3,2,9,"Verbos de movimiento: ir y venir en ruso — lección 1, nivel B1"
https://rusofacilapp.com/es/courses/b1/3,урок,200,да,2026-08-17T22:46:46.704Z,да,,на себя,3,2,10,Expresar opiniones y estar de acuerdo o en desacuerdo — lección 3 (B1)
https://rusofacilapp.com/es/courses/b1/2,урок,200,да,2026-08-17T22:46:46.601Z,да,,на себя,3,2,11,"Casos rusos: dativo e instrumental en contexto — lección 2, nivel B1"
https://rusofacilapp.com/es/courses/b1/4,урок,200,да,2026-08-17T22:46:46.837Z,да,,на себя,3,2,9,"El mundo laboral y los estudios — lección 4, nivel B1 | RusoFácilapp"
https://rusofacilapp.com/es/courses/b1/7,урок,200,да,2026-08-17T22:46:47.155Z,да,,на себя,3,2,9,"Cultura y costumbres rusas — lección 7, nivel B1 | RusoFácilapp"
https://rusofacilapp.com/es/courses/b1/8,урок,200,да,2026-08-17T22:46:47.286Z,да,,на себя,3,2,11,"Escribir correos y mensajes formales — lección 8, nivel B1"
https://rusofacilapp.com/es/privacy,прочее: privacy,200,да,,да,,на себя,3,1,977,Política de Privacidad | RusoFácilapp
https://rusofacilapp.com/es/courses/b1/9,урок,200,да,2026-08-17T22:46:54.016Z,да,,на себя,3,2,7,Verbos de movimiento con prefijo при-/у-: llegar y partir
https://rusofacilapp.com/es/courses/b1/10,урок,200,да,2026-08-17T22:46:55.018Z,да,,на себя,3,2,12,Verbos de movimiento con prefijo в-/вы-: entrar y salir | RusoFácilapp
https://rusofacilapp.com/es/courses/b1/12,урок,200,да,2026-08-17T22:46:55.290Z,да,,на себя,3,2,10,Verbos de movimiento con prefijo пере-: cruzar y trasladarse
https://rusofacilapp.com/es/courses/b1/15,урок,200,да,2026-08-17T22:46:55.727Z,да,,на себя,3,2,8,Aspecto verbal en pasado: perfectivo e imperfectivo — lección 15 (B1)
https://rusofacilapp.com/es/courses/b1/16,урок,200,да,2026-08-17T22:46:55.872Z,да,,на себя,3,2,12,Aspecto verbal en futuro: perfectivo e imperfectivo — lección 16 (B1)
https://rusofacilapp.com/es/courses/a2,страница уровня,200,да,,да,,на себя,3,1,32,Curso de ruso A2 · Elemental | RusoFácilapp
https://rusofacilapp.com/es/courses/b1/17,урок,200,да,2026-08-17T22:46:55.967Z,да,,на себя,3,2,12,"Aspecto del infinitivo tras verbos modales — lección 17, nivel B1"
https://rusofacilapp.com/es/courses/b1/18,урок,200,да,2026-08-17T22:46:56.064Z,да,,на себя,3,2,9,"Aspecto verbal en la negación y la repetición — lección 18, nivel B1"
https://rusofacilapp.com/es/courses/b1/6,урок,200,да,2026-08-17T22:46:47.028Z,да,,на себя,3,2,9,"Medios de comunicación y noticias sencillas — lección 6, nivel B1"
https://rusofacilapp.com/es/courses/b1/13,урок,200,да,2026-08-17T22:46:55.391Z,да,,на себя,3,2,9,Verbos de movimiento con prefijo про-/до-: pasar de largo y llegar…
https://rusofacilapp.com/es/courses/b1/21,урок,200,да,2026-08-17T22:46:56.333Z,да,,на себя,3,2,12,"Gerundios imperfectivos (деепричастия НСВ) — lección 21, nivel B1"
https://rusofacilapp.com/es/courses/b1/23,урок,200,да,2026-08-17T22:46:56.525Z,да,,на себя,3,2,8,"Discurso indirecto con &#x27;что&#x27; — lección 23, nivel B1 | RusoFácilapp"
https://rusofacilapp.com/es/courses/b1/5,урок,200,да,2026-08-17T22:46:46.931Z,да,,на себя,3,2,11,"Narrar experiencias pasadas con detalle — lección 5, nivel B1"
https://rusofacilapp.com/es/courses/b1/11,урок,200,да,2026-08-17T22:46:55.189Z,да,,на себя,3,2,12,Verbos de movimiento con prefijo под-/от-: acercarse y alejarse
https://rusofacilapp.com/es/courses/b1/19,урок,200,да,2026-08-17T22:46:56.156Z,да,,на себя,3,2,12,"Participios activos: presente y pasado — lección 19, nivel B1"
https://rusofacilapp.com/es/courses/b1/14,урок,200,да,2026-08-17T22:46:55.632Z,да,,на себя,3,2,10,Verbos de movimiento con prefijos: repaso y significados figurados
https://rusofacilapp.com/es/courses/b1/27,урок,200,да,2026-08-17T22:46:56.924Z,да,,на себя,3,2,10,"Búsqueda de trabajo y la entrevista — lección 27, nivel B1"
https://rusofacilapp.com/es/courses/b1/25,урок,200,да,2026-08-17T22:46:56.719Z,да,,на себя,3,2,11,"Preguntas indirectas: как, где, когда, почему — lección 25, nivel B1"
https://rusofacilapp.com/es/courses/b1/22,урок,200,да,2026-08-17T22:46:56.426Z,да,,на себя,3,2,11,"Gerundios perfectivos (деепричастия СВ) — lección 22, nivel B1"
https://rusofacilapp.com/es/courses/b1/28,урок,200,да,2026-08-17T22:46:57.007Z,да,,на себя,3,2,9,"Educación y carrera profesional — lección 28, nivel B1 | RusoFácilapp"
https://rusofacilapp.com/es/courses/b1/26,урок,200,да,2026-08-17T22:46:56.840Z,да,,на себя,3,2,9,"Oraciones de relativo con &#x27;который&#x27; — lección 26, nivel B1"
https://rusofacilapp.com/es/courses/b1/29,урок,200,да,2026-08-17T22:46:57.189Z,да,,на себя,3,2,10,"Hablar de películas y libros — lección 29, nivel B1 | RusoFácilapp"
https://rusofacilapp.com/es/courses/b1/30,урок,200,да,2026-08-17T22:46:57.282Z,да,,на себя,3,2,9,"Valoraciones emocionales expresivas — lección 30, nivel B1"
https://rusofacilapp.com/es/courses/b1/20,урок,200,да,2026-08-17T22:46:56.243Z,да,,на себя,3,2,13,"Participios pasivos: presente y pasado — lección 20, nivel B1"
https://rusofacilapp.com/es/courses/b1/24,урок,200,да,2026-08-17T22:46:56.619Z,да,,на себя,3,2,10,"Discurso indirecto con &#x27;чтобы&#x27; — lección 24, nivel B1 | RusoFácilapp"
https://rusofacilapp.com/es/courses/b2/4,урок,200,да,2026-08-17T22:46:47.740Z,да,,на себя,3,2,12,"Ruso literario: fragmentos comentados — lección 4, nivel B2"
https://rusofacilapp.com/es/courses/b2/2,урок,200,да,2026-08-17T22:46:47.561Z,да,,на себя,3,2,6,"Oraciones condicionales reales: «если... то...» — lección 2, nivel B2"
https://rusofacilapp.com/es/courses/b2/1,урок,200,да,2026-08-17T22:46:47.429Z,да,,на себя,3,2,6,"El modo condicional: la partícula «бы» — lección 1, nivel B2"
https://rusofacilapp.com/es/courses/b2/7,урок,200,да,2026-08-17T22:46:48.092Z,да,,на себя,3,2,7,"Ruso profesional y de negocios — lección 7, nivel B2 | RusoFácilapp"
https://rusofacilapp.com/es/courses/b2/3,урок,200,да,2026-08-17T22:46:47.650Z,да,,на себя,3,2,8,"Debates: argumentar y contraargumentar — lección 3, nivel B2"
https://rusofacilapp.com/es/courses/b2/5,урок,200,да,2026-08-17T22:46:47.824Z,да,,на себя,3,2,10,"Modismos y lenguaje coloquial — lección 5, nivel B2 | RusoFácilapp"
https://rusofacilapp.com/es/courses/b2/9,урок,200,да,2026-08-17T22:46:57.406Z,да,,на себя,3,2,8,"Participios sustituyendo oraciones de relativo — lección 9, nivel B2"
https://rusofacilapp.com/es/courses/b2/8,урок,200,да,2026-08-17T22:46:49.105Z,да,,на себя,3,2,14,Adjetivos cortos y declinación de numerales con sustantivos
https://rusofacilapp.com/es/courses/b2/11,урок,200,да,2026-08-17T22:46:57.584Z,да,,на себя,3,2,7,"Estilo y matices en participios y gerundios — lección 11, nivel B2"
https://rusofacilapp.com/es/courses/b2/16,урок,200,да,2026-08-17T22:46:58.019Z,да,,на себя,3,2,8,"Causa y motivo: &#x27;благодаря тому что&#x27;, &#x27;из-за того что&#x27; | RusoFácilapp"
https://rusofacilapp.com/es/courses/b2/12,урок,200,да,2026-08-17T22:46:57.675Z,да,,на себя,3,2,10,"Participios activos vs. cláusulas con &#x27;который&#x27; — lección 12, nivel B2"
https://rusofacilapp.com/es/courses/b2/14,урок,200,да,2026-08-17T22:46:57.844Z,да,,на себя,3,2,10,"Causales: &#x27;потому что&#x27;, &#x27;так как&#x27;, &#x27;поскольку&#x27; — lección 14, nivel B2"
https://rusofacilapp.com/es/courses/b2/13,урок,200,да,2026-08-17T22:46:57.759Z,да,,на себя,3,2,8,Participios pasivos en el registro escrito formal — lección 13 (B2)
https://rusofacilapp.com/es/courses/b2/19,урок,200,да,2026-08-17T22:46:58.319Z,да,,на себя,3,2,9,"Verbos de movimiento en sentido figurado II — lección 19, nivel B2"
https://rusofacilapp.com/es/courses/b2/15,урок,200,да,2026-08-17T22:46:57.930Z,да,,на себя,3,2,10,"Concesivas: &#x27;несмотря на то что&#x27;, &#x27;хотя&#x27; — lección 15, nivel B2"
https://rusofacilapp.com/es/courses/b2/17,урок,200,да,2026-08-17T22:46:58.141Z,да,,на себя,3,2,11,"Finales y consecutivas: &#x27;для того чтобы&#x27;, &#x27;так что&#x27; — lección 17 (B2)"
https://rusofacilapp.com/es/courses/b2/18,урок,200,да,2026-08-17T22:46:58.232Z,да,,на себя,3,2,9,"Verbos de movimiento en sentido figurado I — lección 18, nivel B2"
https://rusofacilapp.com/es/courses/b2/20,урок,200,да,2026-08-17T22:46:58.474Z,да,,на себя,3,2,8,"Idiomatismos con verbos de movimiento — lección 20, nivel B2"
https://rusofacilapp.com/es/courses/b2/22,урок,200,да,2026-08-17T22:46:58.648Z,да,,на себя,3,2,11,Estilo científico: cancelarismos y construcciones pasivas
https://rusofacilapp.com/es/courses/b2/23,урок,200,да,2026-08-17T22:46:58.766Z,да,,на себя,3,2,13,"Estilo empresarial: correspondencia oficial — lección 23, nivel B2"
https://rusofacilapp.com/es/courses/b2/26,урок,200,да,2026-08-17T22:46:59.134Z,да,,на себя,3,2,9,"Medios de persuasión y modalidad de opinión — lección 26, nivel B2"
https://rusofacilapp.com/es/courses/b2/25,урок,200,да,2026-08-17T22:46:58.969Z,да,,на себя,3,2,10,"Registro formal vs. coloquial: transformaciones — lección 25, nivel B2"
https://rusofacilapp.com/es/courses/b2/24,урок,200,да,2026-08-17T22:46:58.856Z,да,,на себя,3,2,9,"Estilo periodístico: reportajes y titulares — lección 24, nivel B2"
https://rusofacilapp.com/es/courses/b2/28,урок,200,да,2026-08-17T22:46:59.339Z,да,,на себя,3,2,5,"Cultura y arte: crítica y opinión — lección 28, nivel B2"
https://rusofacilapp.com/es/courses/b2/29,урок,200,да,2026-08-17T22:46:59.431Z,да,,на себя,3,2,10,"Emociones ocultas, ironía y matices — lección 29, nivel B2"
https://rusofacilapp.com/es/courses/b2/27,урок,200,да,2026-08-17T22:46:59.232Z,да,,на себя,3,2,8,"Ecología y tecnología: vocabulario y debate — lección 27, nivel B2"
https://rusofacilapp.com/es/courses/b2/6,урок,200,да,2026-08-17T22:46:48.008Z,да,,на себя,3,2,10,"Temas de actualidad y sociedad — lección 6, nivel B2 | RusoFácilapp"
https://rusofacilapp.com/es/vocabulary/compras,категория словаря,200,да,2026-08-20T01:43:55.112Z,да,,на себя,2,2,34,"Vocabulario ruso de compras y precios, con traducción | RusoFácilapp"
https://rusofacilapp.com/es/vocabulary/comida,категория словаря,200,да,2026-08-20T01:44:09.179Z,да,,на себя,2,2,36,"Vocabulario ruso de comida, con traducción y ejemplos | RusoFácilapp"
https://rusofacilapp.com/es/vocabulary/salud,категория словаря,200,да,2026-08-20T01:42:12.058Z,да,,на себя,2,2,31,Vocabulario ruso de salud y partes del cuerpo | RusoFácilapp
https://rusofacilapp.com/es/courses/b2/30,урок,200,да,2026-08-17T22:46:59.568Z,да,,на себя,3,2,7,"Preparación para exámenes de certificación — lección 30, nivel B2"
https://rusofacilapp.com/es/vocabulary/emociones,категория словаря,200,да,2026-08-20T01:46:25.163Z,да,,на себя,2,2,35,Vocabulario ruso de emociones y sentimientos | RusoFácilapp
https://rusofacilapp.com/es/vocabulary/ciudad-y-transporte,категория словаря,200,да,2026-08-20T01:43:55.126Z,да,,на себя,2,2,36,"Vocabulario ruso de ciudad y transporte, con traducción | RusoFácilapp"
https://rusofacilapp.com/es/vocabulary/familia,категория словаря,200,да,2026-08-20T00:47:58.691Z,да,,на себя,2,2,36,"Vocabulario ruso de familia y casa, con traducción | RusoFácilapp"
https://rusofacilapp.com/es/courses/b2/10,урок,200,да,2026-08-17T22:46:57.501Z,да,,на себя,3,2,11,Gerundios (деепричастия) sustituyendo oraciones subordinadas
https://rusofacilapp.com/es/vocabulary/trabajo,категория словаря,200,да,2026-08-20T00:39:26.750Z,да,,на себя,2,2,25,"Vocabulario ruso de trabajo y estudios, con traducción | RusoFácilapp"
https://rusofacilapp.com/es/vocabulary/saludos,категория словаря,200,да,2026-08-19T22:55:02.457Z,да,,на себя,2,2,23,Saludos en ruso: palabras y frases con traducción | RusoFácilapp
https://rusofacilapp.com/es/vocabulary/viajes,категория словаря,200,да,2026-08-20T00:34:37.233Z,да,,на себя,2,2,23,"Vocabulario ruso de viajes y hoteles, con traducción | RusoFácilapp"
https://rusofacilapp.com/es/vocabulary/clima-y-naturaleza,категория словаря,200,да,2026-08-20T00:29:41.063Z,да,,на себя,2,2,36,Vocabulario ruso del clima y la naturaleza | RusoFácilapp
https://rusofacilapp.com/es/vocabulary/ropa,категория словаря,200,да,2026-08-20T01:31:40.924Z,да,,на себя,2,2,36,"Vocabulario ruso de ropa, con traducción y ejemplos | RusoFácilapp"
https://rusofacilapp.com/es/vocabulary/verbos-de-movimiento,категория словаря,200,да,2026-08-20T01:45:10.089Z,да,,на себя,2,2,23,"Verbos de movimiento en ruso, con traducción y ejemplos | RusoFácilapp"
https://rusofacilapp.com/es/vocabulary/tecnologia,категория словаря,200,да,2026-08-19T23:48:59.117Z,да,,на себя,2,2,23,Vocabulario ruso de tecnología e internet | RusoFácilapp
https://rusofacilapp.com/es/vocabulary/arte-y-ocio,категория словаря,200,да,2026-08-20T01:44:30.541Z,да,,на себя,2,2,33,"Vocabulario ruso de arte, cultura y ocio | RusoFácilapp"
https://rusofacilapp.com/es/vocabulary/conceptos-abstractos,категория словаря,200,да,2026-08-20T00:01:32.248Z,да,,на себя,2,2,29,Vocabulario ruso de conceptos abstractos con traducción | RusoFácilapp
https://rusofacilapp.com/es/vocabulary/palabras-basicas,категория словаря,200,да,2026-08-19T20:14:09.382Z,да,,на себя,2,2,33,Palabras básicas en ruso: pronombres y preposiciones | RusoFácilapp
https://rusofacilapp.com/es/vocabulary/sociedad,категория словаря,200,да,2026-08-20T01:27:47.522Z,да,,на себя,2,2,25,Vocabulario ruso de sociedad y noticias | RusoFácilapp
https://rusofacilapp.com/es/vocabulary/politica,категория словаря,200,да,2026-08-20T01:43:55.119Z,да,,на себя,2,2,23,"Vocabulario ruso de política, con traducción y ejemplos | RusoFácilapp"
https://rusofacilapp.com/es/vocabulary/psicologia,категория словаря,200,да,2026-08-20T01:42:12.074Z,да,,на себя,2,2,25,"Vocabulario ruso de psicología, con traducción | RusoFácilapp"
https://rusofacilapp.com/es/vocabulary/derecho,категория словаря,200,да,2026-08-20T04:43:50.211Z,да,,на себя,2,2,23,Vocabulario ruso de derecho y leyes con traducción | RusoFácilapp
https://rusofacilapp.com/es/vocabulary/deportes,категория словаря,200,да,2026-08-20T04:43:50.317Z,да,,на себя,2,2,23,Vocabulario ruso de deportes: palabras con traducción | RusoFácilapp
https://rusofacilapp.com/es/vocabulary/ciencia,категория словаря,200,да,2026-08-19T23:07:15.591Z,да,,на себя,2,2,35,"Vocabulario ruso de ciencia, con traducción y ejemplos | RusoFácilapp"
https://rusofacilapp.com/es/stories/cmt07mslt0000bance9fb6rkw,рассказ,200,да,,да,,на себя,3,2,1,День стирки — cuento en ruso (A1) | RusoFácilapp
https://rusofacilapp.com/es/stories/cmsxtq13w000cqwnc466c87es,рассказ,200,да,,да,,на себя,3,2,3,Репка — cuento en ruso (A1) | RusoFácilapp
https://rusofacilapp.com/es/stories/cmsxtr872008mqwnczcq6kvov,рассказ,200,да,,да,,на себя,3,2,2,Занятия гончарным делом по средам — cuento en ruso (A1) | RusoFácilapp
https://rusofacilapp.com/es/stories/cmsxtq113000bqwncxxdynsed,рассказ,200,да,,да,,на себя,3,2,4,Теремок — cuento en ruso (A1) | RusoFácilapp
https://rusofacilapp.com/es/vocabulary/sinonimos-y-antonimos,категория словаря,200,да,2026-08-20T01:46:25.156Z,да,,на себя,2,2,27,Sinónimos y antónimos en ruso: lista con traducción | RusoFácilapp
https://rusofacilapp.com/es/courses/b2/21,урок,200,да,2026-08-17T22:46:58.565Z,да,,на себя,3,2,8,"Modismos gramaticales avanzados — lección 21, nivel B2 | RusoFácilapp"
https://rusofacilapp.com/es/stories/cmsxtr67o0087qwncd0ysnds7,рассказ,200,да,,да,,на себя,3,2,1,Занятия йогой в парке — cuento en ruso (A1) | RusoFácilapp
https://rusofacilapp.com/es/stories/cmsxtr3f0007nqwncqz4f2cxo,рассказ,200,да,,да,,на себя,3,2,3,Уборка в субботу — cuento en ruso (A1) | RusoFácilapp
https://rusofacilapp.com/es/stories/cmszq4fab0000pknco5jnogbu,рассказ,200,да,,да,,на себя,3,2,1,Кружок оригами по понедельникам — cuento en ruso (A1) | RusoFácilapp
https://rusofacilapp.com/es/stories/cmsxtr1aw0078qwncmo5zuk59,рассказ,200,да,,да,,на себя,3,2,3,Поход в библиотеку — cuento en ruso (A1) | RusoFácilapp
https://rusofacilapp.com/es/stories/cmsxtr7ci008cqwncm9zfjisz,рассказ,200,да,,да,,на себя,3,2,2,Рыбалка с дедушкой по выходным — cuento en ruso (A1) | RusoFácilapp
https://rusofacilapp.com/es/stories/cmsxtr52l007xqwncbn9bv63f,рассказ,200,да,,да,,на себя,3,2,3,Чтение перед сном — cuento en ruso (A1) | RusoFácilapp
https://rusofacilapp.com/es/stories/cmsxtr5pc0082qwncq5ie4hox,рассказ,200,да,,да,,на себя,3,2,1,Аквариум в гостиной — cuento en ruso (A1) | RusoFácilapp
https://rusofacilapp.com/es/stories/cmsxtr2xe007iqwncuckr1vkh,рассказ,200,да,,да,,на себя,3,2,2,Прогулка на велосипеде — cuento en ruso (A1) | RusoFácilapp
https://rusofacilapp.com/es/stories/cmsxtr3wh007sqwnca6hmauhy,рассказ,200,да,,да,,на себя,3,2,3,Пробежка вдоль реки — cuento en ruso (A1) | RusoFácilapp
https://rusofacilapp.com/es/stories/cmsxtqzlh006yqwnc1wjvuq7p,рассказ,200,да,,да,,на себя,3,2,1,Очередь в пекарне — cuento en ruso (A1) | RusoFácilapp
https://rusofacilapp.com/es/stories/cmsxtr0rm0073qwncn5o1bqj6,рассказ,200,да,,да,,на себя,3,2,2,Прогулка с собакой — cuento en ruso (A1) | RusoFácilapp
https://rusofacilapp.com/es/stories/cmsxtqz2u006tqwncm5cgduxm,рассказ,200,да,,да,,на себя,3,2,1,Бабочка для праздника — cuento en ruso (A1) | RusoFácilapp
https://rusofacilapp.com/es/stories/cmsxtr7rz008hqwnc1pq76v5n,рассказ,200,да,,да,,на себя,3,2,2,Кружок вязания по вторникам — cuento en ruso (A1) | RusoFácilapp
https://rusofacilapp.com/es/stories/cmsxtqxbk006jqwncpmca1k7r,рассказ,200,да,,да,,на себя,3,2,3,Гаммы перед ужином — cuento en ruso (A1) | RusoFácilapp
https://rusofacilapp.com/es/stories/cmsxtqw7q0069qwncd31glvde,рассказ,200,да,,да,,на себя,3,2,2,Стол по инструкции — cuento en ruso (A1) | RusoFácilapp
https://rusofacilapp.com/es/stories/cmsxtqykf006oqwnco3mxguya,рассказ,200,да,,да,,на себя,3,2,3,Сортировка мусора дома — cuento en ruso (A1) | RusoFácilapp
https://rusofacilapp.com/es/stories/cmsxtqv2p0064qwnctamshxtc,рассказ,200,да,,да,,на себя,3,2,2,Бутерброд для Ромы — cuento en ruso (A1) | RusoFácilapp
https://rusofacilapp.com/es/stories/cmsxtqq5w0055qwncylfdqnik,рассказ,200,да,,да,,на себя,3,2,2,Бумажный кораблик — cuento en ruso (A1) | RusoFácilapp
https://rusofacilapp.com/es/stories/cmsxtqwty006eqwncfdbe9oka,рассказ,200,да,,да,,на себя,3,2,3,Носки из корзины — cuento en ruso (A1) | RusoFácilapp
https://rusofacilapp.com/es/stories/cmsxtqukx005zqwnc96knvja9,рассказ,200,да,,да,,на себя,3,2,4,Копилка Тимура — cuento en ruso (A1) | RusoFácilapp
https://rusofacilapp.com/es/stories/cmsxtqldh0046qwnc3vh0knct,рассказ,200,да,,да,,на себя,3,2,2,Воздушный змей на дереве — cuento en ruso (A1) | RusoFácilapp
https://rusofacilapp.com/es/stories/cmsxtqit1003nqwncx8frzgww,рассказ,200,да,,да,,на себя,3,2,2,Воздушный шарик — cuento en ruso (A1) | RusoFácilapp
https://rusofacilapp.com/es/stories/cmsxtqcu2002lqwncmfbtppth,рассказ,200,да,,да,,на себя,3,2,3,Дедушкин огород — cuento en ruso (A1) | RusoFácilapp
https://rusofacilapp.com/es/stories/cmsxtqbt6002aqwncutcvwooc,рассказ,200,да,,да,,на себя,3,2,2,Даша учится плавать — cuento en ruso (A1) | RusoFácilapp
https://rusofacilapp.com/es/stories/cmsxtqggt0036qwnccjs9uqji,рассказ,200,да,,да,,на себя,3,2,1,Жаркий день — cuento en ruso (A1) | RusoFácilapp
https://rusofacilapp.com/es/stories/cmsxtqn14004gqwnc088k6ca9,рассказ,200,да,,да,,на себя,3,2,3,Два одинаковых завтрака — cuento en ruso (A1) | RusoFácilapp
https://rusofacilapp.com/es/stories/cmsxtqu1x005uqwncjte480nt,рассказ,200,да,,да,,на себя,3,2,3,Зёрнышко в горшке — cuento en ruso (A1) | RusoFácilapp
https://rusofacilapp.com/es/stories/cmsxtq5cd0012qwnc9s0yn1eg,рассказ,200,да,,да,,на себя,3,2,3,Дождливый день — cuento en ruso (A1) | RusoFácilapp
https://rusofacilapp.com/es/stories/cmsxtqlvv004bqwncqij1bp2j,рассказ,200,да,,да,,на себя,3,2,2,Запасной ключ — cuento en ruso (A1) | RusoFácilapp
https://rusofacilapp.com/es/stories/cmsxtq0xp000aqwnc8f6ri9ul,рассказ,200,да,,да,,на себя,3,2,4,Колобок — cuento en ruso (A1) | RusoFácilapp
https://rusofacilapp.com/es/stories/cmsxtq17c000dqwncdh2um41h,рассказ,200,да,,да,,на себя,3,2,3,Курочка Ряба — cuento en ruso (A1) | RusoFácilapp
https://rusofacilapp.com/es/stories/cmsxtqp81004vqwnc4ub9ya09,рассказ,200,да,,да,,на себя,3,2,1,Куда положить бутылку? — cuento en ruso (A1) | RusoFácilapp
https://rusofacilapp.com/es/stories/cmsxtqcr3002kqwnclraox2j7,рассказ,200,да,,да,,на себя,3,2,2,Мамина шляпа — cuento en ruso (A1) | RusoFácilapp
https://rusofacilapp.com/es/stories/cmsxtqgju0037qwnckslrk9pd,рассказ,200,да,,да,,на себя,3,2,1,Молочный зуб — cuento en ruso (A1) | RusoFácilapp
https://rusofacilapp.com/es/stories/cmsxtqrd0005aqwncz39tjko1,рассказ,200,да,,да,,на себя,3,2,3,Мяч на крыше — cuento en ruso (A1) | RusoFácilapp
https://rusofacilapp.com/es/stories/cmsxtq9zj001yqwncs1b9dult,рассказ,200,да,,да,,на себя,3,2,2,Мороженое для двоих — cuento en ruso (A1) | RusoFácilapp
https://rusofacilapp.com/es/stories/cmsxtr1qz007dqwnc5genagbr,рассказ,200,да,,да,,на себя,3,2,3,Завтрак в семье — cuento en ruso (A1) | RusoFácilapp
https://rusofacilapp.com/es/stories/cmsxtqahe0023qwnclh594l64,рассказ,200,да,,да,,на себя,3,2,2,Новая девочка в классе — cuento en ruso (A1) | RusoFácilapp
https://rusofacilapp.com/es/stories/cmsxtq2tw000lqwnc2ujzx9ao,рассказ,200,да,,да,,на себя,3,2,4,Заюшкина избушка — cuento en ruso (A1) | RusoFácilapp
https://rusofacilapp.com/es/stories/cmsxtqkey003wqwncgp5421zn,рассказ,200,да,,да,,на себя,3,2,2,Новый фрукт — cuento en ruso (A1) | RusoFácilapp
https://rusofacilapp.com/es/stories/cmsxtq2xo000mqwncw7ohsk36,рассказ,200,да,,да,,на себя,3,2,3,"Кот, петух и лиса — cuento en ruso (A1) | RusoFácilapp"
https://rusofacilapp.com/es/stories/cmsxtqkv00041qwnckjqokfzk,рассказ,200,да,,да,,на себя,3,2,3,Плюшевый заяц — cuento en ruso (A1) | RusoFácilapp
https://rusofacilapp.com/es/stories/cmsxtqbwc002bqwncn79swvq8,рассказ,200,да,,да,,на себя,3,2,2,Первый снег — cuento en ruso (A1) | RusoFácilapp
https://rusofacilapp.com/es/stories/cmsxtq58x0011qwnc3qr6mpzw,рассказ,200,да,,да,,на себя,3,2,2,Подарок для мамы — cuento en ruso (A1) | RusoFácilapp
https://rusofacilapp.com/es/stories/cmsxtqppd0050qwnc8wvb43nk,рассказ,200,да,,да,,на себя,3,2,1,Секретный узел — cuento en ruso (A1) | RusoFácilapp
https://rusofacilapp.com/es/stories/cmsxtqgms0038qwnc0bg1j700,рассказ,200,да,,да,,на себя,3,2,3,Новая рыбка — cuento en ruso (A1) | RusoFácilapp
https://rusofacilapp.com/es/stories/cmsxtq55q0010qwnclw64fz1g,рассказ,200,да,,да,,на себя,3,2,2,Новый сосед — cuento en ruso (A1) | RusoFácilapp
https://rusofacilapp.com/es/stories/cmsxtqcjd002iqwncgmysiwgf,рассказ,200,да,,да,,на себя,3,2,1,Поход в зоопарк — cuento en ruso (A1) | RusoFácilapp
https://rusofacilapp.com/es/stories/cmsxtqgqm0039qwnc7u9qd5bx,рассказ,200,да,,да,,на себя,3,2,4,Первый гол — cuento en ruso (A1) | RusoFácilapp
https://rusofacilapp.com/es/stories/cmsxtqnjh004lqwncea27ur5u,рассказ,200,да,,да,,на себя,3,2,3,Слишком много воды — cuento en ruso (A1) | RusoFácilapp
https://rusofacilapp.com/es/stories/cmsxtqseu005kqwncl3c77c70,рассказ,200,да,,да,,на себя,3,2,1,Сколько тарелок? — cuento en ruso (A1) | RusoFácilapp
https://rusofacilapp.com/es/stories/cmsxtqrvz005fqwncit15er63,рассказ,200,да,,да,,на себя,3,2,2,Слишком солёный суп — cuento en ruso (A1) | RusoFácilapp
https://rusofacilapp.com/es/stories/cmsxtqaed0022qwnce6cm8c80,рассказ,200,да,,да,,на себя,3,2,3,Секрет бабушкиного пирога — cuento en ruso (A1) | RusoFácilapp
https://rusofacilapp.com/es/stories/cmsxtq2qp000kqwnc93cq9jvx,рассказ,200,да,,да,,на себя,3,2,2,Снегурочка — cuento en ruso (A1) | RusoFácilapp
https://rusofacilapp.com/es/stories/cmsxtqj7l003rqwncjh4nimpr,рассказ,200,да,,да,,на себя,3,2,2,Радуга после дождя — cuento en ruso (A1) | RusoFácilapp
https://rusofacilapp.com/es/stories/cmsxtqo08004qqwnc5d7ohehy,рассказ,200,да,,да,,на себя,3,2,4,Считаем секунды — cuento en ruso (A1) | RusoFácilapp
https://rusofacilapp.com/es/stories/cmsxtqa3o001zqwnch46wwikc,рассказ,200,да,,да,,на себя,3,2,1,Соседский кот — cuento en ruso (A1) | RusoFácilapp
https://rusofacilapp.com/es/stories/cmsxtqidl003jqwncj8hkndm7,рассказ,200,да,,да,,на себя,3,2,4,Трудная задача — cuento en ruso (A1) | RusoFácilapp
https://rusofacilapp.com/es/stories/cmsxtpzwq0000qwnc4a2sstlo,рассказ,200,да,,да,,на себя,3,2,2,Три медведя — cuento en ruso (A1) | RusoFácilapp
https://rusofacilapp.com/es/stories/cmsxtqtjw005pqwncf3qiae3y,рассказ,200,да,,да,,на себя,3,2,3,Шнурки на ботинках — cuento en ruso (A1) | RusoFácilapp
https://rusofacilapp.com/es/stories/cmsxtq05c0002qwncorsxvdwk,рассказ,200,да,2026-08-24T20:03:01.032Z,да,,на себя,3,2,3,Акула — cuento en ruso (A2) | RusoFácilapp
https://rusofacilapp.com/es/stories/cmsxtqco1002jqwnck4msj63l,рассказ,200,да,,да,,на себя,3,2,2,Урок рисования — cuento en ruso (A1) | RusoFácilapp
https://rusofacilapp.com/es/stories/cmsxtqwcd006aqwncaz3bbv20,рассказ,200,да,2026-08-24T20:03:13.565Z,да,,на себя,3,2,3,Встреча с туристом — cuento en ruso (A2) | RusoFácilapp
https://rusofacilapp.com/es/stories/cmsxtr3zh007tqwnc7offxqrr,рассказ,200,да,2026-08-24T20:03:17.037Z,да,,на себя,3,2,3,Встреча выпускников без адреса — cuento en ruso (A2) | RusoFácilapp
https://rusofacilapp.com/es/stories/cmsxtq36e000oqwnc2qy9wng8,рассказ,200,да,2026-08-24T20:03:02.103Z,да,,на себя,3,2,1,Вершки и корешки — cuento en ruso (A2) | RusoFácilapp
https://rusofacilapp.com/es/stories/cmsxtqm03004cqwnc5w464bh4,рассказ,200,да,2026-08-24T20:03:08.388Z,да,,на себя,3,2,2,Билет в два конца — cuento en ruso (A2) | RusoFácilapp
https://rusofacilapp.com/es/stories/cmsxtqq8w0056qwncsdet8d34,рассказ,200,да,2026-08-24T20:03:10.190Z,да,,на себя,3,2,2,Без колёсиков — cuento en ruso (A2) | RusoFácilapp
https://rusofacilapp.com/es/stories/cmsxtq1ad000eqwnc13vvcica,рассказ,200,да,2026-08-24T20:03:01.554Z,да,,на себя,3,2,2,Гуси-лебеди — cuento en ruso (A2) | RusoFácilapp
https://rusofacilapp.com/es/stories/cmsxtqrgc005bqwnc7migevyh,рассказ,200,да,2026-08-24T20:03:10.481Z,да,,на себя,3,2,2,Домик для скворца — cuento en ruso (A2) | RusoFácilapp
https://rusofacilapp.com/es/stories/cmsxtr5sr0083qwnchsaj11un,рассказ,200,да,2026-08-24T20:03:18.639Z,да,,на себя,3,2,2,День без телефона — cuento en ruso (A2) | RusoFácilapp
https://rusofacilapp.com/es/stories/cmsxtqgtw003aqwnc3887w8ff,рассказ,200,да,2026-08-24T20:03:05.159Z,да,,на себя,3,2,2,Гаражная распродажа — cuento en ruso (A2) | RusoFácilapp
https://rusofacilapp.com/es/stories/cmsxtqg5y0033qwnccjoas3fg,рассказ,200,да,2026-08-24T20:03:04.742Z,да,,на себя,3,2,3,Заблудившийся турист — cuento en ruso (A2) | RusoFácilapp
https://rusofacilapp.com/es/stories/cmsxtqbzi002cqwncreao75xw,рассказ,200,да,2026-08-24T20:03:03.812Z,да,,на себя,3,2,2,Забытый зонтик — cuento en ruso (A2) | RusoFácilapp
https://rusofacilapp.com/es/stories/cmsxtqc9p002fqwnc74azyric,рассказ,200,да,2026-08-24T20:03:03.986Z,да,,на себя,3,2,2,Дым на кухне — cuento en ruso (A2) | RusoFácilapp
https://rusofacilapp.com/es/stories/cmsxtqunr0060qwncvdzvm1xk,рассказ,200,да,2026-08-24T20:03:12.965Z,да,,на себя,3,2,2,Забытый студенческий — cuento en ruso (A2) | RusoFácilapp
https://rusofacilapp.com/es/stories/cmsxtqbbx0025qwncqnfr3mqj,рассказ,200,да,2026-08-24T20:03:03.640Z,да,,на себя,3,2,2,Забытый день рождения — cuento en ruso (A2) | RusoFácilapp
https://rusofacilapp.com/es/stories/cmsxtq02a0001qwnc9uuivqak,рассказ,200,да,2026-08-24T20:03:00.978Z,да,,на себя,3,2,3,Косточка — cuento en ruso (A2) | RusoFácilapp
https://rusofacilapp.com/es/stories/cmsxtqpsh0051qwnc21owdy30,рассказ,200,да,2026-08-24T20:03:09.901Z,да,,на себя,3,2,2,Костюм в последний момент — cuento en ruso (A2) | RusoFácilapp
https://rusofacilapp.com/es/stories/cmsxtqhfd003gqwncwnv3npfz,рассказ,200,да,2026-08-24T20:03:05.523Z,да,,на себя,3,2,2,Кот соседки — cuento en ruso (A2) | RusoFácilapp
https://rusofacilapp.com/es/stories/cmsxtr31c007jqwnch225sypu,рассказ,200,да,2026-08-24T20:03:16.430Z,да,,на себя,3,2,3,Зонт остался в кафе — cuento en ruso (A2) | RusoFácilapp
https://rusofacilapp.com/es/stories/cmsxtr1e90079qwncbfvxaiqr,рассказ,200,да,2026-08-24T20:03:15.840Z,да,,на себя,3,2,2,Кот убежал из дома — cuento en ruso (A2) | RusoFácilapp
https://rusofacilapp.com/es/stories/cmsxtr1uh007eqwnc2jaylqyp,рассказ,200,да,2026-08-24T20:03:16.157Z,да,,на себя,3,2,3,Друг забыл про день рождения — cuento en ruso (A2) | RusoFácilapp
https://rusofacilapp.com/es/stories/cmsxtr3iw007oqwncurv5of4l,рассказ,200,да,2026-08-24T20:03:16.727Z,да,,на себя,3,2,3,Забытые перчатки в автобусе — cuento en ruso (A2) | RusoFácilapp
https://rusofacilapp.com/es/stories/cmsxtqnmp004mqwnctg0aqgkr,рассказ,200,да,2026-08-24T20:03:08.976Z,да,,на себя,3,2,1,Мастер-класс для новичков — cuento en ruso (A2) | RusoFácilapp
https://rusofacilapp.com/es/stories/cmsxtqrz0005gqwnc9av1je5e,рассказ,200,да,2026-08-24T20:03:10.779Z,да,,на себя,3,2,3,Забытый пароль — cuento en ruso (A2) | RusoFácilapp
https://rusofacilapp.com/es/stories/cmsxtqynk006pqwncax2v7dmz,рассказ,200,да,2026-08-24T20:03:14.574Z,да,,на себя,3,2,3,Заряд для важного звонка — cuento en ruso (A2) | RusoFácilapp
https://rusofacilapp.com/es/stories/cmsxtq2bt000gqwncxnbngpin,рассказ,200,да,2026-08-24T20:03:01.691Z,да,,на себя,3,2,1,Каша из топора — cuento en ruso (A2) | RusoFácilapp
https://rusofacilapp.com/es/stories/cmsxtq23y000fqwnc9l684amc,рассказ,200,да,2026-08-24T20:03:01.621Z,да,,на себя,3,2,2,Маша и медведь — cuento en ruso (A2) | RusoFácilapp
https://rusofacilapp.com/es/stories/cmsxtqg1a0032qwnceex3gvr9,рассказ,200,да,2026-08-24T20:03:04.684Z,да,,на себя,3,2,3,Клубничный вор — cuento en ruso (A2) | RusoFácilapp
https://rusofacilapp.com/es/stories/cmsxtq32z000nqwnc6u5tchdj,рассказ,200,да,2026-08-24T20:03:02.048Z,да,,на себя,3,2,1,Лиса и журавль — cuento en ruso (A2) | RusoFácilapp
https://rusofacilapp.com/es/stories/cmsxtqiwr003oqwncuyfg63wa,рассказ,200,да,2026-08-24T20:03:06.960Z,да,,на себя,3,2,3,Неправильный автобус — cuento en ruso (A2) | RusoFácilapp
https://rusofacilapp.com/es/stories/cmsxtqtn8005qqwnce3u9lrmb,рассказ,200,да,2026-08-24T20:03:11.380Z,да,,на себя,3,2,3,Лишний билет — cuento en ruso (A2) | RusoFácilapp
https://rusofacilapp.com/es/stories/cmsxtqky50042qwnct559lm8c,рассказ,200,да,2026-08-24T20:03:07.795Z,да,,на себя,3,2,2,Обед без денег — cuento en ruso (A2) | RusoFácilapp
https://rusofacilapp.com/es/stories/cmsxtqu5o005vqwncndwxdh8t,рассказ,200,да,2026-08-24T20:03:12.651Z,да,,на себя,3,2,2,Обувь не по размеру — cuento en ruso (A2) | RusoFácilapp
https://rusofacilapp.com/es/stories/cmsxtr7ux008iqwnci2xtmwd5,рассказ,200,да,2026-08-24T20:03:19.541Z,да,,на себя,3,2,3,Ошибка в бронировании номера — cuento en ruso (A2) | RusoFácilapp
https://rusofacilapp.com/es/stories/cmsxtq5gi0013qwncpaeazv9y,рассказ,200,да,2026-08-24T20:03:02.785Z,да,,на себя,3,2,1,Ошибка в заказе — cuento en ruso (A2) | RusoFácilapp
https://rusofacilapp.com/es/stories/cmsxtr7gf008dqwncqvv8q292,рассказ,200,да,2026-08-24T20:03:19.257Z,да,,на себя,3,2,3,Ошибка в счёте за электричество — cuento en ruso (A2) | RusoFácilapp
https://rusofacilapp.com/es/stories/cmsxtqshy005lqwnc398trnpo,рассказ,200,да,2026-08-24T20:03:11.057Z,да,,на себя,3,2,3,Перепутанные книги — cuento en ruso (A2) | RusoFácilapp
https://rusofacilapp.com/es/stories/cmsxtqz67006uqwncdxdnpwnx,рассказ,200,да,2026-08-24T20:03:14.888Z,да,,на себя,3,2,2,"Одна свадьба, одно такси — cuento en ruso (A2) | RusoFácilapp"
https://rusofacilapp.com/es/stories/cmsxtqy5s006kqwnc9t88nm3x,рассказ,200,да,2026-08-24T20:03:14.291Z,да,,на себя,3,2,3,Одинаковые костюмы — cuento en ruso (A2) | RusoFácilapp
https://rusofacilapp.com/es/stories/cmsxtqh45003dqwnciductmpf,рассказ,200,да,2026-08-24T20:03:05.345Z,да,,на себя,3,2,2,Попугай Кеша — cuento en ruso (A2) | RusoFácilapp
https://rusofacilapp.com/es/stories/cmsxtqzoh006zqwnccixgjbko,рассказ,200,да,2026-08-24T20:03:15.257Z,да,,на себя,3,2,2,Пельмени с нуля — cuento en ruso (A2) | RusoFácilapp
https://rusofacilapp.com/es/stories/cmsxtr569007yqwnci0jgstpi,рассказ,200,да,2026-08-24T20:03:17.341Z,да,,на себя,3,2,2,Пирог для новых соседей — cuento en ruso (A2) | RusoFácilapp
https://rusofacilapp.com/es/stories/cmsxtqdpk002nqwncuv4oejsi,рассказ,200,да,2026-08-24T20:03:04.468Z,да,,на себя,3,2,3,Первый день в спортзале — cuento en ruso (A2) | RusoFácilapp
https://rusofacilapp.com/es/stories/cmsxtr6ax0088qwnca26hoosi,рассказ,200,да,2026-08-24T20:03:18.930Z,да,,на себя,3,2,2,Первый урок танцев — cuento en ruso (A2) | RusoFácilapp
https://rusofacilapp.com/es/stories/cmsxtqv6h0065qwncc983nl50,рассказ,200,да,2026-08-24T20:03:13.272Z,да,,на себя,3,2,2,Разница во времени — cuento en ruso (A2) | RusoFácilapp
https://rusofacilapp.com/es/stories/cmsxtqpca004wqwncmma2h364,рассказ,200,да,2026-08-24T20:03:09.617Z,да,,на себя,3,2,2,Разговор без слов — cuento en ruso (A2) | RusoFácilapp
https://rusofacilapp.com/es/stories/cmsxtqihu003kqwncqsl5xjs5,рассказ,200,да,2026-08-24T20:03:06.731Z,да,,на себя,3,2,3,Пятно на скатерти — cuento en ruso (A2) | RusoFácilapp
https://rusofacilapp.com/es/stories/cmszq4fad0001pkncqmc9lshi,рассказ,200,да,2026-08-24T20:03:20.102Z,да,,на себя,3,2,2,Посылка не по адресу — cuento en ruso (A2) | RusoFácilapp
https://rusofacilapp.com/es/stories/cmsxtqo39004rqwncffoewppr,рассказ,200,да,2026-08-24T20:03:09.335Z,да,,на себя,3,2,2,Пять минут до автобуса — cuento en ruso (A2) | RusoFácilapp
https://rusofacilapp.com/es/stories/cmsxtq39w000pqwnc9q3uvwdi,рассказ,200,да,2026-08-24T20:03:02.161Z,да,,на себя,3,2,1,Прыжок — cuento en ruso (A2) | RusoFácilapp
https://rusofacilapp.com/es/stories/cmsxtqkhy003xqwnc11kyf3n9,рассказ,200,да,2026-08-24T20:03:07.508Z,да,,на себя,3,2,2,Сломанные наушники — cuento en ruso (A2) | RusoFácilapp
https://rusofacilapp.com/es/stories/cmsxtqc5x002eqwncifjk807j,рассказ,200,да,2026-08-24T20:03:03.932Z,да,,на себя,3,2,2,Собака в автобусе — cuento en ruso (A2) | RusoFácilapp
https://rusofacilapp.com/es/stories/cmsxtqwxs006fqwnc1rhy8xtx,рассказ,200,да,2026-08-24T20:03:13.842Z,да,,на себя,3,2,4,Собака с характером — cuento en ruso (A2) | RusoFácilapp
https://rusofacilapp.com/es/stories/cmsxtqaaz0021qwnce074faot,рассказ,200,да,2026-08-24T20:03:03.398Z,да,,на себя,3,2,2,Соседский шум — cuento en ruso (A2) | RusoFácilapp
https://rusofacilapp.com/es/stories/cmsxtqdlq002mqwncsakh63mr,рассказ,200,да,2026-08-24T20:03:04.402Z,да,,на себя,3,2,2,Утерянный багаж — cuento en ruso (A2) | RusoFácilapp
https://rusofacilapp.com/es/stories/cmsxtq0d30004qwnca6mpt9il,рассказ,200,да,2026-08-24T20:03:01.182Z,да,,на себя,3,2,2,Филипок — cuento en ruso (A2) | RusoFácilapp
https://rusofacilapp.com/es/stories/cmsxtqa6y0020qwnclvpzdij8,рассказ,200,да,2026-08-24T20:03:03.337Z,да,,на себя,3,2,2,Утренняя пробежка — cuento en ruso (A2) | RusoFácilapp
https://rusofacilapp.com/es/stories/cmsxtqjbc003sqwncrmhd7h2u,рассказ,200,да,2026-08-24T20:03:07.217Z,да,,на себя,3,2,3,Соревнование по чтению — cuento en ruso (A2) | RusoFácilapp
https://rusofacilapp.com/es/stories/cmsxtqn5u004hqwncphtook2c,рассказ,200,да,2026-08-24T20:03:08.691Z,да,,на себя,3,2,1,Торт с чужим именем — cuento en ruso (A2) | RusoFácilapp
https://rusofacilapp.com/es/stories/cmt07mslu0001bancw3zzf3m2,рассказ,200,да,2026-08-24T20:03:20.386Z,да,,на себя,3,2,3,Чужое пальто из химчистки — cuento en ruso (A2) | RusoFácilapp
https://rusofacilapp.com/es/stories/cmsxtqlgm0047qwncduiuzent,рассказ,200,да,2026-08-24T20:03:08.087Z,да,,на себя,3,2,2,Чужой рюкзак — cuento en ruso (A2) | RusoFácilapp
https://rusofacilapp.com/es/stories/cmsxtr8ab008nqwnchyyexdj8,рассказ,200,да,2026-08-24T20:03:19.826Z,да,,на себя,3,2,4,Чужое место в поезде — cuento en ruso (A2) | RusoFácilapp
https://rusofacilapp.com/es/stories/cmsxtr0vj0074qwnc4oin17ky,рассказ,200,да,2026-08-24T20:03:15.552Z,да,,на себя,3,2,2,Шумные соседи — cuento en ruso (A2) | RusoFácilapp
https://rusofacilapp.com/es/stories/cmsxtqsl3005mqwnc8vzrl1iy,рассказ,200,да,2026-08-24T20:03:11.127Z,да,,на себя,3,2,4,Авария в подвале — cuento en ruso (B1) | RusoFácilapp
https://rusofacilapp.com/es/stories/cmsxtqb8r0024qwncl9dv96wh,рассказ,200,да,2026-08-24T20:03:03.581Z,да,,на себя,3,2,2,Экзамен по вождению — cuento en ruso (A2) | RusoFácilapp
https://rusofacilapp.com/es/stories/cmsxtq5jr0014qwncdx3yl0j6,рассказ,200,да,2026-08-17T22:47:08.439Z,да,,на себя,3,2,1,Потерянный телефон — cuento en ruso (A2) | RusoFácilapp
https://rusofacilapp.com/es/stories/cmsxtqz9c006vqwncjqrsig1n,рассказ,200,да,2026-08-24T20:03:14.944Z,да,,на себя,3,2,3,Внук слесаря — cuento en ruso (B1) | RusoFácilapp
https://rusofacilapp.com/es/stories/cmsxtqccm002gqwnc5yzojutr,рассказ,200,да,2026-08-24T20:03:04.038Z,да,,на себя,3,2,1,Велосипед на чердаке — cuento en ruso (B1) | RusoFácilapp
https://rusofacilapp.com/es/stories/cmsxtqo6n004sqwncqc1mvg77,рассказ,200,да,2026-08-24T20:03:09.391Z,да,,на себя,3,2,1,Вторая жизнь лампы — cuento en ruso (B1) | RusoFácilapp
https://rusofacilapp.com/es/stories/cmsxtq5nd0015qwncrr4do8de,рассказ,200,да,2026-08-24T20:03:02.843Z,да,,на себя,3,2,4,Ворона и Лисица — cuento en ruso (B1) | RusoFácilapp
https://rusofacilapp.com/es/stories/cmsxtqqcq0057qwncdsb2y07o,рассказ,200,да,2026-08-24T20:03:10.247Z,да,,на себя,3,2,4,Деталь от соперников — cuento en ruso (B1) | RusoFácilapp
https://rusofacilapp.com/es/stories/cmsxtqkl5003yqwncaq8f79a2,рассказ,200,да,2026-08-24T20:03:07.567Z,да,,на себя,3,2,3,Гроза на озере — cuento en ruso (B1) | RusoFácilapp
https://rusofacilapp.com/es/stories/cmsxtr7xl008jqwncfur5j96z,рассказ,200,да,2026-08-24T20:03:19.599Z,да,,на себя,3,2,1,Забастовка в день важного собеседования — cuento en ruso (B1)
https://rusofacilapp.com/es/stories/cmsxtr2no007fqwncydf3da07,рассказ,200,да,2026-08-24T20:03:16.212Z,да,,на себя,3,2,2,Заявка на визу — cuento en ruso (B1) | RusoFácilapp
https://rusofacilapp.com/es/stories/cmsxtqmqm004dqwnckehgd4ir,рассказ,200,да,2026-08-24T20:03:08.451Z,да,,на себя,3,2,3,Замена на поле — cuento en ruso (B1) | RusoFácilapp
https://rusofacilapp.com/es/stories/cmsxtq4ow000wqwncjc1k6wny,рассказ,200,да,2026-08-24T20:03:02.330Z,да,,на себя,3,2,3,Кофе на вынос — cuento en ruso (B1) | RusoFácilapp
https://rusofacilapp.com/es/stories/cmsxtq3m8000sqwncldr4gsfr,рассказ,200,да,2026-08-17T22:47:05.936Z,да,,на себя,3,2,1,Кавказский пленник — cuento en ruso (B1) | RusoFácilapp
https://rusofacilapp.com/es/stories/cmsxtr43z007uqwnc9zbq75jk,рассказ,200,да,2026-08-24T20:03:17.102Z,да,,на себя,3,2,1,Волонтёры в приюте для животных — cuento en ruso (B1) | RusoFácilapp
https://rusofacilapp.com/es/stories/cmsxtr34n007kqwnc8dk3qz3o,рассказ,200,да,2026-08-24T20:03:16.484Z,да,,на себя,3,2,2,Курс первой помощи — cuento en ruso (B1) | RusoFácilapp
https://rusofacilapp.com/es/stories/cmsxtqrjp005cqwnc5uva7go1,рассказ,200,да,2026-08-24T20:03:10.539Z,да,,на себя,3,2,2,Забытая посылка — cuento en ruso (B1) | RusoFácilapp
https://rusofacilapp.com/es/stories/cmsxtqjea003tqwncsovfwkv3,рассказ,200,да,2026-08-24T20:03:07.272Z,да,,на себя,3,2,3,Доклад без слайдов — cuento en ruso (B1) | RusoFácilapp
https://rusofacilapp.com/es/stories/cmsxtqvwu0066qwncw3t8zanr,рассказ,200,да,2026-08-24T20:03:13.328Z,да,,на себя,3,2,2,Мастер с детской площадки — cuento en ruso (B1) | RusoFácilapp
https://rusofacilapp.com/es/stories/cmsxtq2fa000hqwncweeepbo4,рассказ,200,да,2026-08-24T20:03:01.769Z,да,,на себя,3,2,2,Лев и собачка — cuento en ruso (B1) | RusoFácilapp
https://rusofacilapp.com/es/stories/cmsxtr8cu008oqwncbps8qfne,рассказ,200,да,2026-08-24T20:03:19.881Z,да,,на себя,3,2,1,Ночь перед юбилеем кафе — cuento en ruso (B1) | RusoFácilapp
https://rusofacilapp.com/es/stories/cmsxtqpvn0052qwncp8uknaql,рассказ,200,да,2026-08-24T20:03:09.955Z,да,,на себя,3,2,4,Не самый большой кабачок — cuento en ruso (B1) | RusoFácilapp
https://rusofacilapp.com/es/stories/cmsxtqi69003hqwnc40kj8i7m,рассказ,200,да,2026-08-24T20:03:06.510Z,да,,на себя,3,2,3,Общий огород — cuento en ruso (B1) | RusoFácilapp
https://rusofacilapp.com/es/stories/cmsxtq3ej000qqwncm23ngvo6,рассказ,200,да,2026-08-24T20:03:02.218Z,да,,на себя,3,2,2,Злоумышленник — cuento en ruso (B1) | RusoFácilapp
https://rusofacilapp.com/es/stories/cmsxtqc2h002dqwncb0r9uqmw,рассказ,200,да,2026-08-24T20:03:03.876Z,да,,на себя,3,2,1,Одна варежка — cuento en ruso (B1) | RusoFácilapp
https://rusofacilapp.com/es/stories/cmsxtqtqn005rqwncwo5fmddv,рассказ,200,да,2026-08-24T20:03:11.443Z,да,,на себя,3,2,4,Одна и та же идея — cuento en ruso (B1) | RusoFácilapp
https://rusofacilapp.com/es/stories/cmsxtr6e80089qwnc7kp6cjyp,рассказ,200,да,2026-08-24T20:03:18.987Z,да,,на себя,3,2,2,Первая смена в кофейне — cuento en ruso (B1) | RusoFácilapp
https://rusofacilapp.com/es/stories/cmsxtq9km001uqwnc6jvq1hak,рассказ,200,да,2026-08-24T20:03:02.957Z,да,,на себя,3,2,1,Пожарные собаки — cuento en ruso (B1) | RusoFácilapp
https://rusofacilapp.com/es/stories/cmt07mslv0002bancd477xu7v,рассказ,200,да,2026-08-24T20:03:20.444Z,да,,на себя,3,2,3,Первый полумарафон — cuento en ruso (B1) | RusoFácilapp
https://rusofacilapp.com/es/stories/cmsxtqyqr006qqwnca6u8st5s,рассказ,200,да,2026-08-24T20:03:14.640Z,да,,на себя,3,2,1,"Плати, сколько можешь — cuento en ruso (B1) | RusoFácilapp"
https://rusofacilapp.com/es/stories/cmsxtr3m1007pqwnc55ibs7pf,рассказ,200,да,2026-08-24T20:03:16.790Z,да,,на себя,3,2,2,Курсы кройки и шитья — cuento en ruso (B1) | RusoFácilapp
https://rusofacilapp.com/es/stories/cmsxtqu9n005wqwncbt7mma3z,рассказ,200,да,2026-08-24T20:03:12.732Z,да,,на себя,3,2,4,Папа по видеосвязи — cuento en ruso (B1) | RusoFácilapp
https://rusofacilapp.com/es/stories/cmsxtq9nu001vqwnc87sy3h1l,рассказ,200,да,2026-08-24T20:03:03.011Z,да,,на себя,3,2,3,Найденный кошелёк — cuento en ruso (B1) | RusoFácilapp
https://rusofacilapp.com/es/stories/cmsxtq3hq000rqwncapblli6q,рассказ,200,да,2026-08-24T20:03:02.274Z,да,,на себя,3,2,2,Пересолил — cuento en ruso (B1) | RusoFácilapp
https://rusofacilapp.com/es/stories/cmszq4fae0002pknceyylckpl,рассказ,200,да,2026-08-24T20:03:20.157Z,да,,на себя,3,2,3,Опоздание на репетицию — cuento en ruso (B1) | RusoFácilapp
https://rusofacilapp.com/es/stories/cmsxtqizk003pqwncxbgc0dm8,рассказ,200,да,2026-08-24T20:03:07.016Z,да,,на себя,3,2,3,Порванная струна — cuento en ruso (B1) | RusoFácilapp
https://rusofacilapp.com/es/stories/cmsxtqh8t003eqwncsnq2cgae,рассказ,200,да,2026-08-24T20:03:05.406Z,да,,на себя,3,2,4,Поход выходного дня — cuento en ruso (B1) | RusoFácilapp
https://rusofacilapp.com/es/stories/cmsxtq9rg001wqwncj1e3o9nk,рассказ,200,да,2026-08-24T20:03:03.070Z,да,,на себя,3,2,3,Первый шаг на сцену — cuento en ruso (B1) | RusoFácilapp
https://rusofacilapp.com/es/stories/cmsxtqdsz002oqwncp4q2ku3e,рассказ,200,да,2026-08-24T20:03:04.543Z,да,,на себя,3,2,3,Последний поезд — cuento en ruso (B1) | RusoFácilapp
https://rusofacilapp.com/es/stories/cmsxtqurv0061qwnclwh89k2a,рассказ,200,да,2026-08-24T20:03:13.022Z,да,,на себя,3,2,1,Разносчик газет — cuento en ruso (B1) | RusoFácilapp
https://rusofacilapp.com/es/stories/cmsxtr1ha007aqwnc8men8hy7,рассказ,200,да,2026-08-24T20:03:15.895Z,да,,на себя,3,2,2,Собеседование на новую работу — cuento en ruso (B1) | RusoFácilapp
https://rusofacilapp.com/es/stories/cmsxtqy9c006lqwnc5ycvs49b,рассказ,200,да,2026-08-24T20:03:14.350Z,да,,на себя,3,2,1,Свидание вслепую с книгой — cuento en ruso (B1) | RusoFácilapp
https://rusofacilapp.com/es/stories/cmsxtr5di007zqwnch0ct3h94,рассказ,200,да,2026-08-24T20:03:17.402Z,да,,на себя,3,2,1,Ремонт крыши после урагана — cuento en ruso (B1) | RusoFácilapp
https://rusofacilapp.com/es/stories/cmsxtr0hg0070qwncn7jx57au,рассказ,200,да,2026-08-24T20:03:15.328Z,да,,на себя,3,2,3,Ремонт велосипеда — cuento en ruso (B1) | RusoFácilapp
https://rusofacilapp.com/es/stories/cmsxtqcfy002hqwnciitvaa2h,рассказ,200,да,2026-08-24T20:03:04.095Z,да,,на себя,3,2,2,Собеседование мечты — cuento en ruso (B1) | RusoFácilapp
https://rusofacilapp.com/es/stories/cmsxtqwim006bqwnc45p2v3rt,рассказ,200,да,2026-08-24T20:03:13.623Z,да,,на себя,3,2,2,Сбор для Марины — cuento en ruso (B1) | RusoFácilapp
https://rusofacilapp.com/es/stories/cmsxtq09r0003qwncbmiro935,рассказ,200,да,2026-08-27T15:52:14.607Z,да,,на себя,3,2,4,Сказка о рыбаке и рыбке — cuento en ruso (B1) | RusoFácilapp
https://rusofacilapp.com/es/stories/cmsxtqn96004iqwncuza5a7nk,рассказ,200,да,2026-08-24T20:03:08.745Z,да,,на себя,3,2,3,Сигнал в грозу — cuento en ruso (B1) | RusoFácilapp
https://rusofacilapp.com/es/stories/cmsxtqs3a005hqwnc15l2fmbs,рассказ,200,да,2026-08-24T20:03:10.836Z,да,,на себя,3,2,1,Спор из-за забора — cuento en ruso (B1) | RusoFácilapp
https://rusofacilapp.com/es/stories/cmsxtqg9c0034qwncte746c35,рассказ,200,да,2026-08-24T20:03:04.799Z,да,,на себя,3,2,1,Соперницы в кондитерской — cuento en ruso (B1) | RusoFácilapp
https://rusofacilapp.com/es/stories/cmsxtq4ta000xqwncxq8z43tk,рассказ,200,да,2026-08-24T20:03:02.386Z,да,,на себя,3,2,4,Соседка сверху — cuento en ruso (B1) | RusoFácilapp
https://rusofacilapp.com/es/stories/cmsxtr7jd008eqwnctt3hubpt,рассказ,200,да,2026-08-24T20:03:19.317Z,да,,на себя,3,2,2,Скинулись на новый лифт — cuento en ruso (B1) | RusoFácilapp
https://rusofacilapp.com/es/stories/cmsxtq5qv0016qwncw16ecuru,рассказ,200,да,2026-08-24T20:03:02.900Z,да,,на себя,3,2,2,Стрекоза и Муравей — cuento en ruso (B1) | RusoFácilapp
https://rusofacilapp.com/es/stories/cmsxtqnqw004nqwnctu58f9zi,рассказ,200,да,2026-08-24T20:03:09.034Z,да,,на себя,3,2,2,Стук на повороте — cuento en ruso (B1) | RusoFácilapp
https://rusofacilapp.com/es/stories/cmsxtqpff004xqwncn775aybm,рассказ,200,да,2026-08-24T20:03:09.676Z,да,,на себя,3,2,3,Стриж на балконе — cuento en ruso (B1) | RusoFácilapp
https://rusofacilapp.com/es/stories/cmsxtqdvx002pqwnc3nonl9m3,рассказ,200,да,2026-08-24T20:03:04.616Z,да,,на себя,3,2,2,Спор из-за пульта — cuento en ruso (B1) | RusoFácilapp
https://rusofacilapp.com/es/stories/cmsxtq0mn0007qwncc1mkgl2c,рассказ,200,да,2026-08-24T20:03:01.378Z,да,,на себя,3,2,1,Толстый и тонкий — cuento en ruso (B1) | RusoFácilapp
https://rusofacilapp.com/es/stories/cmsxtqgci0035qwncwgo5vmse,рассказ,200,да,2026-08-24T20:03:04.851Z,да,,на себя,3,2,2,Тихий напарник — cuento en ruso (B1) | RusoFácilapp
https://rusofacilapp.com/es/stories/cmsxtr5vx0084qwncu97mxf3i,рассказ,200,да,2026-08-24T20:03:18.701Z,да,,на себя,3,2,2,Урок кулинарии по видеозвонку — cuento en ruso (B1) | RusoFácilapp
https://rusofacilapp.com/es/stories/cmsxtqgy4003bqwncxd4332gz,рассказ,200,да,2026-08-24T20:03:05.217Z,да,,на себя,3,2,4,Урок от дочери — cuento en ruso (B1) | RusoFácilapp
https://rusofacilapp.com/es/stories/cmsxtqlko0048qwnctsqtc2le,рассказ,200,да,2026-08-24T20:03:08.146Z,да,,на себя,3,2,2,Честный отказ — cuento en ruso (B1) | RusoFácilapp
https://rusofacilapp.com/es/stories/cmsxtq0pp0008qwncp8zeg0ij,рассказ,200,да,2026-08-17T22:47:02.173Z,да,,на себя,3,2,1,Хамелеон — cuento en ruso (B1) | RusoFácilapp
https://rusofacilapp.com/es/stories/cmsxtr0z80075qwnc16mcnwpo,рассказ,200,да,2026-08-24T20:03:15.608Z,да,,на себя,3,2,3,Чемодан не долетел — cuento en ruso (B1) | RusoFácilapp
https://rusofacilapp.com/es/stories/cmsxtqil2003lqwnc2pd5kouk,рассказ,200,да,2026-08-24T20:03:06.790Z,да,,на себя,3,2,1,Травма перед финалом — cuento en ruso (B1) | RusoFácilapp
https://rusofacilapp.com/es/stories/cmsxtq9w7001xqwncpsdyhjdy,рассказ,200,да,2026-08-24T20:03:03.128Z,да,,на себя,3,2,3,Шахматы в парке — cuento en ruso (B1) | RusoFácilapp
https://rusofacilapp.com/es/stories/cmsxtql1j0043qwnc27grrpla,рассказ,200,да,2026-08-24T20:03:07.849Z,да,,на себя,3,2,1,Три попытки входа — cuento en ruso (B1) | RusoFácilapp
https://rusofacilapp.com/es/stories/cmsxtquut0062qwncyl6i2cww,рассказ,200,да,2026-08-24T20:03:13.087Z,да,,на себя,3,2,1,Авария на сайте — cuento en ruso (B2) | RusoFácilapp
https://rusofacilapp.com/es/stories/cmsxtqx0z006gqwnc05e5ck93,рассказ,200,да,2026-08-24T20:03:14.033Z,да,,на себя,3,2,2,Учитель на один день — cuento en ruso (B1) | RusoFácilapp
https://rusofacilapp.com/es/stories/cmsxtq4yx000yqwnc672gqn8w,рассказ,200,да,2026-08-25T02:40:28.927Z,да,,на себя,3,2,2,Алгоритм — cuento en ruso (B2) | RusoFácilapp
https://rusofacilapp.com/es/stories/cmsxtr1kq007bqwnc78u9ar68,рассказ,200,да,2026-08-24T20:03:15.952Z,да,,на себя,3,2,2,Благотворительный концерт студентов — cuento en ruso (B2)
https://rusofacilapp.com/es/stories/cmsxtq2nm000jqwncg26mu94q,рассказ,200,да,2026-08-25T02:40:28.636Z,да,,на себя,3,2,2,Воробей — cuento en ruso (B2) | RusoFácilapp
https://rusofacilapp.com/es/stories/cmsxtq529000zqwncni4680kh,рассказ,200,да,2026-08-25T02:40:29.001Z,да,,на себя,3,2,2,Голос из прошлого — cuento en ruso (B2) | RusoFácilapp
https://rusofacilapp.com/es/stories/cmsxtq0gh0005qwncjblja933,рассказ,200,да,2026-08-25T02:40:28.444Z,да,,на себя,3,2,5,Ванька — cuento en ruso (B2) | RusoFácilapp
https://rusofacilapp.com/es/stories/cmsxtq9fw001tqwnczs6dvfr9,рассказ,200,да,2026-08-25T02:40:29.388Z,да,,на себя,3,2,4,Бабушка на связи — cuento en ruso (B2) | RusoFácilapp
https://rusofacilapp.com/es/stories/cmsxtqftv0030qwncbj9ko4q9,рассказ,200,да,2026-08-25T02:40:30.079Z,да,,на себя,3,2,3,Анонимная записка — cuento en ruso (B2) | RusoFácilapp
https://rusofacilapp.com/es/stories/cmsxtqnu2004oqwnc97tqklja,рассказ,200,да,2026-08-24T20:03:09.103Z,да,,на себя,3,2,1,Балконный сад — cuento en ruso (B2) | RusoFácilapp
https://rusofacilapp.com/es/stories/cmsxtqbhv0027qwncdk391jg4,рассказ,200,да,2026-08-25T02:40:29.507Z,да,,на себя,3,2,2,Голос совести — cuento en ruso (B2) | RusoFácilapp
https://rusofacilapp.com/es/stories/cmsxtq3q8000tqwnceo76o3q8,рассказ,200,да,2026-08-25T02:40:28.715Z,да,,на себя,3,2,1,Дама с собачкой — cuento en ruso (B2) | RusoFácilapp
https://rusofacilapp.com/es/stories/cmsxtqbeq0026qwncke8rtwid,рассказ,200,да,2026-08-25T02:40:29.445Z,да,,на себя,3,2,2,Данко — cuento en ruso (B2) | RusoFácilapp
https://rusofacilapp.com/es/stories/cmsxtqko9003zqwncf354nwva,рассказ,200,да,2026-08-25T02:40:30.269Z,да,,на себя,3,2,2,Дневник прабабушки — cuento en ruso (B2) | RusoFácilapp
https://rusofacilapp.com/es/stories/cmt07mslv0003banc915aqudl,рассказ,200,да,2026-08-24T20:03:20.499Z,да,,на себя,3,2,3,Жестовый перевод на концерте — cuento en ruso (B2) | RusoFácilapp
https://rusofacilapp.com/es/stories/cmsxtqmu9004eqwncbpld7qa4,рассказ,200,да,2026-08-25T02:40:30.445Z,да,,на себя,3,2,2,Двойное свидание — cuento en ruso (B2) | RusoFácilapp
https://rusofacilapp.com/es/stories/cmsxtqp05004tqwnck0oqlkob,рассказ,200,да,2026-08-24T20:03:09.446Z,да,,на себя,3,2,1,Коса для внучки — cuento en ruso (B2) | RusoFácilapp
https://rusofacilapp.com/es/stories/cmsxtqx4p006hqwnc3ufgzj0x,рассказ,200,да,2026-08-24T20:03:14.098Z,да,,на себя,3,2,3,Доставка под дождём — cuento en ruso (B2) | RusoFácilapp
https://rusofacilapp.com/es/stories/cmsxtr7mc008fqwncvamyyb7e,рассказ,200,да,2026-08-24T20:03:19.369Z,да,,на себя,3,2,3,Дебютный проект — cuento en ruso (B2) | RusoFácilapp
https://rusofacilapp.com/es/stories/cmsxtqwm0006cqwncpctc0w08,рассказ,200,да,2026-08-24T20:03:13.680Z,да,,на себя,3,2,3,Звонок в прямом эфире — cuento en ruso (B2) | RusoFácilapp
https://rusofacilapp.com/es/stories/cmsxtr2qg007gqwncvbyrpls1,рассказ,200,да,2026-08-24T20:03:16.265Z,да,,на себя,3,2,2,Мастер-класс по резьбе по дереву — cuento en ruso (B2) | RusoFácilapp
https://rusofacilapp.com/es/stories/cmsxtq5u70017qwncuq2bbr5j,рассказ,200,да,2026-08-25T02:40:29.062Z,да,,на себя,3,2,2,Морозко — cuento en ruso (B2) | RusoFácilapp
https://rusofacilapp.com/es/stories/cmsxtq4gl000uqwncuk4shlmy,рассказ,200,да,2026-08-25T02:40:28.787Z,да,,на себя,3,2,1,Куст сирени — cuento en ruso (B2) | RusoFácilapp
https://rusofacilapp.com/es/stories/cmsxtqeq6002wqwnchnyzj6yc,рассказ,200,да,2026-08-25T02:40:29.812Z,да,,на себя,3,2,3,Ответить всем — cuento en ruso (B2) | RusoFácilapp
https://rusofacilapp.com/es/stories/cmsxtqso3005nqwnciux9uj86,рассказ,200,да,2026-08-24T20:03:11.190Z,да,,на себя,3,2,4,Ошибка нового повара — cuento en ruso (B2) | RusoFácilapp
https://rusofacilapp.com/es/stories/cmsxtqnct004jqwnc5agj56rx,рассказ,200,да,2026-08-25T02:40:30.518Z,да,,на себя,3,2,2,Мягкая правда — cuento en ruso (B2) | RusoFácilapp
https://rusofacilapp.com/es/stories/cmsxtqpig004yqwnc53cpfalb,рассказ,200,да,2026-08-24T20:03:09.737Z,да,,на себя,3,2,3,Общее открытие — cuento en ruso (B2) | RusoFácilapp
https://rusofacilapp.com/es/stories/cmsxtqw0g0067qwncri2zqoho,рассказ,200,да,2026-08-24T20:03:13.389Z,да,,на себя,3,2,3,Ночное дежурство в клинике — cuento en ruso (B2) | RusoFácilapp
https://rusofacilapp.com/es/stories/cmsxtq6qv0018qwnc1thrdvi3,рассказ,200,да,2026-08-25T02:40:29.124Z,да,,на себя,3,2,2,Наследство — cuento en ruso (B2) | RusoFácilapp
https://rusofacilapp.com/es/stories/cmsxtr8fl008pqwnc9rxah0hj,рассказ,200,да,2026-08-24T20:03:19.938Z,да,,на себя,3,2,2,Первый самостоятельный заказ — cuento en ruso (B2) | RusoFácilapp
https://rusofacilapp.com/es/stories/cmsxtqtu8005sqwncxgt39wtd,рассказ,200,да,2026-08-24T20:03:12.453Z,да,,на себя,3,2,2,Письма в стене — cuento en ruso (B2) | RusoFácilapp
https://rusofacilapp.com/es/stories/cmsxtqeu8002xqwncr0syp3uz,рассказ,200,да,2026-08-25T02:40:29.873Z,да,,на себя,3,2,3,Пианино за стеной — cuento en ruso (B2) | RusoFácilapp
https://rusofacilapp.com/es/stories/cmsxtr5ht0080qwncleu129aw,рассказ,200,да,2026-08-24T20:03:18.452Z,да,,на себя,3,2,1,Первый матч женской хоккейной команды — cuento en ruso (B2)
https://rusofacilapp.com/es/stories/cmsxtqbme0028qwncwfcuf5mc,рассказ,200,да,2026-08-25T02:40:29.569Z,да,,на себя,3,2,1,Письмо через двадцать лет — cuento en ruso (B2) | RusoFácilapp
https://rusofacilapp.com/es/stories/cmsxtr3p6007qqwncrxheog7r,рассказ,200,да,2026-08-24T20:03:16.848Z,да,,на себя,3,2,1,Подкаст из бабушкиной кухни — cuento en ruso (B2) | RusoFácilapp
https://rusofacilapp.com/es/stories/cmsxtqyve006rqwncbma3h0f9,рассказ,200,да,2026-08-24T20:03:14.698Z,да,,на себя,3,2,1,Питч для книжного магазина — cuento en ruso (B2) | RusoFácilapp
https://rusofacilapp.com/es/stories/cmsxtqyck006mqwncdmlezxvj,рассказ,200,да,2026-08-24T20:03:14.411Z,да,,на себя,3,2,1,Посадка воздушного шара — cuento en ruso (B2) | RusoFácilapp
https://rusofacilapp.com/es/stories/cmsxtqudm005xqwncosw1c8eh,рассказ,200,да,2026-08-24T20:03:12.792Z,да,,на себя,3,2,1,Раненая ласточка — cuento en ruso (B2) | RusoFácilapp
https://rusofacilapp.com/es/stories/cmsxtr1250076qwncp6jy8wg3,рассказ,200,да,2026-08-24T20:03:15.662Z,да,,на себя,3,2,3,Реставрация старого маяка — cuento en ruso (B2) | RusoFácilapp
https://rusofacilapp.com/es/stories/cmsxtqbpv0029qwnc0vy7m6yl,рассказ,200,да,2026-08-25T02:40:29.632Z,да,,на себя,3,2,1,Последний клиент — cuento en ruso (B2) | RusoFácilapp
https://rusofacilapp.com/es/stories/cmsxtqzcm006wqwncfn843vgj,рассказ,200,да,2026-08-24T20:03:14.999Z,да,,на себя,3,2,3,Последнее кукольное представление — cuento en ruso (B2) | RusoFácilapp
https://rusofacilapp.com/es/stories/cmsxtr46v007vqwncdh8b3l4p,рассказ,200,да,2026-08-24T20:03:17.170Z,да,,на себя,3,2,1,Реставрация старого трамвая — cuento en ruso (B2) | RusoFácilapp
https://rusofacilapp.com/es/stories/cmsxtr807008kqwncd6vl898u,рассказ,200,да,2026-08-24T20:03:19.655Z,да,,на себя,3,2,2,Реставрация дедушкиного автомобиля — cuento en ruso (B2)
https://rusofacilapp.com/es/stories/cmsxtqrnp005dqwncsh49pery,рассказ,200,да,2026-08-24T20:03:10.594Z,да,,на себя,3,2,3,Свет в чужом окне — cuento en ruso (B2) | RusoFácilapp
https://rusofacilapp.com/es/stories/cmsxtqlnt0049qwnc0cvxrs81,рассказ,200,да,2026-08-25T02:40:30.387Z,да,,на себя,3,2,2,Слепая дегустация — cuento en ruso (B2) | RusoFácilapp
https://rusofacilapp.com/es/stories/cmsxtql4x0044qwncgp066ou3,рассказ,200,да,2026-08-25T02:40:30.329Z,да,,на себя,3,2,1,Спасение улья — cuento en ruso (B2) | RusoFácilapp
https://rusofacilapp.com/es/stories/cmsxtqfy30031qwnc7dogiehb,рассказ,200,да,2026-08-25T02:40:30.148Z,да,,на себя,3,2,4,Старая библиотека — cuento en ruso (B2) | RusoFácilapp
https://rusofacilapp.com/es/stories/cmsxtr37q007lqwnceh7frm36,рассказ,200,да,2026-08-24T20:03:16.540Z,да,,на себя,3,2,2,Съёмки любительского фильма — cuento en ruso (B2) | RusoFácilapp
https://rusofacilapp.com/es/stories/cmsxtq0jr0006qwncl47pkzoy,рассказ,200,да,2026-08-25T02:40:28.503Z,да,,на себя,3,2,3,У лукоморья дуб зелёный — cuento en ruso (B2) | RusoFácilapp
https://rusofacilapp.com/es/stories/cmsxtr0kn0071qwncjrs766n9,рассказ,200,да,2026-08-24T20:03:15.384Z,да,,на себя,3,2,3,Фотография обычного дня — cuento en ruso (B2) | RusoFácilapp
https://rusofacilapp.com/es/stories/cmsxtqpyp0053qwnc2x5g3c7f,рассказ,200,да,2026-08-24T20:03:10.008Z,да,,на себя,3,2,3,Слух наполовину — cuento en ruso (B2) | RusoFácilapp
https://rusofacilapp.com/es/stories/cmsxtqexg002yqwncfc8wdzjg,рассказ,200,да,2026-08-25T02:40:29.934Z,да,,на себя,3,2,3,Соседи по общежитию — cuento en ruso (B2) | RusoFácilapp
https://rusofacilapp.com/es/stories/cmsxtq9cr001sqwnc846667c0,рассказ,200,да,2026-08-25T02:40:29.331Z,да,,на себя,3,2,3,Хлеб на всех — cuento en ruso (B2) | RusoFácilapp
https://rusofacilapp.com/es/stories/cmsxtqf0j002zqwnct9xz5av0,рассказ,200,да,2026-08-25T02:40:29.994Z,да,,на себя,3,2,2,Смена профессии — cuento en ruso (B2) | RusoFácilapp
https://rusofacilapp.com/es/stories/cmsxtr60j0085qwncksp8hele,рассказ,200,да,2026-08-24T20:03:18.759Z,да,,на себя,3,2,3,Тайна семейного альбома — cuento en ruso (B2) | RusoFácilapp
https://rusofacilapp.com/es/stories/cmsxtqs6h005iqwncivszt3c5,рассказ,200,да,2026-08-24T20:03:10.890Z,да,,на себя,3,2,4,Стрижка для Барсика — cuento en ruso (B2) | RusoFácilapp
https://rusofacilapp.com/es/stories/cmsxtq2jp000iqwnc68lmkbk6,рассказ,200,да,2026-08-25T02:40:28.558Z,да,,на себя,3,2,3,Тоска — cuento en ruso (B2) | RusoFácilapp
https://rusofacilapp.com/es/stories/cmsxtq4li000vqwnc3fzt0zg8,рассказ,200,да,2026-08-25T02:40:28.863Z,да,,на себя,3,2,1,Тёмные аллеи — cuento en ruso (B2) | RusoFácilapp
https://rusofacilapp.com/es/stories/cmsxtq997001rqwncl6klh2ns,рассказ,200,да,2026-08-25T02:40:29.268Z,да,,на себя,3,2,4,Царевна-лягушка — cuento en ruso (B2) | RusoFácilapp
https://rusofacilapp.com/es/stories/cmsxtr6h6008aqwncu0ho98m7,рассказ,200,да,2026-08-24T20:03:19.054Z,да,,на себя,3,2,3,Экскурсия для незрячих посетителей — cuento en ruso (B2)
https://rusofacilapp.com/es/stories/cmsxtqej8002uqwncqtm4bad0,рассказ,200,да,2026-08-25T02:40:29.691Z,да,,на себя,3,2,1,Языковой обмен — cuento en ruso (B2) | RusoFácilapp
https://rusofacilapp.com/es/stories/cmsxtq7qo001iqwncsd4rbska,рассказ,200,да,2026-08-25T02:40:23.921Z,да,,на себя,3,2,2,Барышня-крестьянка — cuento en ruso (C1) | RusoFácilapp
https://rusofacilapp.com/es/stories/cmsxtqe74002rqwnco3fmsn40,рассказ,200,да,2026-08-25T02:40:24.481Z,да,,на себя,3,2,1,Возвращение к тренеру — cuento en ruso (C1) | RusoFácilapp
https://rusofacilapp.com/es/stories/cmsxtqemo002vqwncl9db3iij,рассказ,200,да,2026-08-25T02:40:29.751Z,да,,на себя,3,2,1,Урок вождения — cuento en ruso (B2) | RusoFácilapp
https://rusofacilapp.com/es/stories/cmsxtqji2003uqwncccsdbw2n,рассказ,200,да,2026-08-25T02:40:30.209Z,да,,на себя,3,2,3,Экскурсия под дождём — cuento en ruso (B2) | RusoFácilapp
https://rusofacilapp.com/es/stories/cmsxtqqg00058qwnc5dr10hdx,рассказ,200,да,2026-08-24T20:03:10.300Z,да,,на себя,3,2,3,Флаеры для дочери — cuento en ruso (B2) | RusoFácilapp
https://rusofacilapp.com/es/stories/cmsxtq94v001qqwnchpxp58co,рассказ,200,да,2026-08-25T02:40:29.208Z,да,,на себя,3,2,2,Хирургия — cuento en ruso (B2) | RusoFácilapp
https://rusofacilapp.com/es/stories/cmszq4fae0003pkncj1tfxq1a,рассказ,200,да,2026-08-24T20:03:20.210Z,да,,на себя,3,2,4,Экзамен ради дедушки — cuento en ruso (B2) | RusoFácilapp
https://rusofacilapp.com/es/stories/cmsxtqtxy005tqwnceo2y58z4,рассказ,200,да,2026-08-25T02:40:25.970Z,да,,на себя,3,2,1,Дрожь в голосе — cuento en ruso (C1) | RusoFácilapp
https://rusofacilapp.com/es/stories/cmsxtq7jo001gqwnc307hyg6t,рассказ,200,да,2026-08-25T02:40:23.791Z,да,,на себя,3,2,1,Второй шанс — cuento en ruso (C1) | RusoFácilapp
https://rusofacilapp.com/es/stories/cmsxtqiaf003iqwncoh0pmccs,рассказ,200,да,2026-08-25T02:40:24.824Z,да,,на себя,3,2,1,Банка со старыми деталями — cuento en ruso (C1) | RusoFácilapp
https://rusofacilapp.com/es/stories/cmsxtqhby003fqwncl3g8rk21,рассказ,200,да,2026-08-25T02:40:24.757Z,да,,на себя,3,2,1,Две сестры — cuento en ruso (C1) | RusoFácilapp
https://rusofacilapp.com/es/stories/cmsxtqh0y003cqwncf10c0zzt,рассказ,200,да,2026-08-25T02:40:24.667Z,да,,на себя,3,2,1,Врачебная ошибка — cuento en ruso (C1) | RusoFácilapp
https://rusofacilapp.com/es/stories/cmsxtqp42004uqwncmhhhk44i,рассказ,200,да,2026-08-25T02:40:25.540Z,да,,на себя,3,2,1,Конфликт интересов — cuento en ruso (C1) | RusoFácilapp
https://rusofacilapp.com/es/stories/cmsxtqng0004kqwncb5xfnhhh,рассказ,200,да,2026-08-25T02:40:25.421Z,да,,на себя,3,2,1,"Кадр, который никто не увидел — cuento en ruso (C1) | RusoFácilapp"
https://rusofacilapp.com/es/stories/cmsxtq8ba001oqwncr3kolun4,рассказ,200,да,2026-08-25T02:40:24.294Z,да,,на себя,3,2,1,Голос за кадром — cuento en ruso (C1) | RusoFácilapp
https://rusofacilapp.com/es/stories/cmsxtq7fh001fqwnc4gq7cxsa,рассказ,200,да,2026-08-25T02:40:23.729Z,да,,на себя,3,2,1,Лапти — cuento en ruso (C1) | RusoFácilapp
https://rusofacilapp.com/es/stories/cmsxtqnww004pqwncw02n7egj,рассказ,200,да,2026-08-25T02:40:25.477Z,да,,на себя,3,2,1,Дирижёрское решение — cuento en ruso (C1) | RusoFácilapp
https://rusofacilapp.com/es/stories/cmsxtqplv004zqwnc9kr7mrci,рассказ,200,да,2026-08-25T02:40:25.599Z,да,,на себя,3,2,1,Курган над рекой — cuento en ruso (C1) | RusoFácilapp
https://rusofacilapp.com/es/stories/cmsxtq916001pqwnc1dk9qc9p,рассказ,200,да,2026-08-25T02:40:24.355Z,да,,на себя,3,2,1,Дуэт в переходе — cuento en ruso (C1) | RusoFácilapp
https://rusofacilapp.com/es/stories/cmsxtq6xq001aqwnc2lkspcr3,рассказ,200,да,2026-08-25T02:40:23.421Z,да,,на себя,3,2,1,Левша — cuento en ruso (C1) | RusoFácilapp
https://rusofacilapp.com/es/stories/cmsxtq6u60019qwncsrzc8944,рассказ,200,да,2026-08-25T02:40:23.324Z,да,,на себя,3,2,1,Летучий корабль — cuento en ruso (C1) | RusoFácilapp
https://rusofacilapp.com/es/stories/cmsxtr5lt0081qwncrga3xrj2,рассказ,200,да,2026-08-25T02:40:26.956Z,да,,на себя,3,2,1,"Здоровые, но лишние — cuento en ruso (C1) | RusoFácilapp"
https://rusofacilapp.com/es/stories/cmsxtr84e008lqwncb1dk5npx,рассказ,200,да,2026-08-25T02:40:28.211Z,да,,на себя,3,2,1,Ловушки в заповеднике — cuento en ruso (C1) | RusoFácilapp
https://rusofacilapp.com/es/stories/cmsxtr7p1008gqwncph9zxag5,рассказ,200,да,2026-08-25T02:40:28.148Z,да,,на себя,3,2,1,Лишний год — cuento en ruso (C1) | RusoFácilapp
https://rusofacilapp.com/es/stories/cmsxtq7uj001jqwncw6pltd9p,рассказ,200,да,2026-08-25T02:40:23.983Z,да,,на себя,3,2,2,Ночь перед Рождеством — cuento en ruso (C1) | RusoFácilapp
https://rusofacilapp.com/es/stories/cmsxtq7b5001eqwncr5iy6j2r,рассказ,200,да,2026-08-25T02:40:23.667Z,да,,на себя,3,2,1,Муму — cuento en ruso (C1) | RusoFácilapp
https://rusofacilapp.com/es/stories/cmsxtqugw005yqwnccu05ytio,рассказ,200,да,2026-08-25T02:40:26.038Z,да,,на себя,3,2,1,Перевод без переводчика — cuento en ruso (C1) | RusoFácilapp
https://rusofacilapp.com/es/stories/cmsxtr1nt007cqwncmnfj1929,рассказ,200,да,2026-08-25T02:40:26.655Z,да,,на себя,3,2,1,Обещание анонимности — cuento en ruso (C1) | RusoFácilapp
https://rusofacilapp.com/es/stories/cmsxtr79b008bqwnc5ksuf35h,рассказ,200,да,2026-08-25T02:40:27.094Z,да,,на себя,3,2,1,Ошибка в формуле выплат — cuento en ruso (C1) | RusoFácilapp
https://rusofacilapp.com/es/stories/cmsxtqipu003mqwnc91qqh0ll,рассказ,200,да,2026-08-25T02:40:24.882Z,да,,на себя,3,2,1,Плейлист для свадьбы — cuento en ruso (C1) | RusoFácilapp
https://rusofacilapp.com/es/stories/cmsxtq84l001mqwncquns07iu,рассказ,200,да,2026-08-25T02:40:24.171Z,да,,на себя,3,2,1,"Повесть о том, как один мужик двух генералов прокормил — cuento (C1)"
https://rusofacilapp.com/es/stories/cmsxtr0o20072qwnczwpyawa7,рассказ,200,да,2026-08-25T02:40:26.538Z,да,,на себя,3,2,1,Перевод без прикрас — cuento en ruso (C1) | RusoFácilapp
https://rusofacilapp.com/es/stories/cmsxtqmxd004fqwnchcthrgsx,рассказ,200,да,2026-08-25T02:40:25.298Z,да,,на себя,3,2,1,Последние сто метров — cuento en ruso (C1) | RusoFácilapp
https://rusofacilapp.com/es/stories/cmsxtqe1e002qqwncjfve8nnr,рассказ,200,да,2026-08-25T02:40:24.419Z,да,,на себя,3,2,1,Последний маяк — cuento en ruso (C1) | RusoFácilapp
https://rusofacilapp.com/es/stories/cmsxtq74u001cqwncbywow3s2,рассказ,200,да,2026-08-25T02:40:23.543Z,да,,на себя,3,2,1,Последнее письмо — cuento en ruso (C1) | RusoFácilapp
https://rusofacilapp.com/es/stories/cmsxtq7xy001kqwnctzz5hrme,рассказ,200,да,2026-08-25T02:40:24.047Z,да,,на себя,3,2,1,Последний урок — cuento en ruso (C1) | RusoFácilapp
https://rusofacilapp.com/es/stories/cmszq4faf0004pknc8ajyhcex,рассказ,200,да,2026-08-25T02:40:28.328Z,да,,на себя,3,2,1,Правда за кадром — cuento en ruso (C1) | RusoFácilapp
https://rusofacilapp.com/es/stories/cmsxtr2tj007hqwncyzussa5z,рассказ,200,да,2026-08-25T02:40:26.716Z,да,,на себя,3,2,1,Право на молчание — cuento en ruso (C1) | RusoFácilapp
https://rusofacilapp.com/es/stories/cmsxtqsri005oqwnc7pa4zdta,рассказ,200,да,2026-08-25T02:40:25.914Z,да,,на себя,3,2,1,Право на историю — cuento en ruso (C1) | RusoFácilapp
https://rusofacilapp.com/es/stories/cmt07mslw0004banckzxrbbr6,рассказ,200,да,2026-08-25T02:40:28.384Z,да,,на себя,3,2,1,Подделка в винном погребе — cuento en ruso (C1) | RusoFácilapp
https://rusofacilapp.com/es/stories/cmsxtqef7002tqwncjtrytisx,рассказ,200,да,2026-08-25T02:40:24.596Z,да,,на себя,3,2,1,Почтальон и молчаливый дом — cuento en ruso (C1) | RusoFácilapp
https://rusofacilapp.com/es/stories/cmsxtqw4d0068qwnczypypipq,рассказ,200,да,2026-08-25T02:40:26.174Z,да,,на себя,3,2,1,Право оставаться дома — cuento en ruso (C1) | RusoFácilapp
https://rusofacilapp.com/es/stories/cmsxtr3b2007mqwncty4xdc6r,рассказ,200,да,2026-08-25T02:40:26.779Z,да,,на себя,3,2,1,Скрытая переменная — cuento en ruso (C1) | RusoFácilapp
https://rusofacilapp.com/es/stories/cmsxtr16s0077qwnct3km2h83,рассказ,200,да,2026-08-25T02:40:26.594Z,да,,на себя,3,2,1,Право не знать — cuento en ruso (C1) | RusoFácilapp
https://rusofacilapp.com/es/stories/cmsxtqjle003vqwncai08sv9o,рассказ,200,да,2026-08-25T02:40:25.010Z,да,,на себя,3,2,1,Пшеничное поле — cuento en ruso (C1) | RusoFácilapp
https://rusofacilapp.com/es/stories/cmsxtqkrk0040qwncy19itc37,рассказ,200,да,2026-08-25T02:40:25.071Z,да,,на себя,3,2,1,Рассказы под псевдонимом — cuento en ruso (C1) | RusoFácilapp
https://rusofacilapp.com/es/stories/cmsxtqsb7005jqwnc4nwbbinj,рассказ,200,да,2026-08-25T02:40:25.860Z,да,,на себя,3,2,1,Скамейка для сына — cuento en ruso (C1) | RusoFácilapp
https://rusofacilapp.com/es/stories/cmsxtqyzl006sqwncqhvycitt,рассказ,200,да,2026-08-25T02:40:26.418Z,да,,на себя,3,2,1,Слой под картиной — cuento en ruso (C1) | RusoFácilapp
https://rusofacilapp.com/es/stories/cmsxtqq1y0054qwnczzl6gwzw,рассказ,200,да,2026-08-25T02:40:25.659Z,да,,на себя,3,2,1,Спасти лозу — cuento en ruso (C1) | RusoFácilapp
https://rusofacilapp.com/es/stories/cmsxtq71p001bqwncldp08jtx,рассказ,200,да,2026-08-25T02:40:23.480Z,да,,на себя,3,2,1,Скрипка Ротшильда — cuento en ruso (C1) | RusoFácilapp
https://rusofacilapp.com/es/stories/cmsxtql9m0045qwnctjymsckg,рассказ,200,да,2026-08-25T02:40:25.130Z,да,,на себя,3,2,1,Слепое пятно алгоритма — cuento en ruso (C1) | RusoFácilapp
https://rusofacilapp.com/es/stories/cmsxtr8iz008qqwncgjv1uhak,рассказ,200,да,2026-08-25T02:40:28.270Z,да,,на себя,3,2,1,Срок эмбарго — cuento en ruso (C1) | RusoFácilapp
https://rusofacilapp.com/es/stories/cmsxtqx7r006iqwncxmhf2m3p,рассказ,200,да,2026-08-25T02:40:26.295Z,да,,на себя,3,2,1,Продуманное поражение — cuento en ruso (C1) | RusoFácilapp
https://rusofacilapp.com/es/stories/cmsxtq77x001dqwncgkzoypl1,рассказ,200,да,2026-08-25T02:40:23.603Z,да,,на себя,3,2,1,Родной язык — cuento en ruso (C1) | RusoFácilapp
https://rusofacilapp.com/es/stories/cmsxtqzhe006xqwncjs7xdyh1,рассказ,200,да,2026-08-25T02:40:26.482Z,да,,на себя,3,2,1,"Слова, которые стесняются — cuento en ruso (C1) | RusoFácilapp"
https://rusofacilapp.com/es/stories/cmsxtqlr3004aqwncaln307e0,рассказ,200,да,2026-08-25T02:40:25.237Z,да,,на себя,3,2,1,Тень старой статьи — cuento en ruso (C1) | RusoFácilapp
https://rusofacilapp.com/es/stories/cmsxtq87j001nqwncbcss7i6j,рассказ,200,да,2026-08-25T02:40:24.230Z,да,,на себя,3,2,1,Три вопроса — cuento en ruso (C1) | RusoFácilapp
https://rusofacilapp.com/es/stories/cmsxtr3tb007rqwncrwu6hbq1,рассказ,200,да,2026-08-25T02:40:26.837Z,да,,на себя,3,2,1,Трещина в опоре — cuento en ruso (C1) | RusoFácilapp
https://rusofacilapp.com/es/stories/cmsxtqwqa006dqwnc1pfhquuy,рассказ,200,да,2026-08-25T02:40:26.237Z,да,,на себя,3,2,1,У постели больного — cuento en ruso (C1) | RusoFácilapp
https://rusofacilapp.com/es/stories/cmsxtq7nd001hqwncwfkm6tog,рассказ,200,да,2026-08-25T02:40:23.859Z,да,,на себя,3,2,1,Тишина после шторма — cuento en ruso (C1) | RusoFácilapp
https://rusofacilapp.com/es/stories/cmsxtqeay002sqwnc2ks9m4qw,рассказ,200,да,2026-08-25T02:40:24.537Z,да,,на себя,3,2,1,Цена правды — cuento en ruso (C1) | RusoFácilapp
https://rusofacilapp.com/es/stories/cmsxtquyu0063qwncsvok0r06,рассказ,200,да,2026-08-25T02:40:26.113Z,да,,на себя,3,2,1,Цена на полке — cuento en ruso (C1) | RusoFácilapp
https://rusofacilapp.com/es/stories/cmsxtr64d0086qwnc6bbqn8us,рассказ,200,да,2026-08-25T02:40:27.031Z,да,,на себя,3,2,1,Чужими словами — cuento en ruso (C1) | RusoFácilapp
https://rusofacilapp.com/es/stories/cmsxtq819001lqwnciokz2s5o,рассказ,200,да,2026-08-25T02:40:24.110Z,да,,на себя,3,2,1,Точный перевод — cuento en ruso (C1) | RusoFácilapp
https://rusofacilapp.com/es/stories/cmsxtqyh3006nqwnc6jw85ybo,рассказ,200,да,2026-08-25T02:40:26.357Z,да,,на себя,3,2,1,Третий в комнате — cuento en ruso (C1) | RusoFácilapp
https://rusofacilapp.com/es/stories/cmsxtqj3k003qqwnczixvfbzh,рассказ,200,да,2026-08-25T02:40:24.950Z,да,,на себя,3,2,1,Тревожная кнопка — cuento en ruso (C1) | RusoFácilapp
https://rusofacilapp.com/es/stories/cmsxtr4ad007wqwncb9b6ibnf,рассказ,200,да,2026-08-25T02:40:26.899Z,да,,на себя,3,2,1,Экспонат с историей — cuento en ruso (C1) | RusoFácilapp
https://rusofacilapp.com/es/word-games/WORD_SEARCH/A1/1,пазл WORD_SEARCH,200,да,2026-08-29T12:00:00.000Z,да,,на себя,3,2,4,Sopa de letras de salud en ruso (A1) | RusoFácilapp
https://rusofacilapp.com/es/stories/cmsxtqrrt005eqwnc8ks53a6p,рассказ,200,да,2026-08-25T02:40:25.797Z,да,,на себя,3,2,1,Чутьё Бурана — cuento en ruso (C1) | RusoFácilapp
https://rusofacilapp.com/es/stories/cmsxtqqjt0059qwnc6u3vao4s,рассказ,200,да,2026-08-25T02:40:25.726Z,да,,на себя,3,2,1,Три дня до премьеры — cuento en ruso (C1) | RusoFácilapp
https://rusofacilapp.com/es/word-games/WORD_SEARCH/A1/4,пазл WORD_SEARCH,200,да,2026-08-29T12:00:00.000Z,да,,на себя,3,2,5,Sopa de letras de palabras básicas en ruso (A1) | RusoFácilapp
https://rusofacilapp.com/es/word-games/WORD_SEARCH/A1/3,пазл WORD_SEARCH,200,да,2026-08-29T12:00:00.000Z,да,,на себя,3,2,5,Sopa de letras de familia en ruso (A1) | RusoFácilapp
https://rusofacilapp.com/es/word-games/WORD_SEARCH/A1/5,пазл WORD_SEARCH,200,да,2026-08-29T12:00:00.000Z,да,,на себя,3,2,5,Sopa de letras de compras en ruso (A1) | RusoFácilapp
https://rusofacilapp.com/es/word-games/WORD_SEARCH/A1/6,пазл WORD_SEARCH,200,да,2026-08-29T12:00:00.000Z,да,,на себя,3,2,6,Sopa de letras de comida en ruso (A1) | RusoFácilapp
https://rusofacilapp.com/es/word-games/WORD_SEARCH/A1/8,пазл WORD_SEARCH,200,да,2026-08-20T22:52:01.963Z,да,,на себя,3,2,4,"Sopa de letras en ruso, nivel A1 nº 8 (22 palabras) | RusoFácilapp"
https://rusofacilapp.com/es/stories/cmsxtq0tg0009qwncsjk6vkk3,рассказ,200,да,2026-08-25T02:40:23.258Z,да,,на себя,3,2,1,Чудесный доктор — cuento en ruso (C1) | RusoFácilapp
https://rusofacilapp.com/es/word-games/WORD_SEARCH/A1/7,пазл WORD_SEARCH,200,да,2026-08-29T12:00:00.000Z,да,,на себя,3,2,5,Sopa de letras de clima y naturaleza en ruso (A1) | RusoFácilapp
https://rusofacilapp.com/es/word-games/WORD_SEARCH/A1/2,пазл WORD_SEARCH,200,да,2026-08-29T12:00:00.000Z,да,,на себя,3,2,5,Sopa de letras de ciudad y transporte en ruso (A1) | RusoFácilapp
https://rusofacilapp.com/es/word-games/WORD_SEARCH/A1/9,пазл WORD_SEARCH,200,да,2026-09-04T21:03:13.767Z,да,,на себя,3,2,4,"Sopa de letras en ruso, nivel A1 nº 9 (24 palabras) | RusoFácilapp"
https://rusofacilapp.com/es/word-games/WORD_SEARCH/A2/2,пазл WORD_SEARCH,200,да,2026-09-04T21:03:14.137Z,да,,на себя,3,2,5,Sopa de letras de palabras básicas en ruso (A2) | RusoFácilapp
https://rusofacilapp.com/es/word-games/WORD_SEARCH/A1/10,пазл WORD_SEARCH,200,да,2026-09-04T21:03:13.896Z,да,,на себя,3,2,3,"Sopa de letras en ruso, nivel A1 nº 10 (26 palabras) | RusoFácilapp"
https://rusofacilapp.com/es/word-games/WORD_SEARCH/A2/1,пазл WORD_SEARCH,200,да,2026-09-04T21:03:14.043Z,да,,на себя,3,2,4,Sopa de letras de ropa en ruso (A2) | RusoFácilapp
https://rusofacilapp.com/es/word-games/WORD_SEARCH/A2/3,пазл WORD_SEARCH,200,да,2026-09-04T21:03:14.240Z,да,,на себя,3,2,6,Sopa de letras de familia en ruso (A2) | RusoFácilapp
https://rusofacilapp.com/es/word-games/WORD_SEARCH/A2/5,пазл WORD_SEARCH,200,да,2026-08-29T12:00:00.000Z,да,,на себя,3,2,5,Sopa de letras de ciencia en ruso (A2) | RusoFácilapp
https://rusofacilapp.com/es/word-games/WORD_SEARCH/A2/4,пазл WORD_SEARCH,200,да,2026-09-04T21:03:14.339Z,да,,на себя,3,2,5,Sopa de letras de emociones en ruso (A2) | RusoFácilapp
https://rusofacilapp.com/es/word-games/WORD_SEARCH/A2/6,пазл WORD_SEARCH,200,да,2026-08-29T12:00:00.000Z,да,,на себя,3,2,5,Sopa de letras de arte y ocio en ruso (A2) | RusoFácilapp
https://rusofacilapp.com/es/word-games/WORD_SEARCH/A2/7,пазл WORD_SEARCH,200,да,2026-08-29T12:00:00.000Z,да,,на себя,3,2,6,Sopa de letras de clima y naturaleza en ruso (A2) | RusoFácilapp
https://rusofacilapp.com/es/word-games/WORD_SEARCH/B1/1,пазл WORD_SEARCH,200,да,2026-09-04T21:03:14.795Z,да,,на себя,3,2,5,Sopa de letras de ropa en ruso (B1) | RusoFácilapp
https://rusofacilapp.com/es/word-games/WORD_SEARCH/A2/8,пазл WORD_SEARCH,200,да,2026-09-04T21:03:14.457Z,да,,на себя,3,2,6,Sopa de letras de compras en ruso (A2) | RusoFácilapp
https://rusofacilapp.com/es/word-games/WORD_SEARCH/A2/9,пазл WORD_SEARCH,200,да,2026-09-04T21:03:14.577Z,да,,на себя,3,2,5,Sopa de letras de comida en ruso (A2) | RusoFácilapp
https://rusofacilapp.com/es/word-games/WORD_SEARCH/B1/3,пазл WORD_SEARCH,200,да,2026-09-04T21:03:14.996Z,да,,на себя,3,2,6,Sopa de letras de compras en ruso (B1) | RusoFácilapp
https://rusofacilapp.com/es/word-games/WORD_SEARCH/B1/2,пазл WORD_SEARCH,200,да,2026-09-04T21:03:14.898Z,да,,на себя,3,2,6,Sopa de letras de familia en ruso (B1) | RusoFácilapp
https://rusofacilapp.com/es/word-games/WORD_SEARCH/B1/4,пазл WORD_SEARCH,200,да,2026-09-04T21:03:15.094Z,да,,на себя,3,2,5,Sopa de letras de emociones en ruso (B1) | RusoFácilapp
https://rusofacilapp.com/es/word-games/WORD_SEARCH/B1/6,пазл WORD_SEARCH,200,да,2026-09-04T21:03:15.200Z,да,,на себя,3,2,5,Sopa de letras de conceptos abstractos en ruso (B1) | RusoFácilapp
https://rusofacilapp.com/es/word-games/WORD_SEARCH/A2/10,пазл WORD_SEARCH,200,да,2026-09-04T21:03:14.679Z,да,,на себя,3,2,5,Sopa de letras de ciudad y transporte en ruso (A2) | RusoFácilapp
https://rusofacilapp.com/es/word-games/WORD_SEARCH/B1/5,пазл WORD_SEARCH,200,да,2026-08-29T12:00:00.000Z,да,,на себя,3,2,6,Sopa de letras de clima y naturaleza en ruso (B1) | RusoFácilapp
https://rusofacilapp.com/es/word-games/WORD_SEARCH/B1/7,пазл WORD_SEARCH,200,да,2026-09-04T21:03:15.303Z,да,,на себя,3,2,6,Sopa de letras de comida en ruso (B1) | RusoFácilapp
https://rusofacilapp.com/es/word-games/WORD_SEARCH/B1/8,пазл WORD_SEARCH,200,да,2026-09-04T21:03:15.417Z,да,,на себя,3,2,6,Sopa de letras de ciudad y transporte en ruso (B1) | RusoFácilapp
https://rusofacilapp.com/es/word-games/WORD_SEARCH/B1/10,пазл WORD_SEARCH,200,да,2026-09-04T21:03:16.833Z,да,,на себя,3,2,5,Sopa de letras de arte y ocio en ruso (B1) | RusoFácilapp
https://rusofacilapp.com/es/word-games/WORD_SEARCH/B1/9,пазл WORD_SEARCH,200,да,2026-09-04T21:03:15.561Z,да,,на себя,3,2,5,Sopa de letras de ciencia en ruso (B1) | RusoFácilapp
https://rusofacilapp.com/es/word-games/WORD_SEARCH/B1/668,пазл WORD_SEARCH,200,да,2026-09-04T21:03:16.676Z,да,,на себя,3,2,4,"Sopa de letras en ruso, nivel B1 nº 668 (13 palabras) | RusoFácilapp"
https://rusofacilapp.com/es/word-games/WORD_SEARCH/B2/9,пазл WORD_SEARCH,200,да,2026-08-29T12:00:00.000Z,да,,на себя,3,2,5,Sopa de letras de emociones en ruso (B2) | RusoFácilapp
https://rusofacilapp.com/es/word-games/WORD_SEARCH/B2/7,пазл WORD_SEARCH,200,да,2026-09-04T21:03:17.621Z,да,,на себя,3,2,5,Sopa de letras de salud en ruso (B2) | RusoFácilapp
https://rusofacilapp.com/es/word-games/WORD_SEARCH/B2/6,пазл WORD_SEARCH,200,да,2026-09-04T21:03:17.510Z,да,,на себя,3,2,5,Sopa de letras de arte y ocio en ruso (B2) | RusoFácilapp
https://rusofacilapp.com/es/word-games/WORD_SEARCH/B2/5,пазл WORD_SEARCH,200,да,2026-09-04T21:03:17.411Z,да,,на себя,3,2,5,Sopa de letras de sinónimos y antónimos en ruso (B2) | RusoFácilapp
https://rusofacilapp.com/es/word-games/WORD_SEARCH/B2/8,пазл WORD_SEARCH,200,да,2026-08-29T12:00:00.000Z,да,,на себя,3,2,5,Sopa de letras de psicología en ruso (B2) | RusoFácilapp
https://rusofacilapp.com/es/word-games/WORD_SEARCH/B2/4,пазл WORD_SEARCH,200,да,2026-09-04T21:03:17.307Z,да,,на себя,3,2,5,Sopa de letras de sociedad en ruso (B2) | RusoFácilapp
https://rusofacilapp.com/es/word-games/WORD_SEARCH/B2/2,пазл WORD_SEARCH,200,да,2026-09-04T21:03:17.106Z,да,,на себя,3,2,6,Sopa de letras de ropa en ruso (B2) | RusoFácilapp
https://rusofacilapp.com/es/word-games/WORD_SEARCH/B2/1,пазл WORD_SEARCH,200,да,2026-09-04T21:03:17.000Z,да,,на себя,3,2,4,Sopa de letras de ciencia en ruso (B2) | RusoFácilapp
https://rusofacilapp.com/es/word-games/WORD_SEARCH/B1/669,пазл WORD_SEARCH,200,да,2026-09-04T21:03:16.893Z,да,,на себя,3,2,3,"Sopa de letras en ruso, nivel B1 nº 669 (16 palabras) | RusoFácilapp"
https://rusofacilapp.com/es/word-games/WORD_SEARCH/B2/3,пазл WORD_SEARCH,200,да,2026-09-04T21:03:17.204Z,да,,на себя,3,2,5,Sopa de letras de trabajo en ruso (B2) | RusoFácilapp
https://rusofacilapp.com/es/word-games/WORD_SEARCH/B2/405,пазл WORD_SEARCH,200,да,2026-09-04T21:03:17.832Z,да,,на себя,3,2,3,"Sopa de letras en ruso, nivel B2 nº 405 (14 palabras) | RusoFácilapp"
https://rusofacilapp.com/es/word-games/CROSSWORD/A1/2,пазл CROSSWORD,200,да,2026-08-29T12:00:00.000Z,да,,на себя,3,2,5,Crucigrama de salud en ruso (A1) | RusoFácilapp
https://rusofacilapp.com/es/word-games/WORD_SEARCH/B2/10,пазл WORD_SEARCH,200,да,2026-09-04T21:03:17.777Z,да,,на себя,3,2,5,Sopa de letras de conceptos abstractos en ruso (B2) | RusoFácilapp
https://rusofacilapp.com/es/word-games/CROSSWORD/A1/3,пазл CROSSWORD,200,да,2026-08-29T12:00:00.000Z,да,,на себя,3,2,6,Crucigrama de ciudad y transporte en ruso (A1) | RusoFácilapp
https://rusofacilapp.com/es/word-games/CROSSWORD/A1/1,пазл CROSSWORD,200,да,2026-08-29T12:00:00.000Z,да,,на себя,3,2,4,Crucigrama de ciencia en ruso (A1) | RusoFácilapp
https://rusofacilapp.com/es/word-games/CROSSWORD/A1/4,пазл CROSSWORD,200,да,2026-08-29T12:00:00.000Z,да,,на себя,3,2,6,Crucigrama de familia en ruso (A1) | RusoFácilapp
https://rusofacilapp.com/es/word-games/CROSSWORD/A1/7,пазл CROSSWORD,200,да,2026-08-29T12:00:00.000Z,да,,на себя,3,2,6,Crucigrama de comida en ruso (A1) | RusoFácilapp
https://rusofacilapp.com/es/word-games/CROSSWORD/A1/5,пазл CROSSWORD,200,да,2026-08-29T12:00:00.000Z,да,,на себя,3,2,5,Crucigrama de palabras básicas en ruso (A1) | RusoFácilapp
https://rusofacilapp.com/es/word-games/CROSSWORD/A1/6,пазл CROSSWORD,200,да,2026-08-29T12:00:00.000Z,да,,на себя,3,2,6,Crucigrama de compras en ruso (A1) | RusoFácilapp
https://rusofacilapp.com/es/word-games/CROSSWORD/A1/9,пазл CROSSWORD,200,да,2026-08-20T22:52:20.488Z,да,,на себя,3,2,4,"Crucigrama en ruso, nivel A1 nº 9 (22 palabras) | RusoFácilapp"
https://rusofacilapp.com/es/word-games/CROSSWORD/A1/10,пазл CROSSWORD,200,да,2026-08-20T22:52:20.644Z,да,,на себя,3,2,3,"Crucigrama en ruso, nivel A1 nº 10 (24 palabras) | RusoFácilapp"
https://rusofacilapp.com/es/word-games/CROSSWORD/A1/8,пазл CROSSWORD,200,да,2026-08-29T12:00:00.000Z,да,,на себя,3,2,6,Crucigrama de clima y naturaleza en ruso (A1) | RusoFácilapp
https://rusofacilapp.com/es/word-games/CROSSWORD/A2/2,пазл CROSSWORD,200,да,2026-08-29T12:00:00.000Z,да,,на себя,3,2,5,Crucigrama de arte y ocio en ruso (A2) | RusoFácilapp
https://rusofacilapp.com/es/word-games/CROSSWORD/A2/3,пазл CROSSWORD,200,да,2026-08-29T12:00:00.000Z,да,,на себя,3,2,5,Crucigrama de ciencia en ruso (A2) | RusoFácilapp
https://rusofacilapp.com/es/word-games/CROSSWORD/A2/5,пазл CROSSWORD,200,да,2026-08-29T12:00:00.000Z,да,,на себя,3,2,6,Crucigrama de compras en ruso (A2) | RusoFácilapp
https://rusofacilapp.com/es/word-games/CROSSWORD/A2/6,пазл CROSSWORD,200,да,2026-08-29T12:00:00.000Z,да,,на себя,3,2,5,Crucigrama de emociones en ruso (A2) | RusoFácilapp
https://rusofacilapp.com/es/word-games/CROSSWORD/A2/4,пазл CROSSWORD,200,да,2026-08-29T12:00:00.000Z,да,,на себя,3,2,5,Crucigrama de palabras básicas en ruso (A2) | RusoFácilapp
https://rusofacilapp.com/es/word-games/CROSSWORD/A2/7,пазл CROSSWORD,200,да,2026-08-29T12:00:00.000Z,да,,на себя,3,2,6,Crucigrama de clima y naturaleza en ruso (A2) | RusoFácilapp
https://rusofacilapp.com/es/word-games/CROSSWORD/A2/8,пазл CROSSWORD,200,да,2026-08-29T12:00:00.000Z,да,,на себя,3,2,6,Crucigrama de familia en ruso (A2) | RusoFácilapp
https://rusofacilapp.com/es/word-games/CROSSWORD/A2/1,пазл CROSSWORD,200,да,2026-08-29T12:00:00.000Z,да,,на себя,3,2,5,Crucigrama de ropa en ruso (A2) | RusoFácilapp
https://rusofacilapp.com/es/word-games/CROSSWORD/A2/10,пазл CROSSWORD,200,да,2026-08-29T12:00:00.000Z,да,,на себя,3,2,5,Crucigrama de ciudad y transporte en ruso (A2) | RusoFácilapp
https://rusofacilapp.com/es/word-games/CROSSWORD/A2/9,пазл CROSSWORD,200,да,2026-08-29T12:00:00.000Z,да,,на себя,3,2,6,Crucigrama de comida en ruso (A2) | RusoFácilapp
https://rusofacilapp.com/es/word-games/CROSSWORD/B1/7,пазл CROSSWORD,200,да,2026-08-29T12:00:00.000Z,да,,на себя,3,2,5,Crucigrama de arte y ocio en ruso (B1) | RusoFácilapp
https://rusofacilapp.com/es/word-games/CROSSWORD/B1/1,пазл CROSSWORD,200,да,2026-08-29T12:00:00.000Z,да,,на себя,3,2,4,Crucigrama de palabras básicas en ruso (B1) | RusoFácilapp
https://rusofacilapp.com/es/word-games/CROSSWORD/B1/3,пазл CROSSWORD,200,да,2026-08-29T12:00:00.000Z,да,,на себя,3,2,6,Crucigrama de ropa en ruso (B1) | RusoFácilapp
https://rusofacilapp.com/es/word-games/CROSSWORD/B1/2,пазл CROSSWORD,200,да,2026-08-29T12:00:00.000Z,да,,на себя,3,2,5,Crucigrama de salud en ruso (B1) | RusoFácilapp
https://rusofacilapp.com/es/word-games/CROSSWORD/B1/4,пазл CROSSWORD,200,да,2026-08-29T12:00:00.000Z,да,,на себя,3,2,5,Crucigrama de ciencia en ruso (B1) | RusoFácilapp
https://rusofacilapp.com/es/word-games/CROSSWORD/B1/5,пазл CROSSWORD,200,да,2026-08-29T12:00:00.000Z,да,,на себя,3,2,6,Crucigrama de clima y naturaleza en ruso (B1) | RusoFácilapp
https://rusofacilapp.com/es/word-games/CROSSWORD/B1/6,пазл CROSSWORD,200,да,2026-08-29T12:00:00.000Z,да,,на себя,3,2,6,Crucigrama de ciudad y transporte en ruso (B1) | RusoFácilapp
https://rusofacilapp.com/es/word-games/CROSSWORD/B1/8,пазл CROSSWORD,200,да,2026-08-29T12:00:00.000Z,да,,на себя,3,2,6,Crucigrama de familia en ruso (B1) | RusoFácilapp
https://rusofacilapp.com/es/word-games/CROSSWORD/B2/2,пазл CROSSWORD,200,да,2026-08-29T12:00:00.000Z,да,,на себя,3,2,6,Crucigrama de ropa en ruso (B2) | RusoFácilapp
https://rusofacilapp.com/es/word-games/CROSSWORD/B1/9,пазл CROSSWORD,200,да,2026-08-29T12:00:00.000Z,да,,на себя,3,2,5,Crucigrama de emociones en ruso (B1) | RusoFácilapp
https://rusofacilapp.com/es/word-games/CROSSWORD/B1/10,пазл CROSSWORD,200,да,2026-08-29T12:00:00.000Z,да,,на себя,3,2,5,Crucigrama de comida en ruso (B1) | RusoFácilapp
https://rusofacilapp.com/es/word-games/CROSSWORD/B2/4,пазл CROSSWORD,200,да,2026-08-29T12:00:00.000Z,да,,на себя,3,2,5,Crucigrama de sinónimos y antónimos en ruso (B2) | RusoFácilapp
https://rusofacilapp.com/es/word-games/CROSSWORD/B2/1,пазл CROSSWORD,200,да,2026-08-20T22:54:07.247Z,да,,на себя,3,2,3,"Crucigrama en ruso, nivel B2 nº 1 (6 palabras) | RusoFácilapp"
https://rusofacilapp.com/es/word-games/CROSSWORD/B2/3,пазл CROSSWORD,200,да,2026-08-20T22:54:07.457Z,да,,на себя,3,2,4,"Crucigrama en ruso, nivel B2 nº 3 (10 palabras) | RusoFácilapp"
https://rusofacilapp.com/es/word-games/CROSSWORD/B2/6,пазл CROSSWORD,200,да,2026-08-29T12:00:00.000Z,да,,на себя,3,2,5,Crucigrama de emociones en ruso (B2) | RusoFácilapp
https://rusofacilapp.com/es/word-games/CROSSWORD/B2/5,пазл CROSSWORD,200,да,2026-08-29T12:00:00.000Z,да,,на себя,3,2,5,Crucigrama de conceptos abstractos en ruso (B2) | RusoFácilapp
https://rusofacilapp.com/es/word-games/CROSSWORD/B2/8,пазл CROSSWORD,200,да,2026-08-20T22:54:09.245Z,да,,на себя,3,2,4,"Crucigrama en ruso, nivel B2 nº 8 (20 palabras) | RusoFácilapp"
https://rusofacilapp.com/es/word-games/CROSSWORD/B2/7,пазл CROSSWORD,200,да,2026-08-20T22:54:08.979Z,да,,на себя,3,2,4,"Crucigrama en ruso, nivel B2 nº 7 (18 palabras) | RusoFácilapp"
https://rusofacilapp.com/es/word-games/CROSSWORD/B2/10,пазл CROSSWORD,200,да,2026-08-20T22:54:09.630Z,да,,на себя,3,2,3,"Crucigrama en ruso, nivel B2 nº 10 (24 palabras) | RusoFácilapp"
https://rusofacilapp.com/es/word-games/CROSSWORD/B2/9,пазл CROSSWORD,200,да,2026-08-20T22:54:09.407Z,да,,на себя,3,2,4,"Crucigrama en ruso, nivel B2 nº 9 (22 palabras) | RusoFácilapp"
https://rusofacilapp.com/es/courses/a1/1,урок,200,да,2026-08-17T22:46:44.565Z,да,,на себя,3,2,23,"El alfabeto cirílico y los sonidos del ruso — lección 1, nivel A1"
https://rusofacilapp.com/es/courses/a1/5,урок,200,да,2026-08-17T22:46:45.388Z,да,,на себя,3,2,13,"En el restaurante y en la tienda — lección 5, nivel A1 | RusoFácilapp"
https://rusofacilapp.com/es/juegos-para-aprender-ruso,лендинг игр,200,да,2026-09-04T21:03:17.832Z,да,,на себя,2,2,33,"Juegos para aprender ruso, gratis y sin registro | RusoFácilapp"
https://rusofacilapp.com/es/courses/a1/4,урок,200,да,2026-08-17T22:46:45.269Z,да,,на себя,3,2,10,"Números, precios y la hora — lección 4, nivel A1 | RusoFácilapp"
https://rusofacilapp.com/es/courses/a1/7,урок,200,да,2026-08-17T22:46:45.574Z,да,,на себя,3,2,16,"Verbos en presente: primera conjugación — lección 7, nivel A1"
https://rusofacilapp.com/es/courses/a1/11,урок,200,да,2026-08-17T22:46:49.544Z,да,,на себя,3,2,10,"Caso preposicional: hablar de lugares (где?) — lección 11, nivel A1"
https://rusofacilapp.com/es/courses/a1/2,урок,200,да,2026-08-17T22:46:45.119Z,да,,на себя,3,2,8,"Saludos, despedidas y presentaciones — lección 2, nivel A1"
https://rusofacilapp.com/es/courses/a1/3,урок,200,да,2026-08-17T22:46:45.196Z,да,,на себя,3,2,14,"Los casos rusos: primera introducción — lección 3, nivel A1"
https://rusofacilapp.com/es/courses/a1/9,урок,200,да,2026-08-17T22:46:49.321Z,да,,на себя,3,2,15,"Modo imperativo: dar órdenes y consejos — lección 9, nivel A1"
https://rusofacilapp.com/es/courses/a1/8,урок,200,да,2026-08-17T22:46:45.649Z,да,,на себя,3,2,8,"Orientarse en la ciudad — lección 8, nivel A1 | RusoFácilapp"
https://rusofacilapp.com/es/courses/a1/6,урок,200,да,2026-08-17T22:46:45.466Z,да,,на себя,3,2,14,"La familia y las descripciones simples — lección 6, nivel A1"
https://rusofacilapp.com/es/courses/a1/15,урок,200,да,2026-08-17T22:46:49.950Z,да,,на себя,3,2,8,"El pasado de los verbos rusos — lección 15, nivel A1 | RusoFácilapp"
https://rusofacilapp.com/es/courses/a1/10,урок,200,да,2026-08-17T22:46:49.407Z,да,,на себя,3,2,10,"Verbos modales: querer y poder — lección 10, nivel A1 | RusoFácilapp"
https://rusofacilapp.com/es/courses/a1/17,урок,200,да,2026-08-17T22:46:50.127Z,да,,на себя,3,2,9,"La construcción «У меня есть» (tener) — lección 17, nivel A1"
https://rusofacilapp.com/es/courses/a1/12,урок,200,да,2026-08-17T22:46:49.627Z,да,,на себя,3,2,7,Caso preposicional: medios de transporte (на чём?) — lección 12 (A1)
https://rusofacilapp.com/es/courses/a1/20,урок,200,да,2026-08-17T22:46:50.459Z,да,,на себя,3,2,9,"Fechas: ¿qué fecha es hoy? — lección 20, nivel A1 | RusoFácilapp"
https://rusofacilapp.com/es/courses/a1/18,урок,200,да,2026-08-17T22:46:50.213Z,да,,на себя,3,2,9,"La hora y el horario del día — lección 18, nivel A1 | RusoFácilapp"
https://rusofacilapp.com/es/courses/a1/19,урок,200,да,2026-08-17T22:46:50.346Z,да,,на себя,3,2,10,"Los días de la semana y los meses — lección 19, nivel A1"
https://rusofacilapp.com/es/courses/a1/13,урок,200,да,2026-08-17T22:46:49.707Z,да,,на себя,3,2,9,"Caso acusativo: el objeto directo — lección 13, nivel A1"
https://rusofacilapp.com/es/courses/a1/22,урок,200,да,2026-08-17T22:46:50.644Z,да,,на себя,3,2,15,"Caso genitivo: cantidad y números — lección 22, nivel A1"
https://rusofacilapp.com/es/courses/a1/14,урок,200,да,2026-08-17T22:46:49.859Z,да,,на себя,3,2,10,"Caso acusativo: ir a un lugar (куда?) — lección 14, nivel A1"
https://rusofacilapp.com/es/courses/a1/24,урок,200,да,2026-08-17T22:46:50.921Z,да,,на себя,3,2,8,"Caso dativo: la edad (мне... лет) — lección 24, nivel A1"
https://rusofacilapp.com/es/courses/a1/25,урок,200,да,2026-08-17T22:46:51.008Z,да,,на себя,3,2,8,"Caso dativo: «мне нравится» y los sentimientos — lección 25, nivel A1"
https://rusofacilapp.com/es/courses/a1/21,урок,200,да,2026-08-17T22:46:50.561Z,да,,на себя,3,2,11,"Caso genitivo: la ausencia (нет...) — lección 21, nivel A1"
https://rusofacilapp.com/es/courses/a1/29,урок,200,да,2026-08-17T22:46:51.465Z,да,,на себя,3,2,4,"Diálogo práctico: en la calle, cómo pedir direcciones | RusoFácilapp"
https://rusofacilapp.com/es/courses/a1/23,урок,200,да,2026-08-17T22:46:50.732Z,да,,на себя,3,2,9,"Caso genitivo: pertenencia y «de dónde» — lección 23, nivel A1"
https://rusofacilapp.com/es/glossary/acusativo-animado-inanimado,термин глоссария,200,да,2026-08-28T17:40:49.440Z,да,,на себя,3,2,25,acusativo animado/inanimado en ruso — glosario de gramática
https://rusofacilapp.com/es/courses/a1/30,урок,200,да,2026-08-17T22:46:51.636Z,да,,на себя,3,2,7,"Diálogo práctico: en el aeropuerto — lección 30, nivel A1"
https://rusofacilapp.com/es/courses/a1/28,урок,200,да,2026-08-17T22:46:51.372Z,да,,на себя,3,2,7,Diálogo práctico: en el restaurante y en el hotel — lección 28 (A1)
https://rusofacilapp.com/es/courses/a1/16,урок,200,да,2026-08-17T22:46:50.035Z,да,,на себя,3,2,9,"El futuro: verbos perfectivos e imperfectivos — lección 16, nivel A1"
https://rusofacilapp.com/es/courses/a1/27,урок,200,да,2026-08-17T22:46:51.217Z,да,,на себя,3,2,12,"Caso instrumental: «с кем-то» (con alguien) — lección 27, nivel A1"
https://rusofacilapp.com/es/courses/a1/26,урок,200,да,2026-08-17T22:46:51.129Z,да,,на себя,3,2,13,"Caso instrumental: las profesiones — lección 26, nivel A1"
https://rusofacilapp.com/es/glossary/acusativo-de-direccion,термин глоссария,200,да,2026-08-28T17:40:51.697Z,да,,на себя,3,2,24,acusativo de dirección
https://rusofacilapp.com/es/glossary/adverbio-de-lugar,термин глоссария,200,да,2026-08-17T22:48:00.512Z,да,,на себя,3,2,5,adverbio de lugar en ruso — glosario de gramática
https://rusofacilapp.com/es/courses/a2/26,урок,200,да,2026-08-17T22:46:53.461Z,да,,на себя,3,2,11,"Adverbios negativos: никогда, нигде, никуда — lección 26, nivel A2"
https://rusofacilapp.com/es/courses/a2/4,урок,200,да,2026-08-17T22:46:46.017Z,да,,на себя,3,2,8,"Hablar del clima y las estaciones — lección 4, nivel A2 | RusoFácilapp"
https://rusofacilapp.com/es/glossary/adjetivo-corto,термин глоссария,200,да,2026-08-28T17:14:11.341Z,да,,на себя,3,2,40,adjetivo corto en ruso — glosario de gramática
https://rusofacilapp.com/es/glossary/adverbio,термин глоссария,200,да,2026-08-17T22:48:00.441Z,да,,на себя,3,2,38,adverbio en ruso — glosario de gramática | RusoFácilapp
https://rusofacilapp.com/es/glossary/adverbio-negativo,термин глоссария,200,да,2026-08-28T17:14:12.594Z,да,,на себя,3,2,2,adverbio negativo en ruso — glosario de gramática
https://rusofacilapp.com/es/glossary/adjetivo,термин глоссария,200,да,2026-08-28T17:40:43.645Z,да,,на себя,3,2,38,adjetivo en ruso — glosario de gramática | RusoFácilapp
https://rusofacilapp.com/es/glossary/acusativo-de-tiempo,термин глоссария,200,да,2026-08-28T17:14:11.249Z,да,,на себя,3,2,24,acusativo de tiempo en ruso — glosario de gramática
https://rusofacilapp.com/es/glossary/adverbio-predicativo,термин глоссария,200,да,2026-08-28T18:00:53.360Z,да,,на себя,3,2,3,adverbio predicativo en ruso — glosario de gramática
https://rusofacilapp.com/es/glossary/articulo,термин глоссария,200,да,2026-08-17T22:48:00.696Z,да,,на себя,3,2,2,artículo en ruso — glosario de gramática | RusoFácilapp
https://rusofacilapp.com/es/glossary/aspecto-imperfectivo,термин глоссария,200,да,2026-08-28T17:40:47.248Z,да,,на себя,3,2,4,aspecto imperfectivo en ruso — glosario de gramática
https://rusofacilapp.com/es/glossary/arcaismo,термин глоссария,200,да,2026-08-28T16:08:40.454Z,да,,на себя,3,2,8,arcaísmo en ruso — glosario de gramática | RusoFácilapp
https://rusofacilapp.com/es/courses/a2/1,урок,200,да,2026-08-17T22:46:45.724Z,да,,на себя,3,2,12,"El aspecto verbal: perfectivo e imperfectivo — lección 1, nivel A2"
https://rusofacilapp.com/es/glossary/aspecto-en-pasado-habitual,термин глоссария,200,да,2026-08-28T17:40:53.165Z,да,,на себя,3,2,10,aspecto en el pasado habitual en ruso — glosario de gramática
https://rusofacilapp.com/es/glossary/aspecto-del-infinitivo,термин глоссария,200,да,2026-08-29T18:32:11.585Z,да,,на себя,3,2,10,aspecto del infinitivo en ruso — glosario de gramática
https://rusofacilapp.com/es/glossary/aspecto-en-imperativo,термин глоссария,200,да,2026-08-28T17:40:52.951Z,да,,на себя,3,2,10,aspecto en el imperativo en ruso — glosario de gramática
https://rusofacilapp.com/es/glossary/aspecto-en-negacion,термин глоссария,200,да,2026-08-28T19:26:38.300Z,да,,на себя,3,2,6,aspecto en la negación en ruso — glosario de gramática
https://rusofacilapp.com/es/glossary/caso-acusativo,термин глоссария,200,да,2026-08-28T17:40:47.752Z,да,,на себя,3,2,7,caso acusativo en ruso — glosario de gramática
https://rusofacilapp.com/es/glossary/caso-dativo,термин глоссария,200,да,2026-08-28T17:40:47.655Z,да,,на себя,3,2,3,caso dativo en ruso — glosario de gramática | RusoFácilapp
https://rusofacilapp.com/es/glossary/aspecto-perfectivo,термин глоссария,200,да,2026-08-28T17:40:47.155Z,да,,на себя,3,2,4,aspecto perfectivo en ruso — glosario de gramática
https://rusofacilapp.com/es/glossary/caso-nominativo,термин глоссария,200,да,2026-08-28T17:40:46.930Z,да,,на себя,3,2,3,caso nominativo en ruso — glosario de gramática
https://rusofacilapp.com/es/glossary/caso-genitivo,термин глоссария,200,да,2026-08-28T17:40:47.034Z,да,,на себя,3,2,6,caso genitivo en ruso — glosario de gramática | RusoFácilapp
https://rusofacilapp.com/es/glossary/caso-instrumental,термин глоссария,200,да,2026-08-28T17:40:47.846Z,да,,на себя,3,2,3,caso instrumental en ruso — glosario de gramática
https://rusofacilapp.com/es/glossary/caso-preposicional,термин глоссария,200,да,2026-08-28T17:40:47.943Z,да,,на себя,3,2,3,caso preposicional en ruso — glosario de gramática
https://rusofacilapp.com/es/glossary/caso-vocativo,термин глоссария,200,да,2026-08-19T19:50:38.967Z,да,,на себя,3,2,2,caso vocativo (звательный падеж) en ruso — glosario de gramática
https://rusofacilapp.com/es/glossary/complemento-directo,термин глоссария,200,да,2026-08-28T17:40:44.113Z,да,,на себя,3,2,2,complemento directo en ruso — glosario de gramática
https://rusofacilapp.com/es/glossary/conjuncion,термин глоссария,200,да,2026-08-28T17:40:44.013Z,да,,на себя,3,2,2,conjunción en ruso — glosario de gramática | RusoFácilapp
https://rusofacilapp.com/es/glossary/complemento-indirecto,термин глоссария,200,да,2026-08-28T17:40:45.728Z,да,,на себя,3,2,3,complemento indirecto en ruso — glosario de gramática
https://rusofacilapp.com/es/courses/a2/10,урок,200,да,2026-08-17T22:46:51.822Z,да,,на себя,3,2,13,"Dativo de adjetivos y pronombres — lección 10, nivel A2 | RusoFácilapp"
https://rusofacilapp.com/es/glossary/conector-argumentativo,термин глоссария,200,да,2026-08-28T17:40:53.268Z,да,,на себя,3,2,12,conector argumentativo en ruso — glosario de gramática
https://rusofacilapp.com/es/courses/a2/9,урок,200,да,2026-08-17T22:46:51.731Z,да,,на себя,3,2,14,"Genitivo de adjetivos y pronombres — lección 9, nivel A2"
https://rusofacilapp.com/es/courses/a2/11,урок,200,да,2026-08-17T22:46:51.910Z,да,,на себя,3,2,10,"Instrumental de adjetivos y pronombres — lección 11, nivel A2"
https://rusofacilapp.com/es/courses/a2/22,урок,200,да,2026-08-17T22:46:52.999Z,да,,на себя,3,2,10,"Comparaciones en el habla: &#x27;чем... тем&#x27;, &#x27;так же как&#x27; | RusoFácilapp"
https://rusofacilapp.com/es/glossary/concordancia,термин глоссария,200,да,2026-08-29T18:32:11.007Z,да,,на себя,3,2,4,concordancia en ruso — glosario de gramática | RusoFácilapp
https://rusofacilapp.com/es/glossary/conjuncion-adversativa,термин глоссария,200,да,2026-08-28T17:40:49.876Z,да,,на себя,3,2,11,conjunción adversativa en ruso — glosario de gramática
https://rusofacilapp.com/es/courses/a2/5,урок,200,да,2026-08-17T22:46:46.101Z,да,,на себя,3,2,7,"Planes de viaje y transporte público — lección 5, nivel A2"
https://rusofacilapp.com/es/glossary/conjuncion-causal,термин глоссария,200,да,2026-08-28T18:00:51.875Z,да,,на себя,3,2,12,conjunción causal en ruso — glosario de gramática
https://rusofacilapp.com/es/glossary/conjuncion-concesiva,термин глоссария,200,да,2026-08-19T19:50:38.963Z,да,,на себя,3,2,5,conjunción concesiva (хотя) en ruso — glosario de gramática
https://rusofacilapp.com/es/glossary/conjuncion-condicional,термин глоссария,200,да,2026-08-28T17:40:50.074Z,да,,на себя,3,2,2,conjunción condicional en ruso — glosario de gramática
https://rusofacilapp.com/es/courses/a2/3,урок,200,да,2026-08-17T22:46:45.938Z,да,,на себя,3,2,11,"Casos rusos en la práctica: genitivo y acusativo — lección 3, nivel A2"
https://rusofacilapp.com/es/glossary/conjuncion-final,термин глоссария,200,да,2026-08-28T18:00:53.155Z,да,,на себя,3,2,3,conjunción final (чтобы) en ruso — glosario de gramática
https://rusofacilapp.com/es/glossary/construccion-de-gerundio,термин глоссария,200,да,2026-08-28T17:40:50.169Z,да,,на себя,3,2,8,construcción de gerundio
https://rusofacilapp.com/es/glossary/conjuncion-subordinante,термин глоссария,200,да,2026-08-28T17:40:48.034Z,да,,на себя,3,2,3,conjunción subordinante en ruso — glosario de gramática
https://rusofacilapp.com/es/glossary/construccion-participial,термин глоссария,200,да,2026-08-28T18:00:53.013Z,да,,на себя,3,2,9,construcción participial
https://rusofacilapp.com/es/glossary/interrogativo-con-by-ni,термин глоссария,200,да,2026-08-28T17:40:53.667Z,да,,на себя,3,2,2,construcción «бы ни» en ruso — glosario de gramática
https://rusofacilapp.com/es/glossary/dativo-de-direccion,термин глоссария,200,да,2026-08-28T17:40:51.598Z,да,,на себя,3,2,2,dativo de dirección (к + dativo) en ruso — glosario de gramática
https://rusofacilapp.com/es/courses/a2/14,урок,200,да,2026-08-17T22:46:52.222Z,да,,на себя,3,2,15,"Verbos de movimiento: идти y ходить — lección 14, nivel A2"
https://rusofacilapp.com/es/glossary/dativo-impersonal,термин глоссария,200,да,2026-08-29T18:32:11.236Z,да,,на себя,3,2,5,dativo impersonal (мне холодно) en ruso — glosario de gramática
https://rusofacilapp.com/es/glossary/proporcionalidad-chem-tem,термин глоссария,200,да,2026-08-28T17:40:53.892Z,да,,на себя,3,2,2,construcción «чем... тем...» en ruso — glosario de gramática
https://rusofacilapp.com/es/courses/a2/8,урок,200,да,2026-08-17T22:46:46.384Z,да,,на себя,3,2,11,"Salud y el cuerpo humano — lección 8, nivel A2 | RusoFácilapp"
https://rusofacilapp.com/es/glossary/discurso-indirecto,термин глоссария,200,да,2026-08-28T17:40:48.525Z,да,,на себя,3,2,3,discurso indirecto en ruso — glosario de gramática
https://rusofacilapp.com/es/glossary/diminutivo,термин глоссария,200,да,2026-08-19T19:50:38.944Z,да,,на себя,3,2,15,diminutivo en ruso — glosario de gramática | RusoFácilapp
https://rusofacilapp.com/es/glossary/conjuncion-coordinante,термин глоссария,200,да,2026-08-28T17:40:49.240Z,да,,на себя,3,2,3,conjunción coordinante en ruso — glosario de gramática
https://rusofacilapp.com/es/glossary/estilo-cientifico-oficial,термин глоссария,200,да,2026-08-28T17:40:49.656Z,да,,на себя,3,2,10,estilo científico/oficial en ruso — glosario de gramática
https://rusofacilapp.com/es/glossary/doble-negacion,термин глоссария,200,да,2026-08-28T17:14:12.691Z,да,,на себя,3,2,18,doble negación en ruso — glosario de gramática
https://rusofacilapp.com/es/courses/a2/25,урок,200,да,2026-08-17T22:46:53.371Z,да,,на себя,3,2,7,"Pronombres negativos: никто, ничто, никакой — lección 25, nivel A2"
https://rusofacilapp.com/es/glossary/idiomatismo,термин глоссария,200,да,2026-08-28T17:40:53.464Z,да,,на себя,3,2,4,expresión idiomática en ruso — glosario de gramática
https://rusofacilapp.com/es/glossary/exclamacion-kakoy-kak,термин глоссария,200,да,2026-08-28T17:40:53.771Z,да,,на себя,3,2,16,exclamación con «какой» y «как» en ruso — glosario de gramática
https://rusofacilapp.com/es/glossary/estilo-poetico,термин глоссария,200,да,2026-08-28T16:08:40.618Z,да,,на себя,3,2,5,estilo poético/literario en ruso — glosario de gramática
https://rusofacilapp.com/es/glossary/estilo-coloquial,термин глоссария,200,да,2026-08-19T19:50:38.952Z,да,,на себя,3,2,9,estilo coloquial en ruso — glosario de gramática
https://rusofacilapp.com/es/glossary/participio-corto-largo,термин глоссария,200,да,2026-08-19T19:50:38.965Z,да,,на себя,3,2,8,forma corta y larga del participio pasivo en ruso — glosario de…
https://rusofacilapp.com/es/glossary/genitivo-partitivo,термин глоссария,200,да,2026-08-28T17:40:52.857Z,да,,на себя,3,2,2,genitivo partitivo en ruso — glosario de gramática
https://rusofacilapp.com/es/glossary/genitivo-posesivo,термин глоссария,200,да,2026-08-28T17:40:52.671Z,да,,на себя,3,2,3,genitivo posesivo en ruso — glosario de gramática
https://rusofacilapp.com/es/glossary/gerundio,термин глоссария,200,да,2026-08-28T17:40:47.535Z,да,,на себя,3,2,18,gerundio en ruso — glosario de gramática | RusoFácilapp
https://rusofacilapp.com/es/glossary/genitivo-de-cantidad,термин глоссария,200,да,2026-08-28T17:40:51.361Z,да,,на себя,3,2,2,genitivo de cantidad en ruso — glosario de gramática
https://rusofacilapp.com/es/glossary/gerundio-de-pasado,термин глоссария,200,да,2026-08-19T19:50:38.962Z,да,,на себя,3,2,2,gerundio de pasado
https://rusofacilapp.com/es/glossary/genitivo-de-negacion,термин глоссария,200,да,2026-08-28T17:40:49.337Z,да,,на себя,3,2,3,genitivo de negación en ruso — glosario de gramática
https://rusofacilapp.com/es/courses/a2/30,урок,200,да,2026-08-17T22:46:53.921Z,да,,на себя,3,2,6,"Describir el carácter y el aspecto físico — lección 30, nivel A2"
https://rusofacilapp.com/es/courses/a2/7,урок,200,да,2026-08-17T22:46:46.283Z,да,,на себя,3,2,15,"Comparaciones y opiniones simples — lección 7, nivel A2 | RusoFácilapp"
https://rusofacilapp.com/es/glossary/grado-superlativo,термин глоссария,200,да,2026-08-28T17:40:48.824Z,да,,на себя,3,2,3,grado superlativo en ruso — glosario de gramática
https://rusofacilapp.com/es/glossary/grado-comparativo,термин глоссария,200,да,2026-08-28T17:40:48.715Z,да,,на себя,3,2,76,grado comparativo en ruso — glosario de gramática
https://rusofacilapp.com/es/courses/a2/19,урок,200,да,2026-08-17T22:46:52.715Z,да,,на себя,3,2,7,"Grado comparativo de los adjetivos — lección 19, nivel A2"
https://rusofacilapp.com/es/glossary/genero-gramatical,термин глоссария,200,да,2026-08-28T17:40:44.224Z,да,,на себя,3,2,3,género gramatical en ruso — glosario de gramática
https://rusofacilapp.com/es/courses/a2/20,урок,200,да,2026-08-17T22:46:52.824Z,да,,на себя,3,2,11,"Grado comparativo de los adverbios — lección 20, nivel A2"
https://rusofacilapp.com/es/glossary/infinitivo,термин глоссария,200,да,2026-08-28T17:40:45.270Z,да,,на себя,3,2,2,infinitivo en ruso — glosario de gramática | RusoFácilapp
https://rusofacilapp.com/es/glossary/instrumental-de-compania,термин глоссария,200,да,2026-08-28T17:40:52.762Z,да,,на себя,3,2,2,instrumental de compañía
https://rusofacilapp.com/es/courses/a2/21,урок,200,да,2026-08-17T22:46:52.913Z,да,,на себя,3,2,9,"Grado superlativo de los adjetivos — lección 21, nivel A2"
https://rusofacilapp.com/es/glossary/instrumental-de-medio,термин глоссария,200,да,2026-08-28T17:40:51.461Z,да,,на себя,3,2,2,instrumental de medio en ruso — glosario de gramática
https://rusofacilapp.com/es/glossary/marcador-narrativo,термин глоссария,200,да,2026-08-28T17:40:53.564Z,да,,на себя,3,2,2,marcador narrativo en ruso — glosario de gramática
https://rusofacilapp.com/es/glossary/instrumental-predicativo,термин глоссария,200,да,2026-08-28T17:40:49.536Z,да,,на себя,3,2,3,instrumental predicativo en ruso — glosario de gramática
https://rusofacilapp.com/es/glossary/interjeccion,термин глоссария,200,да,2026-08-19T19:50:38.955Z,да,,на себя,3,2,5,interjección en ruso — glosario de gramática | RusoFácilapp
https://rusofacilapp.com/es/glossary/jerga-juvenil,термин глоссария,200,да,2026-08-28T17:40:51.249Z,да,,на себя,3,2,2,jerga juvenil en ruso — glosario de gramática | RusoFácilapp
https://rusofacilapp.com/es/glossary/modo-condicional,термин глоссария,200,да,2026-08-28T17:40:48.426Z,да,,на себя,3,2,46,modo condicional en ruso — glosario de gramática
https://rusofacilapp.com/es/glossary/modo-imperativo,термин глоссария,200,да,2026-08-28T17:40:48.333Z,да,,на себя,3,2,71,modo imperativo en ruso — glosario de gramática
https://rusofacilapp.com/es/glossary/numeral,термин глоссария,200,да,2026-08-28T17:40:48.618Z,да,,на себя,3,2,130,numeral en ruso — glosario de gramática | RusoFácilapp
https://rusofacilapp.com/es/glossary/modo-verbal,термин глоссария,200,да,2026-08-28T17:40:45.506Z,да,,на себя,3,2,2,modo verbal en ruso — glosario de gramática | RusoFácilapp
https://rusofacilapp.com/es/glossary/orden-de-palabras,термин глоссария,200,да,2026-08-28T17:14:11.877Z,да,,на себя,3,2,3,orden de palabras en ruso — glosario de gramática
https://rusofacilapp.com/es/glossary/oracion-indefinido-personal,термин глоссария,200,да,2026-08-28T17:14:13.954Z,да,,на себя,3,2,2,oración indefinido-personal en ruso — glosario de gramática
https://rusofacilapp.com/es/glossary/palabra-parentetica,термин глоссария,200,да,2026-08-19T19:50:38.956Z,да,,на себя,3,2,2,palabra parentética (вводное слово) en ruso — glosario de gramática
https://rusofacilapp.com/es/glossary/oracion-subordinada,термин глоссария,200,да,2026-08-28T18:00:51.319Z,да,,на себя,3,2,4,oración subordinada en ruso — glosario de gramática
https://rusofacilapp.com/es/glossary/par-aspectual,термин глоссария,200,да,2026-08-28T17:40:49.143Z,да,,на себя,3,2,3,par aspectual en ruso — glosario de gramática | RusoFácilapp
https://rusofacilapp.com/es/courses/a2/13,урок,200,да,2026-08-17T22:46:52.095Z,да,,на себя,3,2,8,"Repaso general: todos los casos en un texto — lección 13, nivel A2"
https://rusofacilapp.com/es/glossary/participio-pasivo,термин глоссария,200,да,2026-08-28T17:40:47.436Z,да,,на себя,3,2,3,participio pasivo en ruso — glosario de gramática
https://rusofacilapp.com/es/glossary/participio-activo,термин глоссария,200,да,2026-08-28T18:00:51.449Z,да,,на себя,3,2,64,participio activo en ruso — glosario de gramática
https://rusofacilapp.com/es/glossary/preposicional-de-tema,термин глоссария,200,да,2026-08-28T17:40:51.792Z,да,,на себя,3,2,2,preposicional de tema
https://rusofacilapp.com/es/courses/a2/16,урок,200,да,2026-08-17T22:46:52.399Z,да,,на себя,3,2,10,"Verbos de movimiento: бежать y бегать — lección 16, nivel A2"
https://rusofacilapp.com/es/glossary/particula-modal,термин глоссария,200,да,2026-08-28T18:00:51.976Z,да,,на себя,3,2,3,partícula modal en ruso — glosario de gramática
https://rusofacilapp.com/es/glossary/preposicion-v-na,термин глоссария,200,да,2026-08-28T17:14:11.568Z,да,,на себя,3,2,2,preposiciones «в» y «на» de lugar en ruso — glosario de gramática
https://rusofacilapp.com/es/glossary/preposicion,термин глоссария,200,да,2026-08-28T17:40:43.916Z,да,,на себя,3,2,2,preposición en ruso — glosario de gramática | RusoFácilapp
https://rusofacilapp.com/es/courses/a2/6,урок,200,да,2026-08-17T22:46:46.192Z,да,,на себя,3,2,9,"La casa, el barrio y las direcciones — lección 6, nivel A2"
https://rusofacilapp.com/es/glossary/pronombre-posesivo,термин глоссария,200,да,2026-08-28T17:40:48.926Z,да,,на себя,3,2,3,pronombre posesivo en ruso — glosario de gramática
https://rusofacilapp.com/es/glossary/numero-gramatical,термин глоссария,200,да,2026-08-28T17:40:45.631Z,да,,на себя,3,2,3,número gramatical en ruso — glosario de gramática
https://rusofacilapp.com/es/glossary/registro-formal-e-informal,термин глоссария,200,да,2026-08-28T17:40:48.235Z,да,,на себя,3,2,2,registro formal e informal en ruso — glosario de gramática
https://rusofacilapp.com/es/courses/a2/24,урок,200,да,2026-08-17T22:46:53.232Z,да,,на себя,3,2,12,"Pronombres indefinidos con -нибудь — lección 24, nivel A2"
https://rusofacilapp.com/es/glossary/pronombre-negativo,термин глоссария,200,да,2026-08-28T17:14:12.504Z,да,,на себя,3,2,2,pronombre negativo en ruso — glosario de gramática
https://rusofacilapp.com/es/glossary/pronombre-reflexivo,термин глоссария,200,да,2026-08-28T17:40:49.023Z,да,,на себя,3,2,3,pronombre reflexivo en ruso — glosario de gramática
https://rusofacilapp.com/es/courses/a2/29,урок,200,да,2026-08-17T22:46:53.787Z,да,,на себя,3,2,7,El clima y cómo orientarse en una ciudad desconocida — lección 29 (A2)
https://rusofacilapp.com/es/courses/a2/23,урок,200,да,2026-08-17T22:46:53.127Z,да,,на себя,3,2,10,"Pronombres indefinidos: кто-то, что-то, какой-то — lección 23 (A2)"
https://rusofacilapp.com/es/glossary/segundo-caso-locativo,термин глоссария,200,да,2026-08-28T17:40:49.751Z,да,,на себя,3,2,2,segundo caso locativo (местный падеж) en ruso — glosario de gramática
https://rusofacilapp.com/es/glossary/regimen-preposicional,термин глоссария,200,да,2026-08-28T17:14:11.753Z,да,,на себя,3,2,2,régimen preposicional en ruso — glosario de gramática
https://rusofacilapp.com/es/glossary/prefijo-verbal,термин глоссария,200,да,2026-08-19T19:50:38.964Z,да,,на себя,3,2,2,prefijo verbal en ruso — glosario de gramática
https://rusofacilapp.com/es/glossary/pronombre,термин глоссария,200,да,2026-08-28T17:40:43.817Z,да,,на себя,3,2,2,pronombre en ruso — glosario de gramática | RusoFácilapp
https://rusofacilapp.com/es/glossary/pronombre-indefinido,термин глоссария,200,да,2026-08-28T17:14:12.158Z,да,,на себя,3,2,3,pronombre indefinido en ruso — glosario de gramática
https://rusofacilapp.com/es/courses/a2/27,урок,200,да,2026-08-17T22:46:53.601Z,да,,на себя,3,2,8,"Salud y la visita al médico — lección 27, nivel A2 | RusoFácilapp"
https://rusofacilapp.com/es/glossary/regimen-verbal,термин глоссария,200,да,2026-08-28T17:14:13.722Z,да,,на себя,3,2,3,régimen verbal en ruso — glosario de gramática
https://rusofacilapp.com/es/glossary/sustantivo,термин глоссария,200,да,2026-08-28T17:40:43.495Z,да,,на себя,3,2,2,sustantivo en ruso — glosario de gramática | RusoFácilapp
https://rusofacilapp.com/es/glossary/verbo,термин глоссария,200,да,2026-08-17T22:48:00.270Z,да,,на себя,3,2,2,verbo en ruso — glosario de gramática | RusoFácilapp
https://rusofacilapp.com/es/courses/a2/12,урок,200,да,2026-08-17T22:46:52.007Z,да,,на себя,3,2,9,"Casos después de preposiciones complejas — lección 12, nivel A2"
https://rusofacilapp.com/es/glossary/plurale-tantum,термин глоссария,200,да,2026-08-28T17:14:13.830Z,да,,на себя,3,2,2,sustantivo solo en plural en ruso — glosario de gramática
https://rusofacilapp.com/es/courses/a2/2,урок,200,да,2026-08-17T22:46:45.854Z,да,,на себя,3,2,9,"El pasado y el futuro — lección 2, nivel A2 | RusoFácilapp"
https://rusofacilapp.com/es/glossary/sufijo-aumentativo,термин глоссария,200,да,2026-08-19T19:50:38.964Z,да,,на себя,3,2,2,sufijo aumentativo en ruso — glosario de gramática
https://rusofacilapp.com/es/glossary/tiempo-verbal,термин глоссария,200,да,2026-08-17T22:48:01.316Z,да,,на себя,3,2,3,tiempo verbal en ruso — glosario de gramática | RusoFácilapp
https://rusofacilapp.com/es/courses/a2/28,урок,200,да,2026-08-17T22:46:53.693Z,да,,на себя,3,2,8,"De compras: ropa y devoluciones — lección 28, nivel A2 | RusoFácilapp"
https://rusofacilapp.com/es/glossary/sujeto,термин глоссария,200,да,2026-08-17T22:48:00.981Z,да,,на себя,3,2,2,sujeto en ruso — glosario de gramática | RusoFácilapp
https://rusofacilapp.com/es/glossary/tema-duro-y-blando,термин глоссария,200,да,2026-08-28T17:14:11.662Z,да,,на себя,3,2,4,tema duro y tema blando en ruso — glosario de gramática
https://rusofacilapp.com/es/glossary/verbo-biaspectual,термин глоссария,200,да,2026-08-19T19:50:38.951Z,да,,на себя,3,2,2,verbo biaspectual en ruso — glosario de gramática
https://rusofacilapp.com/es/glossary/verbo-modal,термин глоссария,200,да,2026-08-28T17:14:10.953Z,да,,на себя,3,2,3,verbo modal en ruso — glosario de gramática | RusoFácilapp
https://rusofacilapp.com/es/glossary/verbo-movimiento-figurado,термин глоссария,200,да,2026-08-28T17:40:53.360Z,да,,на себя,3,2,13,verbo de movimiento en sentido figurado en ruso — glosario de…
https://rusofacilapp.com/es/glossary/verbo-movimiento-con-prefijo,термин глоссария,200,да,2026-08-29T18:32:11.124Z,да,,на себя,3,2,17,verbo de movimiento con prefijo en ruso — glosario de gramática
https://rusofacilapp.com/es/glossary/verbo-de-movimiento-multidireccional,термин глоссария,200,да,2026-08-28T17:40:48.137Z,да,,на себя,3,2,13,verbo de movimiento multidireccional en ruso — glosario de gramática
https://rusofacilapp.com/es/glossary/verbo-de-aspecto-unico,термин глоссария,200,да,2026-08-19T19:50:38.951Z,да,,на себя,3,2,2,verbo de aspecto único en ruso — glosario de gramática
https://rusofacilapp.com/es/glossary/verbo-irregular,термин глоссария,200,да,2026-08-28T17:14:11.150Z,да,,на себя,3,2,3,verbo irregular en ruso — glosario de gramática
https://rusofacilapp.com/es/glossary/verbo-reflexivo-sya,термин глоссария,200,да,2026-08-28T16:08:40.301Z,да,,на себя,3,2,246,verbo reflexivo (con -ся) en ruso — glosario de gramática
https://rusofacilapp.com/es/glossary/verbo-de-movimiento-unidireccional,термин глоссария,200,да,2026-08-17T22:48:02.724Z,да,,на себя,3,2,6,verbo de movimiento unidireccional en ruso — glosario de gramática
https://rusofacilapp.com/es/courses/a2/15,урок,200,да,2026-08-17T22:46:52.316Z,да,,на себя,3,2,14,"Verbos de movimiento: ехать y ездить — lección 15, nivel A2"
https://rusofacilapp.com/es/glossary/verbos-de-movimiento,термин глоссария,200,да,2026-08-17T22:48:02.314Z,да,,на себя,3,2,4,verbos de movimiento en ruso — glosario de gramática
https://rusofacilapp.com/es/glossary/contraste-to-nibud,термин глоссария,200,да,2026-08-28T17:14:12.403Z,да,,на себя,3,2,3,«-то» frente a «-нибудь» en ruso — glosario de gramática
https://rusofacilapp.com/es/glossary/par-ehat-ezdit,термин глоссария,200,да,2026-08-19T19:50:38.946Z,да,,на себя,3,2,2,ехать / ездить en ruso — glosario de gramática
https://rusofacilapp.com/es/glossary/voz-activa,термин глоссария,200,да,2026-08-28T17:40:45.816Z,да,,на себя,3,2,2,voz activa en ruso — glosario de gramática | RusoFácilapp
https://rusofacilapp.com/es/glossary/voz-pasiva,термин глоссария,200,да,2026-08-28T17:40:46.733Z,да,,на себя,3,2,3,voz pasiva en ruso — glosario de gramática | RusoFácilapp
https://rusofacilapp.com/es/glossary/par-idti-hodit,термин глоссария,200,да,2026-08-29T18:32:11.412Z,да,,на себя,3,2,3,идти / ходить en ruso — glosario de gramática | RusoFácilapp
https://rusofacilapp.com/es/glossary/par-letet-letat,термин глоссария,200,да,2026-08-28T17:14:11.972Z,да,,на себя,3,2,3,лететь / летать en ruso — glosario de gramática
https://rusofacilapp.com/es/glossary/par-bezhat-begat,термин глоссария,200,да,2026-08-19T19:50:38.947Z,да,,на себя,3,2,2,бежать / бегать en ruso — glosario de gramática
https://rusofacilapp.com/es/courses/a2/18,урок,200,да,2026-08-17T22:46:52.631Z,да,,на себя,3,2,12,"Verbos de movimiento en diálogos y práctica — lección 18, nivel A2"
https://rusofacilapp.com/es/glossary/par-nesti-nosit,термин глоссария,200,да,2026-08-19T19:50:38.959Z,да,,на себя,3,2,2,нести / носить en ruso — glosario de gramática
https://rusofacilapp.com/ru/courses/b1/3,урок,200,да,2026-08-17T22:46:46.704Z,да,,на себя,3,2,10,"Выражение мнения, согласие и несогласие — урок 3, уровень B1"
https://rusofacilapp.com/ru/courses/b1/1,урок,200,да,2026-08-17T22:46:46.476Z,да,,на себя,3,2,9,"Глаголы движения: идти и ехать в русском языке — урок 1, уровень B1"
https://rusofacilapp.com/es/courses/a2/17,урок,200,да,2026-08-17T22:46:52.544Z,да,,на себя,3,2,14,"Otros verbos de movimiento: летать/лететь, плавать/плыть, носить/нести"
https://rusofacilapp.com/es/glossary/par-plyt-plavat,термин глоссария,200,да,2026-08-28T17:14:12.066Z,да,,на себя,3,2,3,плыть / плавать en ruso — glosario de gramática
https://rusofacilapp.com/ru/courses/b1/6,урок,200,да,2026-08-17T22:46:47.028Z,да,,на себя,3,2,9,"СМИ и простые новости — урок 6, уровень B1 | RusoFácilapp"
https://rusofacilapp.com/ru/courses/b1/4,урок,200,да,2026-08-17T22:46:46.837Z,да,,на себя,3,2,9,"Мир работы и учёбы — урок 4, уровень B1 | RusoFácilapp"
https://rusofacilapp.com/ru/courses/b1/2,урок,200,да,2026-08-17T22:46:46.601Z,да,,на себя,3,2,11,"Падежи в контексте: дательный и творительный — урок 2, уровень B1"
https://rusofacilapp.com/ru/courses/b1/5,урок,200,да,2026-08-17T22:46:46.931Z,да,,на себя,3,2,11,"Подробный рассказ о прошлом опыте — урок 5, уровень B1 | RusoFácilapp"
https://rusofacilapp.com/ru/courses/b1/7,урок,200,да,2026-08-17T22:46:47.155Z,да,,на себя,3,2,9,"Русская культура и традиции — урок 7, уровень B1 | RusoFácilapp"
https://rusofacilapp.com/ru/courses/b1/8,урок,200,да,2026-08-17T22:46:47.286Z,да,,на себя,3,2,11,"Написание писем и официальных сообщений — урок 8, уровень B1"
https://rusofacilapp.com/ru/courses/b1/10,урок,200,да,2026-08-17T22:46:55.018Z,да,,на себя,3,2,12,Глаголы движения с приставками в-/вы-: вход и выход — урок 10 (B1)
https://rusofacilapp.com/ru/courses/b1/9,урок,200,да,2026-08-17T22:46:54.016Z,да,,на себя,3,2,7,Глаголы движения с приставками при-/у-: прибытие и отъезд
https://rusofacilapp.com/ru/courses/b1/14,урок,200,да,2026-08-17T22:46:55.632Z,да,,на себя,3,2,10,Приставочные глаголы движения: повторение и переносные значения
https://rusofacilapp.com/ru/courses/b1/13,урок,200,да,2026-08-17T22:46:55.391Z,да,,на себя,3,2,9,Глаголы движения с приставками про-/до-: движение мимо и до цели
https://rusofacilapp.com/ru/courses/b1/11,урок,200,да,2026-08-17T22:46:55.189Z,да,,на себя,3,2,12,Глаголы движения с приставками под-/от-: приближение и удаление
https://rusofacilapp.com/ru/courses/b1/16,урок,200,да,2026-08-17T22:46:55.872Z,да,,на себя,3,2,12,Вид глагола в будущем времени: совершенный и несовершенный
https://rusofacilapp.com/ru/courses/b1/12,урок,200,да,2026-08-17T22:46:55.290Z,да,,на себя,3,2,10,Глаголы движения с приставкой пере-: пересечение и переезд
https://rusofacilapp.com/ru/courses/b1/15,урок,200,да,2026-08-17T22:46:55.727Z,да,,на себя,3,2,8,Вид глагола в прошедшем времени: совершенный и несовершенный
https://rusofacilapp.com/ru/courses/b1/17,урок,200,да,2026-08-17T22:46:55.967Z,да,,на себя,3,2,12,"Вид инфинитива после модальных глаголов — урок 17, уровень B1"
https://rusofacilapp.com/ru/courses/b1/18,урок,200,да,2026-08-17T22:46:56.064Z,да,,на себя,3,2,9,Вид глагола при отрицании и повторяющемся действии — урок 18 (B1)
https://rusofacilapp.com/ru/courses/b1/20,урок,200,да,2026-08-17T22:46:56.243Z,да,,на себя,3,2,13,Страдательные причастия: настоящего и прошедшего времени
https://rusofacilapp.com/ru/courses/b1/19,урок,200,да,2026-08-17T22:46:56.156Z,да,,на себя,3,2,12,Действительные причастия: настоящего и прошедшего времени
https://rusofacilapp.com/ru/courses/b1/21,урок,200,да,2026-08-17T22:46:56.333Z,да,,на себя,3,2,11,"Деепричастия несовершенного вида — урок 21, уровень B1 | RusoFácilapp"
https://rusofacilapp.com/ru/courses/b1/23,урок,200,да,2026-08-17T22:46:56.525Z,да,,на себя,3,2,8,"Косвенная речь с союзом &#x27;что&#x27; — урок 23, уровень B1 | RusoFácilapp"
https://rusofacilapp.com/ru/courses/b1/28,урок,200,да,2026-08-17T22:46:57.007Z,да,,на себя,3,2,9,"Образование и карьера — урок 28, уровень B1 | RusoFácilapp"
https://rusofacilapp.com/ru/courses/b1/25,урок,200,да,2026-08-17T22:46:56.719Z,да,,на себя,3,2,11,"Косвенные вопросы: как, где, когда, почему — урок 25, уровень B1"
https://rusofacilapp.com/ru/courses/b1/27,урок,200,да,2026-08-17T22:46:56.924Z,да,,на себя,3,2,9,"Поиск работы и собеседование — урок 27, уровень B1 | RusoFácilapp"
https://rusofacilapp.com/ru/courses/b1/29,урок,200,да,2026-08-17T22:46:57.189Z,да,,на себя,3,2,10,"Обсуждение фильмов и книг — урок 29, уровень B1 | RusoFácilapp"
https://rusofacilapp.com/ru/courses/b1/30,урок,200,да,2026-08-17T22:46:57.282Z,да,,на себя,3,2,9,"Выразительные эмоциональные оценки — урок 30, уровень B1"
https://rusofacilapp.com/ru/courses/a2/2,урок,200,да,2026-08-17T22:46:45.854Z,да,,на себя,3,2,8,"Прошедшее и будущее время — урок 2, уровень A2 | RusoFácilapp"
https://rusofacilapp.com/ru/courses/a2/1,урок,200,да,2026-08-17T22:46:45.724Z,да,,на себя,3,2,12,"Вид глагола: совершенный и несовершенный — урок 1, уровень A2"
https://rusofacilapp.com/ru/courses/b1/22,урок,200,да,2026-08-17T22:46:56.426Z,да,,на себя,3,2,10,"Деепричастия совершенного вида — урок 22, уровень B1 | RusoFácilapp"
https://rusofacilapp.com/ru/courses/b1/26,урок,200,да,2026-08-17T22:46:56.840Z,да,,на себя,3,2,8,"Придаточные предложения с &#x27;который&#x27; — урок 26, уровень B1"
https://rusofacilapp.com/ru/courses/b1/24,урок,200,да,2026-08-17T22:46:56.619Z,да,,на себя,3,2,10,"Косвенная речь с союзом &#x27;чтобы&#x27; — урок 24, уровень B1 | RusoFácilapp"
https://rusofacilapp.com/ru/courses/a2/6,урок,200,да,2026-08-17T22:46:46.192Z,да,,на себя,3,2,9,"Дом, район и адреса — урок 6, уровень A2 | RusoFácilapp"
https://rusofacilapp.com/ru/courses/a2/4,урок,200,да,2026-08-17T22:46:46.017Z,да,,на себя,3,2,8,"Разговор о погоде и временах года — урок 4, уровень A2 | RusoFácilapp"
https://rusofacilapp.com/ru/courses/a2/11,урок,200,да,2026-08-17T22:46:51.910Z,да,,на себя,3,2,10,"Творительный падеж прилагательных и местоимений — урок 11, уровень A2"
https://rusofacilapp.com/ru/courses/a2/3,урок,200,да,2026-08-17T22:46:45.938Z,да,,на себя,3,2,11,"Падежи на практике: родительный и винительный — урок 3, уровень A2"
https://rusofacilapp.com/ru/courses/a2/7,урок,200,да,2026-08-17T22:46:46.283Z,да,,на себя,3,2,15,"Сравнения и простые мнения — урок 7, уровень A2 | RusoFácilapp"
https://rusofacilapp.com/ru/courses/a2/5,урок,200,да,2026-08-17T22:46:46.101Z,да,,на себя,3,2,7,"Планы поездок и общественный транспорт — урок 5, уровень A2"
https://rusofacilapp.com/ru/courses/a2/9,урок,200,да,2026-08-17T22:46:51.731Z,да,,на себя,3,2,13,"Родительный падеж прилагательных и местоимений — урок 9, уровень A2"
https://rusofacilapp.com/ru/courses/a2/14,урок,200,да,2026-08-17T22:46:52.222Z,да,,на себя,3,2,15,"Глаголы движения: идти и ходить — урок 14, уровень A2 | RusoFácilapp"
https://rusofacilapp.com/ru/courses/a2/10,урок,200,да,2026-08-17T22:46:51.822Z,да,,на себя,3,2,13,"Дательный падеж прилагательных и местоимений — урок 10, уровень A2"
https://rusofacilapp.com/ru/courses/a2/12,урок,200,да,2026-08-17T22:46:52.007Z,да,,на себя,3,2,9,"Падежи после сложных предлогов — урок 12, уровень A2 | RusoFácilapp"
https://rusofacilapp.com/ru/courses/a2/8,урок,200,да,2026-08-17T22:46:46.384Z,да,,на себя,3,2,11,"Здоровье и части тела — урок 8, уровень A2 | RusoFácilapp"
https://rusofacilapp.com/ru/courses/a2/13,урок,200,да,2026-08-17T22:46:52.095Z,да,,на себя,3,2,8,"Общий повтор: все падежи в одном тексте — урок 13, уровень A2"
https://rusofacilapp.com/ru/courses/a2/17,урок,200,да,2026-08-17T22:46:52.544Z,да,,на себя,3,2,14,"Другие глаголы движения: летать/лететь, плавать/плыть, носить/нести"
https://rusofacilapp.com/ru/courses/a2/19,урок,200,да,2026-08-17T22:46:52.715Z,да,,на себя,3,2,7,"Сравнительная степень прилагательных — урок 19, уровень A2"
https://rusofacilapp.com/ru/courses/a2/15,урок,200,да,2026-08-17T22:46:52.316Z,да,,на себя,3,2,14,"Глаголы движения: ехать и ездить — урок 15, уровень A2 | RusoFácilapp"
https://rusofacilapp.com/ru/courses/a2/23,урок,200,да,2026-08-17T22:46:53.127Z,да,,на себя,3,2,10,"Неопределённые местоимения: кто-то, что-то, какой-то — урок 23 (A2)"
https://rusofacilapp.com/ru/courses/a2/20,урок,200,да,2026-08-17T22:46:52.824Z,да,,на себя,3,2,11,"Сравнительная степень наречий — урок 20, уровень A2 | RusoFácilapp"
https://rusofacilapp.com/ru/courses/a2/21,урок,200,да,2026-08-17T22:46:52.913Z,да,,на себя,3,2,8,"Превосходная степень прилагательных — урок 21, уровень A2"
https://rusofacilapp.com/ru/courses/a2/16,урок,200,да,2026-08-17T22:46:52.399Z,да,,на себя,3,2,10,"Глаголы движения: бежать и бегать — урок 16, уровень A2 | RusoFácilapp"
https://rusofacilapp.com/ru/courses/a2/18,урок,200,да,2026-08-17T22:46:52.631Z,да,,на себя,3,2,12,"Глаголы движения в диалогах и практике — урок 18, уровень A2"
https://rusofacilapp.com/ru/courses/a2/28,урок,200,да,2026-08-17T22:46:53.693Z,да,,на себя,3,2,8,"Покупка одежды и возврат товара — урок 28, уровень A2 | RusoFácilapp"
https://rusofacilapp.com/ru/courses/a2/24,урок,200,да,2026-08-17T22:46:53.232Z,да,,на себя,3,2,12,"Неопределённые местоимения с -нибудь — урок 24, уровень A2"
https://rusofacilapp.com/ru/courses/a2/26,урок,200,да,2026-08-17T22:46:53.461Z,да,,на себя,3,2,11,"Отрицательные наречия: никогда, нигде, никуда — урок 26, уровень A2"
https://rusofacilapp.com/ru/courses/a2/25,урок,200,да,2026-08-17T22:46:53.371Z,да,,на себя,3,2,7,"Отрицательные местоимения: никто, ничто, никакой — урок 25, уровень A2"
https://rusofacilapp.com/ru/courses/a2/29,урок,200,да,2026-08-17T22:46:53.787Z,да,,на себя,3,2,7,"Погода и ориентация в незнакомом городе — урок 29, уровень A2"
https://rusofacilapp.com/ru/courses/a2/27,урок,200,да,2026-08-17T22:46:53.601Z,да,,на себя,3,2,8,"Здоровье и визит к врачу — урок 27, уровень A2 | RusoFácilapp"
https://rusofacilapp.com/ru/courses/a1/3,урок,200,да,2026-08-17T22:46:45.196Z,да,,на себя,3,2,14,"Русские падежи: первое знакомство — урок 3, уровень A1 | RusoFácilapp"
https://rusofacilapp.com/ru/courses/a2/30,урок,200,да,2026-08-17T22:46:53.921Z,да,,на себя,3,2,6,"Описание характера и внешности — урок 30, уровень A2 | RusoFácilapp"
https://rusofacilapp.com/ru/courses/a1/2,урок,200,да,2026-08-17T22:46:45.119Z,да,,на себя,3,2,8,"Приветствия, прощания и знакомство — урок 2, уровень A1 | RusoFácilapp"
https://rusofacilapp.com/ru/courses/a1/1,урок,200,да,2026-08-17T22:46:44.565Z,да,,на себя,3,2,11,"Кириллический алфавит и звуки русского языка — урок 1, уровень A1"
https://rusofacilapp.com/ru/courses/a1/4,урок,200,да,2026-08-17T22:46:45.269Z,да,,на себя,3,2,10,"Числа, цены и время — урок 4, уровень A1 | RusoFácilapp"
https://rusofacilapp.com/ru/courses/a2/22,урок,200,да,2026-08-17T22:46:52.999Z,да,,на себя,3,2,10,"Сравнения в речи: «чем… тем», «так же как» — урок 22, уровень A2"
https://rusofacilapp.com/ru/courses/a1/5,урок,200,да,2026-08-17T22:46:45.388Z,да,,на себя,3,2,13,"В ресторане и в магазине — урок 5, уровень A1 | RusoFácilapp"
https://rusofacilapp.com/ru/courses/a1/6,урок,200,да,2026-08-17T22:46:45.466Z,да,,на себя,3,2,14,"Семья и простые описания — урок 6, уровень A1 | RusoFácilapp"
https://rusofacilapp.com/ru/courses/a1/8,урок,200,да,2026-08-17T22:46:45.649Z,да,,на себя,3,2,8,"Ориентация в городе — урок 8, уровень A1 | RusoFácilapp"
https://rusofacilapp.com/ru/courses/a1/7,урок,200,да,2026-08-17T22:46:45.574Z,да,,на себя,3,2,16,"Глаголы в настоящем времени: первое спряжение — урок 7, уровень A1"
https://rusofacilapp.com/ru/courses/a1/13,урок,200,да,2026-08-17T22:46:49.707Z,да,,на себя,3,2,9,"Винительный падеж: прямой объект — урок 13, уровень A1 | RusoFácilapp"
https://rusofacilapp.com/ru/courses/a1/12,урок,200,да,2026-08-17T22:46:49.627Z,да,,на себя,3,2,7,"Предложный падеж: на чём? (транспорт) — урок 12, уровень A1"
https://rusofacilapp.com/ru/courses/a1/9,урок,200,да,2026-08-17T22:46:49.321Z,да,,на себя,3,2,15,"Повелительное наклонение: приказы и советы — урок 9, уровень A1"
https://rusofacilapp.com/ru/courses/a1/20,урок,200,да,2026-08-17T22:46:50.459Z,да,,на себя,3,2,9,"Даты: какое сегодня число? — урок 20, уровень A1 | RusoFácilapp"
https://rusofacilapp.com/ru/courses/a1/18,урок,200,да,2026-08-17T22:46:50.213Z,да,,на себя,3,2,9,"Время суток и часы — урок 18, уровень A1 | RusoFácilapp"
https://rusofacilapp.com/ru/courses/a1/19,урок,200,да,2026-08-17T22:46:50.346Z,да,,на себя,3,2,10,"Дни недели и месяцы — урок 19, уровень A1 | RusoFácilapp"
https://rusofacilapp.com/ru/courses/a1/10,урок,200,да,2026-08-17T22:46:49.407Z,да,,на себя,3,2,10,"Модальные глаголы: хотеть и мочь — урок 10, уровень A1 | RusoFácilapp"
https://rusofacilapp.com/ru/courses/a1/15,урок,200,да,2026-08-17T22:46:49.950Z,да,,на себя,3,2,7,"Прошедшее время глаголов — урок 15, уровень A1 | RusoFácilapp"
https://rusofacilapp.com/ru/courses/a1/16,урок,200,да,2026-08-17T22:46:50.035Z,да,,на себя,3,2,9,"Будущее время: совершенный и несовершенный вид — урок 16, уровень A1"
https://rusofacilapp.com/ru/courses/a1/17,урок,200,да,2026-08-17T22:46:50.127Z,да,,на себя,3,2,9,"Конструкция «У меня есть» — урок 17, уровень A1 | RusoFácilapp"
https://rusofacilapp.com/ru/courses/a1/11,урок,200,да,2026-08-17T22:46:49.544Z,да,,на себя,3,2,10,"Предложный падеж: где? (места) — урок 11, уровень A1 | RusoFácilapp"
https://rusofacilapp.com/ru/courses/a1/14,урок,200,да,2026-08-17T22:46:49.859Z,да,,на себя,3,2,10,"Винительный падеж: куда? (направление) — урок 14, уровень A1"
https://rusofacilapp.com/ru/courses/a1/24,урок,200,да,2026-08-17T22:46:50.921Z,да,,на себя,3,2,8,"Дательный падеж: возраст (мне... лет) — урок 24, уровень A1"
https://rusofacilapp.com/ru/courses/a1/22,урок,200,да,2026-08-17T22:46:50.644Z,да,,на себя,3,2,14,"Родительный падеж: количество и числительные — урок 22, уровень A1"
https://rusofacilapp.com/ru/courses/a1/23,урок,200,да,2026-08-17T22:46:50.732Z,да,,на себя,3,2,9,"Родительный падеж: принадлежность и «откуда» — урок 23, уровень A1"
https://rusofacilapp.com/ru/courses/a1/26,урок,200,да,2026-08-17T22:46:51.129Z,да,,на себя,3,2,13,"Творительный падеж: профессии — урок 26, уровень A1 | RusoFácilapp"
https://rusofacilapp.com/ru/courses/a1/25,урок,200,да,2026-08-17T22:46:51.008Z,да,,на себя,3,2,8,"Дательный падеж: «мне нравится» и чувства — урок 25, уровень A1"
https://rusofacilapp.com/ru/courses/a1/30,урок,200,да,2026-08-17T22:46:51.636Z,да,,на себя,3,2,7,"Практический диалог: в аэропорту — урок 30, уровень A1 | RusoFácilapp"
https://rusofacilapp.com/ru/courses/a1/27,урок,200,да,2026-08-17T22:46:51.217Z,да,,на себя,3,2,12,"Творительный падеж: «с кем-то» — урок 27, уровень A1 | RusoFácilapp"
https://rusofacilapp.com/ru/courses/a1/28,урок,200,да,2026-08-17T22:46:51.372Z,да,,на себя,3,2,7,"Практический диалог: в ресторане и в отеле — урок 28, уровень A1"
https://rusofacilapp.com/ru/courses/b2/5,урок,200,да,2026-08-17T22:46:47.824Z,да,,на себя,3,2,10,"Идиомы и разговорная речь — урок 5, уровень B2 | RusoFácilapp"
https://rusofacilapp.com/ru/courses/a1/21,урок,200,да,2026-08-17T22:46:50.561Z,да,,на себя,3,2,11,"Родительный падеж: отсутствие (нет...) — урок 21, уровень A1"
https://rusofacilapp.com/ru/courses/b2/4,урок,200,да,2026-08-17T22:46:47.740Z,да,,на себя,3,2,12,"Литературный русский язык: разбор отрывков — урок 4, уровень B2"
https://rusofacilapp.com/ru/courses/a1/29,урок,200,да,2026-08-17T22:46:51.465Z,да,,на себя,3,2,4,"Практический диалог: на улице, как спросить дорогу — урок 29 (A1)"
https://rusofacilapp.com/ru/courses/b2/6,урок,200,да,2026-08-17T22:46:48.008Z,да,,на себя,3,2,9,"Актуальные темы и общество — урок 6, уровень B2 | RusoFácilapp"
https://rusofacilapp.com/ru/courses/b2/7,урок,200,да,2026-08-17T22:46:48.092Z,да,,на себя,3,2,7,"Деловой и профессиональный русский — урок 7, уровень B2 | RusoFácilapp"
https://rusofacilapp.com/ru/courses/b2/1,урок,200,да,2026-08-17T22:46:47.429Z,да,,на себя,3,2,6,"Условное наклонение: частица «бы» — урок 1, уровень B2 | RusoFácilapp"
https://rusofacilapp.com/ru/courses/b2/9,урок,200,да,2026-08-17T22:46:57.406Z,да,,на себя,3,2,8,"Причастия вместо придаточных предложений — урок 9, уровень B2"
https://rusofacilapp.com/ru/courses/b2/2,урок,200,да,2026-08-17T22:46:47.561Z,да,,на себя,3,2,6,"Реальные условные предложения: «если... то...» — урок 2, уровень B2"
https://rusofacilapp.com/ru/courses/b2/8,урок,200,да,2026-08-17T22:46:49.105Z,да,,на себя,3,2,14,Краткие прилагательные и склонение числительных с существительными
https://rusofacilapp.com/ru/courses/b2/3,урок,200,да,2026-08-17T22:46:47.650Z,да,,на себя,3,2,8,"Дебаты: аргументация и контраргументация — урок 3, уровень B2"
https://rusofacilapp.com/ru/courses/b2/10,урок,200,да,2026-08-17T22:46:57.501Z,да,,на себя,3,2,11,"Деепричастия вместо придаточных предложений — урок 10, уровень B2"
https://rusofacilapp.com/ru/courses/b2/11,урок,200,да,2026-08-17T22:46:57.584Z,да,,на себя,3,2,7,"Стиль и нюансы причастий и деепричастий — урок 11, уровень B2"
https://rusofacilapp.com/ru/courses/b2/12,урок,200,да,2026-08-17T22:46:57.675Z,да,,на себя,3,2,10,"Причастия против придаточных с «который» — урок 12, уровень B2"
https://rusofacilapp.com/ru/courses/b2/13,урок,200,да,2026-08-17T22:46:57.759Z,да,,на себя,3,2,8,"Страдательные причастия в официальном стиле — урок 13, уровень B2"
https://rusofacilapp.com/ru/courses/b2/15,урок,200,да,2026-08-17T22:46:57.930Z,да,,на себя,3,2,10,"Уступительные союзы: «несмотря на то что», «хотя» — урок 15 (B2)"
https://rusofacilapp.com/ru/courses/b2/17,урок,200,да,2026-08-17T22:46:58.141Z,да,,на себя,3,2,11,"Целевые и следственные союзы: «для того чтобы», «так что»"
https://rusofacilapp.com/ru/courses/b2/14,урок,200,да,2026-08-17T22:46:57.844Z,да,,на себя,3,2,10,"Причинные союзы: «потому что», «так как», «поскольку» — урок 14 (B2)"
https://rusofacilapp.com/ru/courses/b2/19,урок,200,да,2026-08-17T22:46:58.319Z,да,,на себя,3,2,9,"Переносные значения глаголов движения II — урок 19, уровень B2"
https://rusofacilapp.com/ru/courses/b2/20,урок,200,да,2026-08-17T22:46:58.474Z,да,,на себя,3,2,8,"Идиоматика с глаголами движения — урок 20, уровень B2 | RusoFácilapp"
https://rusofacilapp.com/ru/courses/b2/18,урок,200,да,2026-08-17T22:46:58.232Z,да,,на себя,3,2,9,"Переносные значения глаголов движения I — урок 18, уровень B2"
https://rusofacilapp.com/ru/courses/b2/21,урок,200,да,2026-08-17T22:46:58.565Z,да,,на себя,3,2,8,"Продвинутые грамматические идиомы — урок 21, уровень B2 | RusoFácilapp"
https://rusofacilapp.com/ru/courses/b2/23,урок,200,да,2026-08-17T22:46:58.766Z,да,,на себя,3,2,13,"Деловой стиль: официальная переписка — урок 23, уровень B2"
https://rusofacilapp.com/ru/courses/b2/22,урок,200,да,2026-08-17T22:46:58.648Z,да,,на себя,3,2,10,Научный стиль: канцеляризмы и пассивные конструкции — урок 22 (B2)
https://rusofacilapp.com/ru/courses/b2/25,урок,200,да,2026-08-17T22:46:58.969Z,да,,на себя,3,2,10,"Официальный и разговорный регистр: трансформации — урок 25, уровень B2"
https://rusofacilapp.com/ru/courses/b2/24,урок,200,да,2026-08-17T22:46:58.856Z,да,,на себя,3,2,9,"Публицистический стиль: репортажи и заголовки — урок 24, уровень B2"
https://rusofacilapp.com/ru/courses/b2/26,урок,200,да,2026-08-17T22:46:59.134Z,да,,на себя,3,2,9,"Средства убеждения и модальность мнения — урок 26, уровень B2"
https://rusofacilapp.com/ru/courses/b2/27,урок,200,да,2026-08-17T22:46:59.232Z,да,,на себя,3,2,8,"Экология и технологии: лексика и дебаты — урок 27, уровень B2"
https://rusofacilapp.com/ru/courses/b2/28,урок,200,да,2026-08-17T22:46:59.339Z,да,,на себя,3,2,5,"Культура и искусство: критика и мнение — урок 28, уровень B2"
https://rusofacilapp.com/ru/courses/b2/30,урок,200,да,2026-08-17T22:46:59.568Z,да,,на себя,3,2,7,"Подготовка к сертификационному экзамену — урок 30, уровень B2"
https://rusofacilapp.com/ru/courses/b2/29,урок,200,да,2026-08-17T22:46:59.431Z,да,,на себя,3,2,10,"Скрытые эмоции, ирония и подтекст — урок 29, уровень B2 | RusoFácilapp"
https://rusofacilapp.com/ru/stories/cmsxtq113000bqwncxxdynsed,рассказ,200,да,,да,,на себя,3,2,4,Теремок — рассказ на русском (A1) | RusoFácilapp
https://rusofacilapp.com/ru/stories/cmsxtq13w000cqwnc466c87es,рассказ,200,да,,да,,на себя,3,2,3,Репка — рассказ на русском (A1) | RusoFácilapp
https://rusofacilapp.com/ru/stories/cmt07mslt0000bance9fb6rkw,рассказ,200,да,,да,,на себя,3,2,1,День стирки — рассказ на русском (A1) | RusoFácilapp
https://rusofacilapp.com/ru/stories/cmsxtr872008mqwnczcq6kvov,рассказ,200,да,,да,,на себя,3,2,2,Занятия гончарным делом по средам — рассказ на русском (A1) | RusoFácilapp
https://rusofacilapp.com/ru/stories/cmszq4fab0000pknco5jnogbu,рассказ,200,да,,да,,на себя,3,2,1,Кружок оригами по понедельникам — рассказ на русском (A1) | RusoFácilapp
https://rusofacilapp.com/ru/stories/cmsxtr7rz008hqwnc1pq76v5n,рассказ,200,да,,да,,на себя,3,2,2,Кружок вязания по вторникам — рассказ на русском (A1) | RusoFácilapp
https://rusofacilapp.com/ru/stories/cmsxtr7ci008cqwncm9zfjisz,рассказ,200,да,,да,,на себя,3,2,2,Рыбалка с дедушкой по выходным — рассказ на русском (A1) | RusoFácilapp
https://rusofacilapp.com/ru/stories/cmsxtr67o0087qwncd0ysnds7,рассказ,200,да,,да,,на себя,3,2,1,Занятия йогой в парке — рассказ на русском (A1) | RusoFácilapp
https://rusofacilapp.com/ru/stories/cmsxtr5pc0082qwncq5ie4hox,рассказ,200,да,,да,,на себя,3,2,1,Аквариум в гостиной — рассказ на русском (A1) | RusoFácilapp
https://rusofacilapp.com/ru/stories/cmsxtr3f0007nqwncqz4f2cxo,рассказ,200,да,,да,,на себя,3,2,3,Уборка в субботу — рассказ на русском (A1) | RusoFácilapp
https://rusofacilapp.com/ru/stories/cmsxtr3wh007sqwnca6hmauhy,рассказ,200,да,,да,,на себя,3,2,3,Пробежка вдоль реки — рассказ на русском (A1) | RusoFácilapp
https://rusofacilapp.com/ru/stories/cmsxtr52l007xqwncbn9bv63f,рассказ,200,да,,да,,на себя,3,2,3,Чтение перед сном — рассказ на русском (A1) | RusoFácilapp
https://rusofacilapp.com/ru/stories/cmsxtr0rm0073qwncn5o1bqj6,рассказ,200,да,,да,,на себя,3,2,2,Прогулка с собакой — рассказ на русском (A1) | RusoFácilapp
https://rusofacilapp.com/ru/stories/cmsxtr1qz007dqwnc5genagbr,рассказ,200,да,,да,,на себя,3,2,3,Завтрак в семье — рассказ на русском (A1) | RusoFácilapp
https://rusofacilapp.com/ru/stories/cmsxtr2xe007iqwncuckr1vkh,рассказ,200,да,,да,,на себя,3,2,2,Прогулка на велосипеде — рассказ на русском (A1) | RusoFácilapp
https://rusofacilapp.com/ru/stories/cmsxtr1aw0078qwncmo5zuk59,рассказ,200,да,,да,,на себя,3,2,3,Поход в библиотеку — рассказ на русском (A1) | RusoFácilapp
https://rusofacilapp.com/ru/stories/cmsxtqzlh006yqwnc1wjvuq7p,рассказ,200,да,,да,,на себя,3,2,1,Очередь в пекарне — рассказ на русском (A1) | RusoFácilapp
https://rusofacilapp.com/ru/stories/cmsxtqykf006oqwnco3mxguya,рассказ,200,да,,да,,на себя,3,2,3,Сортировка мусора дома — рассказ на русском (A1) | RusoFácilapp
https://rusofacilapp.com/ru/stories/cmsxtqz2u006tqwncm5cgduxm,рассказ,200,да,,да,,на себя,3,2,1,Бабочка для праздника — рассказ на русском (A1) | RusoFácilapp
https://rusofacilapp.com/ru/stories/cmsxtqukx005zqwnc96knvja9,рассказ,200,да,,да,,на себя,3,2,4,Копилка Тимура — рассказ на русском (A1) | RusoFácilapp
https://rusofacilapp.com/ru/stories/cmsxtqw7q0069qwncd31glvde,рассказ,200,да,,да,,на себя,3,2,2,Стол по инструкции — рассказ на русском (A1) | RusoFácilapp
https://rusofacilapp.com/ru/courses/b2/16,урок,200,да,2026-08-17T22:46:58.019Z,да,,на себя,3,2,8,"Причина: «благодаря тому что», «из-за того что» — урок 16, уровень B2"
https://rusofacilapp.com/ru/stories/cmsxtqxbk006jqwncpmca1k7r,рассказ,200,да,,да,,на себя,3,2,3,Гаммы перед ужином — рассказ на русском (A1) | RusoFácilapp
https://rusofacilapp.com/ru/stories/cmsxtqv2p0064qwnctamshxtc,рассказ,200,да,,да,,на себя,3,2,2,Бутерброд для Ромы — рассказ на русском (A1) | RusoFácilapp
https://rusofacilapp.com/ru/stories/cmsxtqq5w0055qwncylfdqnik,рассказ,200,да,,да,,на себя,3,2,2,Бумажный кораблик — рассказ на русском (A1) | RusoFácilapp
https://rusofacilapp.com/ru/stories/cmsxtqwty006eqwncfdbe9oka,рассказ,200,да,,да,,на себя,3,2,3,Носки из корзины — рассказ на русском (A1) | RusoFácilapp
https://rusofacilapp.com/ru/stories/cmsxtqit1003nqwncx8frzgww,рассказ,200,да,,да,,на себя,3,2,2,Воздушный шарик — рассказ на русском (A1) | RusoFácilapp
https://rusofacilapp.com/ru/stories/cmsxtq5cd0012qwnc9s0yn1eg,рассказ,200,да,,да,,на себя,3,2,3,Дождливый день — рассказ на русском (A1) | RusoFácilapp
https://rusofacilapp.com/ru/stories/cmsxtq2tw000lqwnc2ujzx9ao,рассказ,200,да,,да,,на себя,3,2,4,Заюшкина избушка — рассказ на русском (A1) | RusoFácilapp
https://rusofacilapp.com/ru/stories/cmsxtqu1x005uqwncjte480nt,рассказ,200,да,,да,,на себя,3,2,3,Зёрнышко в горшке — рассказ на русском (A1) | RusoFácilapp
https://rusofacilapp.com/ru/stories/cmsxtqn14004gqwnc088k6ca9,рассказ,200,да,,да,,на себя,3,2,3,Два одинаковых завтрака — рассказ на русском (A1) | RusoFácilapp
https://rusofacilapp.com/ru/stories/cmsxtqggt0036qwnccjs9uqji,рассказ,200,да,,да,,на себя,3,2,1,Жаркий день — рассказ на русском (A1) | RusoFácilapp
https://rusofacilapp.com/ru/stories/cmsxtqp81004vqwnc4ub9ya09,рассказ,200,да,,да,,на себя,3,2,1,Куда положить бутылку? — рассказ на русском (A1) | RusoFácilapp
https://rusofacilapp.com/ru/stories/cmsxtqbt6002aqwncutcvwooc,рассказ,200,да,,да,,на себя,3,2,2,Даша учится плавать — рассказ на русском (A1) | RusoFácilapp
https://rusofacilapp.com/ru/stories/cmsxtq2xo000mqwncw7ohsk36,рассказ,200,да,,да,,на себя,3,2,3,"Кот, петух и лиса — рассказ на русском (A1) | RusoFácilapp"
https://rusofacilapp.com/ru/stories/cmsxtqcr3002kqwnclraox2j7,рассказ,200,да,,да,,на себя,3,2,2,Мамина шляпа — рассказ на русском (A1) | RusoFácilapp
https://rusofacilapp.com/ru/stories/cmsxtqcu2002lqwncmfbtppth,рассказ,200,да,,да,,на себя,3,2,3,Дедушкин огород — рассказ на русском (A1) | RusoFácilapp
https://rusofacilapp.com/ru/stories/cmsxtqldh0046qwnc3vh0knct,рассказ,200,да,,да,,на себя,3,2,2,Воздушный змей на дереве — рассказ на русском (A1) | RusoFácilapp
https://rusofacilapp.com/ru/stories/cmsxtq17c000dqwncdh2um41h,рассказ,200,да,,да,,на себя,3,2,3,Курочка Ряба — рассказ на русском (A1) | RusoFácilapp
https://rusofacilapp.com/ru/stories/cmsxtqgju0037qwnckslrk9pd,рассказ,200,да,,да,,на себя,3,2,1,Молочный зуб — рассказ на русском (A1) | RusoFácilapp
https://rusofacilapp.com/ru/stories/cmsxtq0xp000aqwnc8f6ri9ul,рассказ,200,да,,да,,на себя,3,2,4,Колобок — рассказ на русском (A1) | RusoFácilapp
https://rusofacilapp.com/ru/stories/cmsxtqlvv004bqwncqij1bp2j,рассказ,200,да,,да,,на себя,3,2,2,Запасной ключ — рассказ на русском (A1) | RusoFácilapp
https://rusofacilapp.com/ru/stories/cmsxtqgqm0039qwnc7u9qd5bx,рассказ,200,да,,да,,на себя,3,2,4,Первый гол — рассказ на русском (A1) | RusoFácilapp
https://rusofacilapp.com/ru/stories/cmsxtqgms0038qwnc0bg1j700,рассказ,200,да,,да,,на себя,3,2,3,Новая рыбка — рассказ на русском (A1) | RusoFácilapp
https://rusofacilapp.com/ru/stories/cmsxtq55q0010qwnclw64fz1g,рассказ,200,да,,да,,на себя,3,2,2,Новый сосед — рассказ на русском (A1) | RusoFácilapp
https://rusofacilapp.com/ru/stories/cmsxtqahe0023qwnclh594l64,рассказ,200,да,,да,,на себя,3,2,2,Новая девочка в классе — рассказ на русском (A1) | RusoFácilapp
https://rusofacilapp.com/ru/stories/cmsxtqkey003wqwncgp5421zn,рассказ,200,да,,да,,на себя,3,2,2,Новый фрукт — рассказ на русском (A1) | RusoFácilapp
https://rusofacilapp.com/ru/stories/cmsxtqrd0005aqwncz39tjko1,рассказ,200,да,,да,,на себя,3,2,3,Мяч на крыше — рассказ на русском (A1) | RusoFácilapp
https://rusofacilapp.com/ru/stories/cmsxtqbwc002bqwncn79swvq8,рассказ,200,да,,да,,на себя,3,2,2,Первый снег — рассказ на русском (A1) | RusoFácilapp
https://rusofacilapp.com/ru/stories/cmsxtqkv00041qwnckjqokfzk,рассказ,200,да,,да,,на себя,3,2,3,Плюшевый заяц — рассказ на русском (A1) | RusoFácilapp
https://rusofacilapp.com/ru/stories/cmsxtqj7l003rqwncjh4nimpr,рассказ,200,да,,да,,на себя,3,2,2,Радуга после дождя — рассказ на русском (A1) | RusoFácilapp
https://rusofacilapp.com/ru/stories/cmsxtqaed0022qwnce6cm8c80,рассказ,200,да,,да,,на себя,3,2,3,Секрет бабушкиного пирога — рассказ на русском (A1) | RusoFácilapp
https://rusofacilapp.com/ru/stories/cmsxtqcjd002iqwncgmysiwgf,рассказ,200,да,,да,,на себя,3,2,1,Поход в зоопарк — рассказ на русском (A1) | RusoFácilapp
https://rusofacilapp.com/ru/stories/cmsxtqnjh004lqwncea27ur5u,рассказ,200,да,,да,,на себя,3,2,3,Слишком много воды — рассказ на русском (A1) | RusoFácilapp
https://rusofacilapp.com/ru/stories/cmsxtq9zj001yqwncs1b9dult,рассказ,200,да,,да,,на себя,3,2,2,Мороженое для двоих — рассказ на русском (A1) | RusoFácilapp
https://rusofacilapp.com/ru/stories/cmsxtq2qp000kqwnc93cq9jvx,рассказ,200,да,,да,,на себя,3,2,2,Снегурочка — рассказ на русском (A1) | RusoFácilapp
https://rusofacilapp.com/ru/stories/cmsxtqrvz005fqwncit15er63,рассказ,200,да,,да,,на себя,3,2,2,Слишком солёный суп — рассказ на русском (A1) | RusoFácilapp
https://rusofacilapp.com/ru/stories/cmsxtq58x0011qwnc3qr6mpzw,рассказ,200,да,,да,,на себя,3,2,2,Подарок для мамы — рассказ на русском (A1) | RusoFácilapp
https://rusofacilapp.com/ru/stories/cmsxtqa3o001zqwnch46wwikc,рассказ,200,да,,да,,на себя,3,2,1,Соседский кот — рассказ на русском (A1) | RusoFácilapp
https://rusofacilapp.com/ru/stories/cmsxtqco1002jqwnck4msj63l,рассказ,200,да,,да,,на себя,3,2,2,Урок рисования — рассказ на русском (A1) | RusoFácilapp
https://rusofacilapp.com/ru/stories/cmsxtqseu005kqwncl3c77c70,рассказ,200,да,,да,,на себя,3,2,1,Сколько тарелок? — рассказ на русском (A1) | RusoFácilapp
https://rusofacilapp.com/ru/stories/cmsxtqidl003jqwncj8hkndm7,рассказ,200,да,,да,,на себя,3,2,4,Трудная задача — рассказ на русском (A1) | RusoFácilapp
https://rusofacilapp.com/ru/stories/cmsxtqm03004cqwnc5w464bh4,рассказ,200,да,2026-08-24T20:03:08.388Z,да,,на себя,3,2,2,Билет в два конца — рассказ на русском (A2) | RusoFácilapp
https://rusofacilapp.com/ru/stories/cmsxtqo08004qqwnc5d7ohehy,рассказ,200,да,,да,,на себя,3,2,4,Считаем секунды — рассказ на русском (A1) | RusoFácilapp
https://rusofacilapp.com/ru/stories/cmsxtqppd0050qwnc8wvb43nk,рассказ,200,да,,да,,на себя,3,2,1,Секретный узел — рассказ на русском (A1) | RusoFácilapp
https://rusofacilapp.com/ru/stories/cmsxtqq8w0056qwncsdet8d34,рассказ,200,да,2026-08-24T20:03:10.190Z,да,,на себя,3,2,2,Без колёсиков — рассказ на русском (A2) | RusoFácilapp
https://rusofacilapp.com/ru/stories/cmsxtqtjw005pqwncf3qiae3y,рассказ,200,да,,да,,на себя,3,2,3,Шнурки на ботинках — рассказ на русском (A1) | RusoFácilapp
https://rusofacilapp.com/ru/stories/cmsxtq05c0002qwncorsxvdwk,рассказ,200,да,2026-08-24T20:03:01.032Z,да,,на себя,3,2,3,Акула — рассказ на русском (A2) | RusoFácilapp
https://rusofacilapp.com/ru/stories/cmsxtq36e000oqwnc2qy9wng8,рассказ,200,да,2026-08-24T20:03:02.103Z,да,,на себя,3,2,1,Вершки и корешки — рассказ на русском (A2) | RusoFácilapp
https://rusofacilapp.com/ru/stories/cmsxtpzwq0000qwnc4a2sstlo,рассказ,200,да,,да,,на себя,3,2,2,Три медведя — рассказ на русском (A1) | RusoFácilapp
https://rusofacilapp.com/ru/stories/cmsxtqwcd006aqwncaz3bbv20,рассказ,200,да,2026-08-24T20:03:13.565Z,да,,на себя,3,2,3,Встреча с туристом — рассказ на русском (A2) | RusoFácilapp
https://rusofacilapp.com/ru/stories/cmsxtqgtw003aqwnc3887w8ff,рассказ,200,да,2026-08-24T20:03:05.159Z,да,,на себя,3,2,2,Гаражная распродажа — рассказ на русском (A2) | RusoFácilapp
https://rusofacilapp.com/ru/stories/cmsxtr5sr0083qwnchsaj11un,рассказ,200,да,2026-08-24T20:03:18.639Z,да,,на себя,3,2,2,День без телефона — рассказ на русском (A2) | RusoFácilapp
https://rusofacilapp.com/ru/stories/cmsxtr3zh007tqwnc7offxqrr,рассказ,200,да,2026-08-24T20:03:17.037Z,да,,на себя,3,2,3,Встреча выпускников без адреса — рассказ на русском (A2)
https://rusofacilapp.com/ru/stories/cmsxtq1ad000eqwnc13vvcica,рассказ,200,да,2026-08-24T20:03:01.554Z,да,,на себя,3,2,2,Гуси-лебеди — рассказ на русском (A2) | RusoFácilapp
https://rusofacilapp.com/ru/stories/cmsxtqrgc005bqwnc7migevyh,рассказ,200,да,2026-08-24T20:03:10.481Z,да,,на себя,3,2,2,Домик для скворца — рассказ на русском (A2) | RusoFácilapp
https://rusofacilapp.com/ru/stories/cmsxtr1uh007eqwnc2jaylqyp,рассказ,200,да,2026-08-24T20:03:16.157Z,да,,на себя,3,2,3,Друг забыл про день рождения — рассказ на русском (A2) | RusoFácilapp
https://rusofacilapp.com/ru/stories/cmsxtqc9p002fqwnc74azyric,рассказ,200,да,2026-08-24T20:03:03.986Z,да,,на себя,3,2,2,Дым на кухне — рассказ на русском (A2) | RusoFácilapp
https://rusofacilapp.com/ru/stories/cmsxtqg5y0033qwnccjoas3fg,рассказ,200,да,2026-08-24T20:03:04.742Z,да,,на себя,3,2,3,Заблудившийся турист — рассказ на русском (A2) | RusoFácilapp
https://rusofacilapp.com/ru/stories/cmsxtqbbx0025qwncqnfr3mqj,рассказ,200,да,2026-08-24T20:03:03.640Z,да,,на себя,3,2,2,Забытый день рождения — рассказ на русском (A2) | RusoFácilapp
https://rusofacilapp.com/ru/stories/cmsxtr3iw007oqwncurv5of4l,рассказ,200,да,2026-08-24T20:03:16.727Z,да,,на себя,3,2,3,Забытые перчатки в автобусе — рассказ на русском (A2) | RusoFácilapp
https://rusofacilapp.com/ru/stories/cmsxtqbzi002cqwncreao75xw,рассказ,200,да,2026-08-24T20:03:03.812Z,да,,на себя,3,2,2,Забытый зонтик — рассказ на русском (A2) | RusoFácilapp
https://rusofacilapp.com/ru/stories/cmsxtqrz0005gqwnc9av1je5e,рассказ,200,да,2026-08-24T20:03:10.779Z,да,,на себя,3,2,3,Забытый пароль — рассказ на русском (A2) | RusoFácilapp
https://rusofacilapp.com/ru/stories/cmsxtqg1a0032qwnceex3gvr9,рассказ,200,да,2026-08-24T20:03:04.684Z,да,,на себя,3,2,3,Клубничный вор — рассказ на русском (A2) | RusoFácilapp
https://rusofacilapp.com/ru/stories/cmsxtq02a0001qwnc9uuivqak,рассказ,200,да,2026-08-24T20:03:00.978Z,да,,на себя,3,2,3,Косточка — рассказ на русском (A2) | RusoFácilapp
https://rusofacilapp.com/ru/stories/cmsxtqpsh0051qwnc21owdy30,рассказ,200,да,2026-08-24T20:03:09.901Z,да,,на себя,3,2,2,Костюм в последний момент — рассказ на русском (A2) | RusoFácilapp
https://rusofacilapp.com/ru/stories/cmsxtr1e90079qwncbfvxaiqr,рассказ,200,да,2026-08-24T20:03:15.840Z,да,,на себя,3,2,2,Кот убежал из дома — рассказ на русском (A2) | RusoFácilapp
https://rusofacilapp.com/ru/stories/cmsxtqynk006pqwncax2v7dmz,рассказ,200,да,2026-08-24T20:03:14.574Z,да,,на себя,3,2,3,Заряд для важного звонка — рассказ на русском (A2) | RusoFácilapp
https://rusofacilapp.com/ru/stories/cmsxtq2bt000gqwncxnbngpin,рассказ,200,да,2026-08-24T20:03:01.691Z,да,,на себя,3,2,1,Каша из топора — рассказ на русском (A2) | RusoFácilapp
https://rusofacilapp.com/ru/stories/cmsxtqhfd003gqwncwnv3npfz,рассказ,200,да,2026-08-24T20:03:05.523Z,да,,на себя,3,2,2,Кот соседки — рассказ на русском (A2) | RusoFácilapp
https://rusofacilapp.com/ru/stories/cmsxtr31c007jqwnch225sypu,рассказ,200,да,2026-08-24T20:03:16.430Z,да,,на себя,3,2,3,Зонт остался в кафе — рассказ на русском (A2) | RusoFácilapp
https://rusofacilapp.com/ru/stories/cmsxtqunr0060qwncvdzvm1xk,рассказ,200,да,2026-08-24T20:03:12.965Z,да,,на себя,3,2,2,Забытый студенческий — рассказ на русском (A2) | RusoFácilapp
https://rusofacilapp.com/ru/stories/cmsxtq32z000nqwnc6u5tchdj,рассказ,200,да,2026-08-24T20:03:02.048Z,да,,на себя,3,2,1,Лиса и журавль — рассказ на русском (A2) | RusoFácilapp
https://rusofacilapp.com/ru/stories/cmsxtqnmp004mqwnctg0aqgkr,рассказ,200,да,2026-08-24T20:03:08.976Z,да,,на себя,3,2,1,Мастер-класс для новичков — рассказ на русском (A2) | RusoFácilapp
https://rusofacilapp.com/ru/stories/cmsxtqy5s006kqwnc9t88nm3x,рассказ,200,да,2026-08-24T20:03:14.291Z,да,,на себя,3,2,3,Одинаковые костюмы — рассказ на русском (A2) | RusoFácilapp
https://rusofacilapp.com/ru/stories/cmsxtqu5o005vqwncndwxdh8t,рассказ,200,да,2026-08-24T20:03:12.651Z,да,,на себя,3,2,2,Обувь не по размеру — рассказ на русском (A2) | RusoFácilapp
https://rusofacilapp.com/ru/stories/cmsxtqtn8005qqwnce3u9lrmb,рассказ,200,да,2026-08-24T20:03:11.380Z,да,,на себя,3,2,3,Лишний билет — рассказ на русском (A2) | RusoFácilapp
https://rusofacilapp.com/ru/stories/cmsxtqiwr003oqwncuyfg63wa,рассказ,200,да,2026-08-24T20:03:06.960Z,да,,на себя,3,2,3,Неправильный автобус — рассказ на русском (A2) | RusoFácilapp
https://rusofacilapp.com/ru/stories/cmsxtq23y000fqwnc9l684amc,рассказ,200,да,2026-08-24T20:03:01.621Z,да,,на себя,3,2,2,Маша и медведь — рассказ на русском (A2) | RusoFácilapp
https://rusofacilapp.com/ru/stories/cmsxtr7ux008iqwnci2xtmwd5,рассказ,200,да,2026-08-24T20:03:19.541Z,да,,на себя,3,2,3,Ошибка в бронировании номера — рассказ на русском (A2) | RusoFácilapp
https://rusofacilapp.com/ru/stories/cmsxtqky50042qwnct559lm8c,рассказ,200,да,2026-08-24T20:03:07.795Z,да,,на себя,3,2,2,Обед без денег — рассказ на русском (A2) | RusoFácilapp
https://rusofacilapp.com/ru/stories/cmsxtqshy005lqwnc398trnpo,рассказ,200,да,2026-08-24T20:03:11.057Z,да,,на себя,3,2,3,Перепутанные книги — рассказ на русском (A2) | RusoFácilapp
https://rusofacilapp.com/ru/stories/cmsxtqz67006uqwncdxdnpwnx,рассказ,200,да,2026-08-24T20:03:14.888Z,да,,на себя,3,2,2,"Одна свадьба, одно такси — рассказ на русском (A2) | RusoFácilapp"
https://rusofacilapp.com/ru/stories/cmsxtqzoh006zqwnccixgjbko,рассказ,200,да,2026-08-24T20:03:15.257Z,да,,на себя,3,2,2,Пельмени с нуля — рассказ на русском (A2) | RusoFácilapp
https://rusofacilapp.com/ru/stories/cmsxtr7gf008dqwncqvv8q292,рассказ,200,да,2026-08-24T20:03:19.257Z,да,,на себя,3,2,3,Ошибка в счёте за электричество — рассказ на русском (A2)
https://rusofacilapp.com/ru/stories/cmsxtq5gi0013qwncpaeazv9y,рассказ,200,да,2026-08-24T20:03:02.785Z,да,,на себя,3,2,1,Ошибка в заказе — рассказ на русском (A2) | RusoFácilapp
https://rusofacilapp.com/ru/stories/cmsxtr569007yqwnci0jgstpi,рассказ,200,да,2026-08-24T20:03:17.341Z,да,,на себя,3,2,2,Пирог для новых соседей — рассказ на русском (A2) | RusoFácilapp
https://rusofacilapp.com/ru/stories/cmsxtr6ax0088qwnca26hoosi,рассказ,200,да,2026-08-24T20:03:18.930Z,да,,на себя,3,2,2,Первый урок танцев — рассказ на русском (A2) | RusoFácilapp
https://rusofacilapp.com/ru/stories/cmsxtqdpk002nqwncuv4oejsi,рассказ,200,да,2026-08-24T20:03:04.468Z,да,,на себя,3,2,3,Первый день в спортзале — рассказ на русском (A2) | RusoFácilapp
https://rusofacilapp.com/ru/stories/cmsxtqh45003dqwnciductmpf,рассказ,200,да,2026-08-24T20:03:05.345Z,да,,на себя,3,2,2,Попугай Кеша — рассказ на русском (A2) | RusoFácilapp
https://rusofacilapp.com/ru/stories/cmsxtq5jr0014qwncdx3yl0j6,рассказ,200,да,2026-08-17T22:47:08.439Z,да,,на себя,3,2,1,Потерянный телефон — рассказ на русском (A2) | RusoFácilapp
https://rusofacilapp.com/ru/stories/cmsxtqihu003kqwncqsl5xjs5,рассказ,200,да,2026-08-24T20:03:06.731Z,да,,на себя,3,2,3,Пятно на скатерти — рассказ на русском (A2) | RusoFácilapp
https://rusofacilapp.com/ru/stories/cmszq4fad0001pkncqmc9lshi,рассказ,200,да,2026-08-24T20:03:20.102Z,да,,на себя,3,2,2,Посылка не по адресу — рассказ на русском (A2) | RusoFácilapp
https://rusofacilapp.com/ru/stories/cmsxtqo39004rqwncffoewppr,рассказ,200,да,2026-08-24T20:03:09.335Z,да,,на себя,3,2,2,Пять минут до автобуса — рассказ на русском (A2) | RusoFácilapp
https://rusofacilapp.com/ru/stories/cmsxtq39w000pqwnc9q3uvwdi,рассказ,200,да,2026-08-24T20:03:02.161Z,да,,на себя,3,2,1,Прыжок — рассказ на русском (A2) | RusoFácilapp
https://rusofacilapp.com/ru/stories/cmsxtqc5x002eqwncifjk807j,рассказ,200,да,2026-08-24T20:03:03.932Z,да,,на себя,3,2,2,Собака в автобусе — рассказ на русском (A2) | RusoFácilapp
https://rusofacilapp.com/ru/stories/cmsxtqkhy003xqwnc11kyf3n9,рассказ,200,да,2026-08-24T20:03:07.508Z,да,,на себя,3,2,2,Сломанные наушники — рассказ на русском (A2) | RusoFácilapp
https://rusofacilapp.com/ru/stories/cmsxtqpca004wqwncmma2h364,рассказ,200,да,2026-08-24T20:03:09.617Z,да,,на себя,3,2,2,Разговор без слов — рассказ на русском (A2) | RusoFácilapp
https://rusofacilapp.com/ru/stories/cmsxtqv6h0065qwncc983nl50,рассказ,200,да,2026-08-24T20:03:13.272Z,да,,на себя,3,2,2,Разница во времени — рассказ на русском (A2) | RusoFácilapp
https://rusofacilapp.com/ru/stories/cmsxtqjbc003sqwncrmhd7h2u,рассказ,200,да,2026-08-24T20:03:07.217Z,да,,на себя,3,2,3,Соревнование по чтению — рассказ на русском (A2) | RusoFácilapp
https://rusofacilapp.com/ru/stories/cmsxtr8ab008nqwnchyyexdj8,рассказ,200,да,2026-08-24T20:03:19.826Z,да,,на себя,3,2,4,Чужое место в поезде — рассказ на русском (A2) | RusoFácilapp
https://rusofacilapp.com/ru/stories/cmt07mslu0001bancw3zzf3m2,рассказ,200,да,2026-08-24T20:03:20.386Z,да,,на себя,3,2,3,Чужое пальто из химчистки — рассказ на русском (A2) | RusoFácilapp
https://rusofacilapp.com/ru/stories/cmsxtqwxs006fqwnc1rhy8xtx,рассказ,200,да,2026-08-24T20:03:13.842Z,да,,на себя,3,2,4,Собака с характером — рассказ на русском (A2) | RusoFácilapp
https://rusofacilapp.com/ru/stories/cmsxtqn5u004hqwncphtook2c,рассказ,200,да,2026-08-24T20:03:08.691Z,да,,на себя,3,2,1,Торт с чужим именем — рассказ на русском (A2) | RusoFácilapp
https://rusofacilapp.com/ru/stories/cmsxtqdlq002mqwncsakh63mr,рассказ,200,да,2026-08-24T20:03:04.402Z,да,,на себя,3,2,2,Утерянный багаж — рассказ на русском (A2) | RusoFácilapp
https://rusofacilapp.com/ru/stories/cmsxtq0d30004qwnca6mpt9il,рассказ,200,да,2026-08-24T20:03:01.182Z,да,,на себя,3,2,2,Филипок — рассказ на русском (A2) | RusoFácilapp
https://rusofacilapp.com/ru/stories/cmsxtqa6y0020qwnclvpzdij8,рассказ,200,да,2026-08-24T20:03:03.337Z,да,,на себя,3,2,2,Утренняя пробежка — рассказ на русском (A2) | RusoFácilapp
https://rusofacilapp.com/ru/stories/cmsxtqaaz0021qwnce074faot,рассказ,200,да,2026-08-24T20:03:03.398Z,да,,на себя,3,2,2,Соседский шум — рассказ на русском (A2) | RusoFácilapp
https://rusofacilapp.com/ru/stories/cmsxtqlgm0047qwncduiuzent,рассказ,200,да,2026-08-24T20:03:08.087Z,да,,на себя,3,2,2,Чужой рюкзак — рассказ на русском (A2) | RusoFácilapp
https://rusofacilapp.com/ru/stories/cmsxtr0vj0074qwnc4oin17ky,рассказ,200,да,2026-08-24T20:03:15.552Z,да,,на себя,3,2,2,Шумные соседи — рассказ на русском (A2) | RusoFácilapp
https://rusofacilapp.com/ru/stories/cmsxtr43z007uqwnc9zbq75jk,рассказ,200,да,2026-08-24T20:03:17.102Z,да,,на себя,3,2,1,Волонтёры в приюте для животных — рассказ на русском (B1)
https://rusofacilapp.com/ru/stories/cmsxtqo6n004sqwncqc1mvg77,рассказ,200,да,2026-08-24T20:03:09.391Z,да,,на себя,3,2,1,Вторая жизнь лампы — рассказ на русском (B1) | RusoFácilapp
https://rusofacilapp.com/ru/stories/cmsxtqz9c006vqwncjqrsig1n,рассказ,200,да,2026-08-24T20:03:14.944Z,да,,на себя,3,2,3,Внук слесаря — рассказ на русском (B1) | RusoFácilapp
https://rusofacilapp.com/ru/stories/cmsxtqjea003tqwncsovfwkv3,рассказ,200,да,2026-08-24T20:03:07.272Z,да,,на себя,3,2,3,Доклад без слайдов — рассказ на русском (B1) | RusoFácilapp
https://rusofacilapp.com/ru/stories/cmsxtqqcq0057qwncdsb2y07o,рассказ,200,да,2026-08-24T20:03:10.247Z,да,,на себя,3,2,4,Деталь от соперников — рассказ на русском (B1) | RusoFácilapp
https://rusofacilapp.com/ru/stories/cmsxtqmqm004dqwnckehgd4ir,рассказ,200,да,2026-08-24T20:03:08.451Z,да,,на себя,3,2,3,Замена на поле — рассказ на русском (B1) | RusoFácilapp
https://rusofacilapp.com/ru/stories/cmsxtqccm002gqwnc5yzojutr,рассказ,200,да,2026-08-24T20:03:04.038Z,да,,на себя,3,2,1,Велосипед на чердаке — рассказ на русском (B1) | RusoFácilapp
https://rusofacilapp.com/ru/stories/cmsxtqb8r0024qwncl9dv96wh,рассказ,200,да,2026-08-24T20:03:03.581Z,да,,на себя,3,2,2,Экзамен по вождению — рассказ на русском (A2) | RusoFácilapp
https://rusofacilapp.com/ru/stories/cmsxtr2no007fqwncydf3da07,рассказ,200,да,2026-08-24T20:03:16.212Z,да,,на себя,3,2,2,Заявка на визу — рассказ на русском (B1) | RusoFácilapp
https://rusofacilapp.com/ru/stories/cmsxtq3ej000qqwncm23ngvo6,рассказ,200,да,2026-08-24T20:03:02.218Z,да,,на себя,3,2,2,Злоумышленник — рассказ на русском (B1) | RusoFácilapp
https://rusofacilapp.com/ru/stories/cmsxtq5nd0015qwncrr4do8de,рассказ,200,да,2026-08-24T20:03:02.843Z,да,,на себя,3,2,4,Ворона и Лисица — рассказ на русском (B1) | RusoFácilapp
https://rusofacilapp.com/ru/stories/cmsxtqkl5003yqwncaq8f79a2,рассказ,200,да,2026-08-24T20:03:07.567Z,да,,на себя,3,2,3,Гроза на озере — рассказ на русском (B1) | RusoFácilapp
https://rusofacilapp.com/ru/stories/cmsxtqsl3005mqwnc8vzrl1iy,рассказ,200,да,2026-08-24T20:03:11.127Z,да,,на себя,3,2,4,Авария в подвале — рассказ на русском (B1) | RusoFácilapp
https://rusofacilapp.com/ru/stories/cmsxtr7xl008jqwncfur5j96z,рассказ,200,да,2026-08-24T20:03:19.599Z,да,,на себя,3,2,1,Забастовка в день важного собеседования — рассказ на русском (B1)
https://rusofacilapp.com/ru/stories/cmsxtq3m8000sqwncldr4gsfr,рассказ,200,да,2026-08-17T22:47:05.936Z,да,,на себя,3,2,1,Кавказский пленник — рассказ на русском (B1) | RusoFácilapp
https://rusofacilapp.com/ru/stories/cmsxtq2fa000hqwncweeepbo4,рассказ,200,да,2026-08-24T20:03:01.769Z,да,,на себя,3,2,2,Лев и собачка — рассказ на русском (B1) | RusoFácilapp
https://rusofacilapp.com/ru/stories/cmsxtr8cu008oqwncbps8qfne,рассказ,200,да,2026-08-24T20:03:19.881Z,да,,на себя,3,2,1,Ночь перед юбилеем кафе — рассказ на русском (B1) | RusoFácilapp
https://rusofacilapp.com/ru/stories/cmsxtq4ow000wqwncjc1k6wny,рассказ,200,да,2026-08-24T20:03:02.330Z,да,,на себя,3,2,3,Кофе на вынос — рассказ на русском (B1) | RusoFácilapp
https://rusofacilapp.com/ru/stories/cmsxtqrjp005cqwnc5uva7go1,рассказ,200,да,2026-08-24T20:03:10.539Z,да,,на себя,3,2,2,Забытая посылка — рассказ на русском (B1) | RusoFácilapp
https://rusofacilapp.com/ru/stories/cmsxtr34n007kqwnc8dk3qz3o,рассказ,200,да,2026-08-24T20:03:16.484Z,да,,на себя,3,2,2,Курс первой помощи — рассказ на русском (B1) | RusoFácilapp
https://rusofacilapp.com/ru/stories/cmsxtr3m1007pqwnc55ibs7pf,рассказ,200,да,2026-08-24T20:03:16.790Z,да,,на себя,3,2,2,Курсы кройки и шитья — рассказ на русском (B1) | RusoFácilapp
https://rusofacilapp.com/ru/stories/cmsxtqpvn0052qwncp8uknaql,рассказ,200,да,2026-08-24T20:03:09.955Z,да,,на себя,3,2,4,Не самый большой кабачок — рассказ на русском (B1) | RusoFácilapp
https://rusofacilapp.com/ru/stories/cmsxtqvwu0066qwncw3t8zanr,рассказ,200,да,2026-08-24T20:03:13.328Z,да,,на себя,3,2,2,Мастер с детской площадки — рассказ на русском (B1) | RusoFácilapp
https://rusofacilapp.com/ru/stories/cmsxtqc2h002dqwncb0r9uqmw,рассказ,200,да,2026-08-24T20:03:03.876Z,да,,на себя,3,2,1,Одна варежка — рассказ на русском (B1) | RusoFácilapp
https://rusofacilapp.com/ru/stories/cmsxtqi69003hqwnc40kj8i7m,рассказ,200,да,2026-08-24T20:03:06.510Z,да,,на себя,3,2,3,Общий огород — рассказ на русском (B1) | RusoFácilapp
https://rusofacilapp.com/ru/stories/cmsxtq9nu001vqwnc87sy3h1l,рассказ,200,да,2026-08-24T20:03:03.011Z,да,,на себя,3,2,3,Найденный кошелёк — рассказ на русском (B1) | RusoFácilapp
https://rusofacilapp.com/ru/stories/cmsxtqu9n005wqwncbt7mma3z,рассказ,200,да,2026-08-24T20:03:12.732Z,да,,на себя,3,2,4,Папа по видеосвязи — рассказ на русском (B1) | RusoFácilapp
https://rusofacilapp.com/ru/stories/cmsxtr6e80089qwnc7kp6cjyp,рассказ,200,да,2026-08-24T20:03:18.987Z,да,,на себя,3,2,2,Первая смена в кофейне — рассказ на русском (B1) | RusoFácilapp
https://rusofacilapp.com/ru/stories/cmt07mslv0002bancd477xu7v,рассказ,200,да,2026-08-24T20:03:20.444Z,да,,на себя,3,2,3,Первый полумарафон — рассказ на русском (B1) | RusoFácilapp
https://rusofacilapp.com/ru/stories/cmsxtq9km001uqwnc6jvq1hak,рассказ,200,да,2026-08-24T20:03:02.957Z,да,,на себя,3,2,1,Пожарные собаки — рассказ на русском (B1) | RusoFácilapp
https://rusofacilapp.com/ru/stories/cmsxtq9rg001wqwncj1e3o9nk,рассказ,200,да,2026-08-24T20:03:03.070Z,да,,на себя,3,2,3,Первый шаг на сцену — рассказ на русском (B1) | RusoFácilapp
https://rusofacilapp.com/ru/stories/cmsxtqtqn005rqwncwo5fmddv,рассказ,200,да,2026-08-24T20:03:11.443Z,да,,на себя,3,2,4,Одна и та же идея — рассказ на русском (B1) | RusoFácilapp
https://rusofacilapp.com/ru/stories/cmsxtq3hq000rqwncapblli6q,рассказ,200,да,2026-08-24T20:03:02.274Z,да,,на себя,3,2,2,Пересолил — рассказ на русском (B1) | RusoFácilapp
https://rusofacilapp.com/ru/stories/cmsxtqizk003pqwncxbgc0dm8,рассказ,200,да,2026-08-24T20:03:07.016Z,да,,на себя,3,2,3,Порванная струна — рассказ на русском (B1) | RusoFácilapp
https://rusofacilapp.com/ru/stories/cmszq4fae0002pknceyylckpl,рассказ,200,да,2026-08-24T20:03:20.157Z,да,,на себя,3,2,3,Опоздание на репетицию — рассказ на русском (B1) | RusoFácilapp
https://rusofacilapp.com/ru/stories/cmsxtqdsz002oqwncp4q2ku3e,рассказ,200,да,2026-08-24T20:03:04.543Z,да,,на себя,3,2,3,Последний поезд — рассказ на русском (B1) | RusoFácilapp
https://rusofacilapp.com/ru/stories/cmsxtqyqr006qqwnca6u8st5s,рассказ,200,да,2026-08-24T20:03:14.640Z,да,,на себя,3,2,1,"Плати, сколько можешь — рассказ на русском (B1) | RusoFácilapp"
https://rusofacilapp.com/ru/stories/cmsxtqh8t003eqwncsnq2cgae,рассказ,200,да,2026-08-24T20:03:05.406Z,да,,на себя,3,2,4,Поход выходного дня — рассказ на русском (B1) | RusoFácilapp
https://rusofacilapp.com/ru/stories/cmsxtqwim006bqwnc45p2v3rt,рассказ,200,да,2026-08-24T20:03:13.623Z,да,,на себя,3,2,2,Сбор для Марины — рассказ на русском (B1) | RusoFácilapp
https://rusofacilapp.com/ru/stories/cmsxtr7jd008eqwnctt3hubpt,рассказ,200,да,2026-08-24T20:03:19.317Z,да,,на себя,3,2,2,Скинулись на новый лифт — рассказ на русском (B1) | RusoFácilapp
https://rusofacilapp.com/ru/stories/cmsxtqn96004iqwncuza5a7nk,рассказ,200,да,2026-08-24T20:03:08.745Z,да,,на себя,3,2,3,Сигнал в грозу — рассказ на русском (B1) | RusoFácilapp
https://rusofacilapp.com/ru/stories/cmsxtr5di007zqwnch0ct3h94,рассказ,200,да,2026-08-24T20:03:17.402Z,да,,на себя,3,2,1,Ремонт крыши после урагана — рассказ на русском (B1) | RusoFácilapp
https://rusofacilapp.com/ru/stories/cmsxtr0hg0070qwncn7jx57au,рассказ,200,да,2026-08-24T20:03:15.328Z,да,,на себя,3,2,3,Ремонт велосипеда — рассказ на русском (B1) | RusoFácilapp
https://rusofacilapp.com/ru/stories/cmsxtqy9c006lqwnc5ycvs49b,рассказ,200,да,2026-08-24T20:03:14.350Z,да,,на себя,3,2,1,Свидание вслепую с книгой — рассказ на русском (B1) | RusoFácilapp
https://rusofacilapp.com/ru/stories/cmsxtqdvx002pqwnc3nonl9m3,рассказ,200,да,2026-08-24T20:03:04.616Z,да,,на себя,3,2,2,Спор из-за пульта — рассказ на русском (B1) | RusoFácilapp
https://rusofacilapp.com/ru/stories/cmsxtr1ha007aqwnc8men8hy7,рассказ,200,да,2026-08-24T20:03:15.895Z,да,,на себя,3,2,2,Собеседование на новую работу — рассказ на русском (B1) | RusoFácilapp
https://rusofacilapp.com/ru/stories/cmsxtqs3a005hqwnc15l2fmbs,рассказ,200,да,2026-08-24T20:03:10.836Z,да,,на себя,3,2,1,Спор из-за забора — рассказ на русском (B1) | RusoFácilapp
https://rusofacilapp.com/ru/stories/cmsxtqurv0061qwnclwh89k2a,рассказ,200,да,2026-08-24T20:03:13.022Z,да,,на себя,3,2,1,Разносчик газет — рассказ на русском (B1) | RusoFácilapp
https://rusofacilapp.com/ru/stories/cmsxtq09r0003qwncbmiro935,рассказ,200,да,2026-08-27T15:52:14.607Z,да,,на себя,3,2,4,Сказка о рыбаке и рыбке — рассказ на русском (B1) | RusoFácilapp
https://rusofacilapp.com/ru/stories/cmsxtqcfy002hqwnciitvaa2h,рассказ,200,да,2026-08-24T20:03:04.095Z,да,,на себя,3,2,2,Собеседование мечты — рассказ на русском (B1) | RusoFácilapp
https://rusofacilapp.com/ru/stories/cmsxtq5qv0016qwncw16ecuru,рассказ,200,да,2026-08-24T20:03:02.900Z,да,,на себя,3,2,2,Стрекоза и Муравей — рассказ на русском (B1) | RusoFácilapp
https://rusofacilapp.com/ru/stories/cmsxtqg9c0034qwncte746c35,рассказ,200,да,2026-08-24T20:03:04.799Z,да,,на себя,3,2,1,Соперницы в кондитерской — рассказ на русском (B1) | RusoFácilapp
https://rusofacilapp.com/ru/stories/cmsxtq4ta000xqwncxq8z43tk,рассказ,200,да,2026-08-24T20:03:02.386Z,да,,на себя,3,2,4,Соседка сверху — рассказ на русском (B1) | RusoFácilapp
https://rusofacilapp.com/ru/stories/cmsxtqil2003lqwnc2pd5kouk,рассказ,200,да,2026-08-24T20:03:06.790Z,да,,на себя,3,2,1,Травма перед финалом — рассказ на русском (B1) | RusoFácilapp
https://rusofacilapp.com/ru/stories/cmsxtqpff004xqwncn775aybm,рассказ,200,да,2026-08-24T20:03:09.676Z,да,,на себя,3,2,3,Стриж на балконе — рассказ на русском (B1) | RusoFácilapp
https://rusofacilapp.com/ru/stories/cmsxtq0mn0007qwncc1mkgl2c,рассказ,200,да,2026-08-24T20:03:01.378Z,да,,на себя,3,2,1,Толстый и тонкий — рассказ на русском (B1) | RusoFácilapp
https://rusofacilapp.com/ru/stories/cmsxtqgci0035qwncwgo5vmse,рассказ,200,да,2026-08-24T20:03:04.851Z,да,,на себя,3,2,2,Тихий напарник — рассказ на русском (B1) | RusoFácilapp
https://rusofacilapp.com/ru/stories/cmsxtr5vx0084qwncu97mxf3i,рассказ,200,да,2026-08-24T20:03:18.701Z,да,,на себя,3,2,2,Урок кулинарии по видеозвонку — рассказ на русском (B1) | RusoFácilapp
https://rusofacilapp.com/ru/stories/cmsxtq0pp0008qwncp8zeg0ij,рассказ,200,да,2026-08-17T22:47:02.173Z,да,,на себя,3,2,1,Хамелеон — рассказ на русском (B1) | RusoFácilapp
https://rusofacilapp.com/ru/stories/cmsxtqnqw004nqwnctu58f9zi,рассказ,200,да,2026-08-24T20:03:09.034Z,да,,на себя,3,2,2,Стук на повороте — рассказ на русском (B1) | RusoFácilapp
https://rusofacilapp.com/ru/stories/cmsxtqx0z006gqwnc05e5ck93,рассказ,200,да,2026-08-24T20:03:14.033Z,да,,на себя,3,2,2,Учитель на один день — рассказ на русском (B1) | RusoFácilapp
https://rusofacilapp.com/ru/stories/cmsxtqgy4003bqwncxd4332gz,рассказ,200,да,2026-08-24T20:03:05.217Z,да,,на себя,3,2,4,Урок от дочери — рассказ на русском (B1) | RusoFácilapp
https://rusofacilapp.com/ru/stories/cmsxtql1j0043qwnc27grrpla,рассказ,200,да,2026-08-24T20:03:07.849Z,да,,на себя,3,2,1,Три попытки входа — рассказ на русском (B1) | RusoFácilapp
https://rusofacilapp.com/ru/stories/cmsxtquut0062qwncyl6i2cww,рассказ,200,да,2026-08-24T20:03:13.087Z,да,,на себя,3,2,1,Авария на сайте — рассказ на русском (B2) | RusoFácilapp
https://rusofacilapp.com/ru/stories/cmsxtqftv0030qwncbj9ko4q9,рассказ,200,да,2026-08-25T02:40:30.079Z,да,,на себя,3,2,3,Анонимная записка — рассказ на русском (B2) | RusoFácilapp
https://rusofacilapp.com/ru/stories/cmsxtqlko0048qwnctsqtc2le,рассказ,200,да,2026-08-24T20:03:08.146Z,да,,на себя,3,2,2,Честный отказ — рассказ на русском (B1) | RusoFácilapp
https://rusofacilapp.com/ru/stories/cmsxtr0z80075qwnc16mcnwpo,рассказ,200,да,2026-08-24T20:03:15.608Z,да,,на себя,3,2,3,Чемодан не долетел — рассказ на русском (B1) | RusoFácilapp
https://rusofacilapp.com/ru/stories/cmsxtq9w7001xqwncpsdyhjdy,рассказ,200,да,2026-08-24T20:03:03.128Z,да,,на себя,3,2,3,Шахматы в парке — рассказ на русском (B1) | RusoFácilapp
https://rusofacilapp.com/ru/stories/cmsxtq9fw001tqwnczs6dvfr9,рассказ,200,да,2026-08-25T02:40:29.388Z,да,,на себя,3,2,4,Бабушка на связи — рассказ на русском (B2) | RusoFácilapp
https://rusofacilapp.com/ru/stories/cmsxtqnu2004oqwnc97tqklja,рассказ,200,да,2026-08-24T20:03:09.103Z,да,,на себя,3,2,1,Балконный сад — рассказ на русском (B2) | RusoFácilapp
https://rusofacilapp.com/ru/stories/cmsxtq0gh0005qwncjblja933,рассказ,200,да,2026-08-25T02:40:28.444Z,да,,на себя,3,2,5,Ванька — рассказ на русском (B2) | RusoFácilapp
https://rusofacilapp.com/ru/stories/cmsxtq2nm000jqwncg26mu94q,рассказ,200,да,2026-08-25T02:40:28.636Z,да,,на себя,3,2,2,Воробей — рассказ на русском (B2) | RusoFácilapp
https://rusofacilapp.com/ru/stories/cmsxtr1kq007bqwnc78u9ar68,рассказ,200,да,2026-08-24T20:03:15.952Z,да,,на себя,3,2,2,Благотворительный концерт студентов — рассказ на русском (B2)
https://rusofacilapp.com/ru/stories/cmsxtq4yx000yqwnc672gqn8w,рассказ,200,да,2026-08-25T02:40:28.927Z,да,,на себя,3,2,2,Алгоритм — рассказ на русском (B2) | RusoFácilapp
https://rusofacilapp.com/ru/stories/cmsxtqbhv0027qwncdk391jg4,рассказ,200,да,2026-08-25T02:40:29.507Z,да,,на себя,3,2,2,Голос совести — рассказ на русском (B2) | RusoFácilapp
https://rusofacilapp.com/ru/stories/cmsxtq3q8000tqwnceo76o3q8,рассказ,200,да,2026-08-25T02:40:28.715Z,да,,на себя,3,2,1,Дама с собачкой — рассказ на русском (B2) | RusoFácilapp
https://rusofacilapp.com/ru/stories/cmsxtq529000zqwncni4680kh,рассказ,200,да,2026-08-25T02:40:29.001Z,да,,на себя,3,2,2,Голос из прошлого — рассказ на русском (B2) | RusoFácilapp
https://rusofacilapp.com/ru/stories/cmsxtqko9003zqwncf354nwva,рассказ,200,да,2026-08-25T02:40:30.269Z,да,,на себя,3,2,2,Дневник прабабушки — рассказ на русском (B2) | RusoFácilapp
https://rusofacilapp.com/ru/stories/cmsxtqbeq0026qwncke8rtwid,рассказ,200,да,2026-08-25T02:40:29.445Z,да,,на себя,3,2,2,Данко — рассказ на русском (B2) | RusoFácilapp
https://rusofacilapp.com/ru/stories/cmsxtr7mc008fqwncvamyyb7e,рассказ,200,да,2026-08-24T20:03:19.369Z,да,,на себя,3,2,3,Дебютный проект — рассказ на русском (B2) | RusoFácilapp
https://rusofacilapp.com/ru/stories/cmsxtqmu9004eqwncbpld7qa4,рассказ,200,да,2026-08-25T02:40:30.445Z,да,,на себя,3,2,2,Двойное свидание — рассказ на русском (B2) | RusoFácilapp
https://rusofacilapp.com/ru/stories/cmt07mslv0003banc915aqudl,рассказ,200,да,2026-08-24T20:03:20.499Z,да,,на себя,3,2,3,Жестовый перевод на концерте — рассказ на русском (B2) | RusoFácilapp
https://rusofacilapp.com/ru/stories/cmsxtqx4p006hqwnc3ufgzj0x,рассказ,200,да,2026-08-24T20:03:14.098Z,да,,на себя,3,2,3,Доставка под дождём — рассказ на русском (B2) | RusoFácilapp
https://rusofacilapp.com/ru/stories/cmsxtqwm0006cqwncpctc0w08,рассказ,200,да,2026-08-24T20:03:13.680Z,да,,на себя,3,2,3,Звонок в прямом эфире — рассказ на русском (B2) | RusoFácilapp
https://rusofacilapp.com/ru/stories/cmsxtq4gl000uqwncuk4shlmy,рассказ,200,да,2026-08-25T02:40:28.787Z,да,,на себя,3,2,1,Куст сирени — рассказ на русском (B2) | RusoFácilapp
https://rusofacilapp.com/ru/stories/cmsxtr2qg007gqwncvbyrpls1,рассказ,200,да,2026-08-24T20:03:16.265Z,да,,на себя,3,2,2,Мастер-класс по резьбе по дереву — рассказ на русском (B2)
https://rusofacilapp.com/ru/stories/cmsxtqnct004jqwnc5agj56rx,рассказ,200,да,2026-08-25T02:40:30.518Z,да,,на себя,3,2,2,Мягкая правда — рассказ на русском (B2) | RusoFácilapp
https://rusofacilapp.com/ru/stories/cmsxtqeq6002wqwnchnyzj6yc,рассказ,200,да,2026-08-25T02:40:29.812Z,да,,на себя,3,2,3,Ответить всем — рассказ на русском (B2) | RusoFácilapp
https://rusofacilapp.com/ru/stories/cmsxtq6qv0018qwnc1thrdvi3,рассказ,200,да,2026-08-25T02:40:29.124Z,да,,на себя,3,2,2,Наследство — рассказ на русском (B2) | RusoFácilapp
https://rusofacilapp.com/ru/stories/cmsxtqw0g0067qwncri2zqoho,рассказ,200,да,2026-08-24T20:03:13.389Z,да,,на себя,3,2,3,Ночное дежурство в клинике — рассказ на русском (B2) | RusoFácilapp
https://rusofacilapp.com/ru/stories/cmsxtqp05004tqwnck0oqlkob,рассказ,200,да,2026-08-24T20:03:09.446Z,да,,на себя,3,2,1,Коса для внучки — рассказ на русском (B2) | RusoFácilapp
https://rusofacilapp.com/ru/stories/cmsxtq5u70017qwncuq2bbr5j,рассказ,200,да,2026-08-25T02:40:29.062Z,да,,на себя,3,2,2,Морозко — рассказ на русском (B2) | RusoFácilapp
https://rusofacilapp.com/ru/stories/cmsxtqpig004yqwnc53cpfalb,рассказ,200,да,2026-08-24T20:03:09.737Z,да,,на себя,3,2,3,Общее открытие — рассказ на русском (B2) | RusoFácilapp
https://rusofacilapp.com/ru/stories/cmsxtqso3005nqwnciux9uj86,рассказ,200,да,2026-08-24T20:03:11.190Z,да,,на себя,3,2,4,Ошибка нового повара — рассказ на русском (B2) | RusoFácilapp
https://rusofacilapp.com/ru/stories/cmsxtqeu8002xqwncr0syp3uz,рассказ,200,да,2026-08-25T02:40:29.873Z,да,,на себя,3,2,3,Пианино за стеной — рассказ на русском (B2) | RusoFácilapp
https://rusofacilapp.com/ru/stories/cmsxtqtu8005sqwncxgt39wtd,рассказ,200,да,2026-08-24T20:03:12.453Z,да,,на себя,3,2,2,Письма в стене — рассказ на русском (B2) | RusoFácilapp
https://rusofacilapp.com/ru/stories/cmsxtqzcm006wqwncfn843vgj,рассказ,200,да,2026-08-24T20:03:14.999Z,да,,на себя,3,2,3,Последнее кукольное представление — рассказ на русском (B2)
https://rusofacilapp.com/ru/stories/cmsxtqyve006rqwncbma3h0f9,рассказ,200,да,2026-08-24T20:03:14.698Z,да,,на себя,3,2,1,Питч для книжного магазина — рассказ на русском (B2) | RusoFácilapp
https://rusofacilapp.com/ru/stories/cmsxtqbme0028qwncwfcuf5mc,рассказ,200,да,2026-08-25T02:40:29.569Z,да,,на себя,3,2,1,Письмо через двадцать лет — рассказ на русском (B2) | RusoFácilapp
https://rusofacilapp.com/ru/stories/cmsxtqyck006mqwncdmlezxvj,рассказ,200,да,2026-08-24T20:03:14.411Z,да,,на себя,3,2,1,Посадка воздушного шара — рассказ на русском (B2) | RusoFácilapp
https://rusofacilapp.com/ru/stories/cmsxtr3p6007qqwncrxheog7r,рассказ,200,да,2026-08-24T20:03:16.848Z,да,,на себя,3,2,1,Подкаст из бабушкиной кухни — рассказ на русском (B2) | RusoFácilapp
https://rusofacilapp.com/ru/stories/cmsxtqbpv0029qwnc0vy7m6yl,рассказ,200,да,2026-08-25T02:40:29.632Z,да,,на себя,3,2,1,Последний клиент — рассказ на русском (B2) | RusoFácilapp
https://rusofacilapp.com/ru/stories/cmsxtqrnp005dqwncsh49pery,рассказ,200,да,2026-08-24T20:03:10.594Z,да,,на себя,3,2,3,Свет в чужом окне — рассказ на русском (B2) | RusoFácilapp
https://rusofacilapp.com/ru/stories/cmsxtr5ht0080qwncleu129aw,рассказ,200,да,2026-08-24T20:03:18.452Z,да,,на себя,3,2,1,Первый матч женской хоккейной команды — рассказ на русском (B2)
https://rusofacilapp.com/ru/stories/cmsxtr8fl008pqwnc9rxah0hj,рассказ,200,да,2026-08-24T20:03:19.938Z,да,,на себя,3,2,2,Первый самостоятельный заказ — рассказ на русском (B2) | RusoFácilapp
https://rusofacilapp.com/ru/stories/cmsxtr1250076qwncp6jy8wg3,рассказ,200,да,2026-08-24T20:03:15.662Z,да,,на себя,3,2,3,Реставрация старого маяка — рассказ на русском (B2) | RusoFácilapp
https://rusofacilapp.com/ru/stories/cmsxtr46v007vqwncdh8b3l4p,рассказ,200,да,2026-08-24T20:03:17.170Z,да,,на себя,3,2,1,Реставрация старого трамвая — рассказ на русском (B2) | RusoFácilapp
https://rusofacilapp.com/ru/stories/cmsxtqpyp0053qwnc2x5g3c7f,рассказ,200,да,2026-08-24T20:03:10.008Z,да,,на себя,3,2,3,Слух наполовину — рассказ на русском (B2) | RusoFácilapp
https://rusofacilapp.com/ru/stories/cmsxtqudm005xqwncosw1c8eh,рассказ,200,да,2026-08-24T20:03:12.792Z,да,,на себя,3,2,1,Раненая ласточка — рассказ на русском (B2) | RusoFácilapp
https://rusofacilapp.com/ru/stories/cmsxtqexg002yqwncfc8wdzjg,рассказ,200,да,2026-08-25T02:40:29.934Z,да,,на себя,3,2,3,Соседи по общежитию — рассказ на русском (B2) | RusoFácilapp
https://rusofacilapp.com/ru/stories/cmsxtqfy30031qwnc7dogiehb,рассказ,200,да,2026-08-25T02:40:30.148Z,да,,на себя,3,2,4,Старая библиотека — рассказ на русском (B2) | RusoFácilapp
https://rusofacilapp.com/ru/stories/cmsxtql4x0044qwncgp066ou3,рассказ,200,да,2026-08-25T02:40:30.329Z,да,,на себя,3,2,1,Спасение улья — рассказ на русском (B2) | RusoFácilapp
https://rusofacilapp.com/ru/stories/cmsxtr807008kqwncd6vl898u,рассказ,200,да,2026-08-24T20:03:19.655Z,да,,на себя,3,2,2,Реставрация дедушкиного автомобиля — рассказ на русском (B2)
https://rusofacilapp.com/ru/stories/cmsxtr37q007lqwnceh7frm36,рассказ,200,да,2026-08-24T20:03:16.540Z,да,,на себя,3,2,2,Съёмки любительского фильма — рассказ на русском (B2) | RusoFácilapp
https://rusofacilapp.com/ru/stories/cmsxtqf0j002zqwnct9xz5av0,рассказ,200,да,2026-08-25T02:40:29.994Z,да,,на себя,3,2,2,Смена профессии — рассказ на русском (B2) | RusoFácilapp
https://rusofacilapp.com/ru/stories/cmsxtqqg00058qwnc5dr10hdx,рассказ,200,да,2026-08-24T20:03:10.300Z,да,,на себя,3,2,3,Флаеры для дочери — рассказ на русском (B2) | RusoFácilapp
https://rusofacilapp.com/ru/stories/cmsxtq4li000vqwnc3fzt0zg8,рассказ,200,да,2026-08-25T02:40:28.863Z,да,,на себя,3,2,1,Тёмные аллеи — рассказ на русском (B2) | RusoFácilapp
https://rusofacilapp.com/ru/stories/cmsxtq2jp000iqwnc68lmkbk6,рассказ,200,да,2026-08-25T02:40:28.558Z,да,,на себя,3,2,3,Тоска — рассказ на русском (B2) | RusoFácilapp
https://rusofacilapp.com/ru/stories/cmsxtqemo002vqwncl9db3iij,рассказ,200,да,2026-08-25T02:40:29.751Z,да,,на себя,3,2,1,Урок вождения — рассказ на русском (B2) | RusoFácilapp
https://rusofacilapp.com/ru/stories/cmsxtq0jr0006qwncl47pkzoy,рассказ,200,да,2026-08-25T02:40:28.503Z,да,,на себя,3,2,3,У лукоморья дуб зелёный — рассказ на русском (B2) | RusoFácilapp
https://rusofacilapp.com/ru/stories/cmsxtqs6h005iqwncivszt3c5,рассказ,200,да,2026-08-24T20:03:10.890Z,да,,на себя,3,2,4,Стрижка для Барсика — рассказ на русском (B2) | RusoFácilapp
https://rusofacilapp.com/ru/stories/cmsxtqlnt0049qwnc0cvxrs81,рассказ,200,да,2026-08-25T02:40:30.387Z,да,,на себя,3,2,2,Слепая дегустация — рассказ на русском (B2) | RusoFácilapp
https://rusofacilapp.com/ru/stories/cmsxtr60j0085qwncksp8hele,рассказ,200,да,2026-08-24T20:03:18.759Z,да,,на себя,3,2,3,Тайна семейного альбома — рассказ на русском (B2) | RusoFácilapp
https://rusofacilapp.com/ru/stories/cmsxtq7qo001iqwncsd4rbska,рассказ,200,да,2026-08-25T02:40:23.921Z,да,,на себя,3,2,2,Барышня-крестьянка — рассказ на русском (C1) | RusoFácilapp
https://rusofacilapp.com/ru/stories/cmsxtq9cr001sqwnc846667c0,рассказ,200,да,2026-08-25T02:40:29.331Z,да,,на себя,3,2,3,Хлеб на всех — рассказ на русском (B2) | RusoFácilapp
https://rusofacilapp.com/ru/stories/cmsxtr6h6008aqwncu0ho98m7,рассказ,200,да,2026-08-24T20:03:19.054Z,да,,на себя,3,2,3,Экскурсия для незрячих посетителей — рассказ на русском (B2)
https://rusofacilapp.com/ru/stories/cmszq4fae0003pkncj1tfxq1a,рассказ,200,да,2026-08-24T20:03:20.210Z,да,,на себя,3,2,4,Экзамен ради дедушки — рассказ на русском (B2) | RusoFácilapp
https://rusofacilapp.com/ru/stories/cmsxtr0kn0071qwncjrs766n9,рассказ,200,да,2026-08-24T20:03:15.384Z,да,,на себя,3,2,3,Фотография обычного дня — рассказ на русском (B2) | RusoFácilapp
https://rusofacilapp.com/ru/stories/cmsxtqe74002rqwnco3fmsn40,рассказ,200,да,2026-08-25T02:40:24.481Z,да,,на себя,3,2,1,Возвращение к тренеру — рассказ на русском (C1) | RusoFácilapp
https://rusofacilapp.com/ru/stories/cmsxtqh0y003cqwncf10c0zzt,рассказ,200,да,2026-08-25T02:40:24.667Z,да,,на себя,3,2,1,Врачебная ошибка — рассказ на русском (C1) | RusoFácilapp
https://rusofacilapp.com/ru/stories/cmsxtqiaf003iqwncoh0pmccs,рассказ,200,да,2026-08-25T02:40:24.824Z,да,,на себя,3,2,1,Банка со старыми деталями — рассказ на русском (C1) | RusoFácilapp
https://rusofacilapp.com/ru/stories/cmsxtqtxy005tqwnceo2y58z4,рассказ,200,да,2026-08-25T02:40:25.970Z,да,,на себя,3,2,1,Дрожь в голосе — рассказ на русском (C1) | RusoFácilapp
https://rusofacilapp.com/ru/stories/cmsxtqji2003uqwncccsdbw2n,рассказ,200,да,2026-08-25T02:40:30.209Z,да,,на себя,3,2,3,Экскурсия под дождём — рассказ на русском (B2) | RusoFácilapp
https://rusofacilapp.com/ru/stories/cmsxtq94v001qqwnchpxp58co,рассказ,200,да,2026-08-25T02:40:29.208Z,да,,на себя,3,2,2,Хирургия — рассказ на русском (B2) | RusoFácilapp
https://rusofacilapp.com/ru/stories/cmsxtq997001rqwncl6klh2ns,рассказ,200,да,2026-08-25T02:40:29.268Z,да,,на себя,3,2,4,Царевна-лягушка — рассказ на русском (B2) | RusoFácilapp
https://rusofacilapp.com/ru/stories/cmsxtqej8002uqwncqtm4bad0,рассказ,200,да,2026-08-25T02:40:29.691Z,да,,на себя,3,2,1,Языковой обмен — рассказ на русском (B2) | RusoFácilapp
https://rusofacilapp.com/ru/stories/cmsxtq7jo001gqwnc307hyg6t,рассказ,200,да,2026-08-25T02:40:23.791Z,да,,на себя,3,2,1,Второй шанс — рассказ на русском (C1) | RusoFácilapp
https://rusofacilapp.com/ru/stories/cmsxtq8ba001oqwncr3kolun4,рассказ,200,да,2026-08-25T02:40:24.294Z,да,,на себя,3,2,1,Голос за кадром — рассказ на русском (C1) | RusoFácilapp
https://rusofacilapp.com/ru/stories/cmsxtqnww004pqwncw02n7egj,рассказ,200,да,2026-08-25T02:40:25.477Z,да,,на себя,3,2,1,Дирижёрское решение — рассказ на русском (C1) | RusoFácilapp
https://rusofacilapp.com/ru/stories/cmsxtqhby003fqwncl3g8rk21,рассказ,200,да,2026-08-25T02:40:24.757Z,да,,на себя,3,2,1,Две сестры — рассказ на русском (C1) | RusoFácilapp
https://rusofacilapp.com/ru/stories/cmsxtq916001pqwnc1dk9qc9p,рассказ,200,да,2026-08-25T02:40:24.355Z,да,,на себя,3,2,1,Дуэт в переходе — рассказ на русском (C1) | RusoFácilapp
https://rusofacilapp.com/ru/stories/cmsxtq7fh001fqwnc4gq7cxsa,рассказ,200,да,2026-08-25T02:40:23.729Z,да,,на себя,3,2,1,Лапти — рассказ на русском (C1) | RusoFácilapp
https://rusofacilapp.com/ru/stories/cmsxtqplv004zqwnc9kr7mrci,рассказ,200,да,2026-08-25T02:40:25.599Z,да,,на себя,3,2,1,Курган над рекой — рассказ на русском (C1) | RusoFácilapp
https://rusofacilapp.com/ru/stories/cmsxtr7p1008gqwncph9zxag5,рассказ,200,да,2026-08-25T02:40:28.148Z,да,,на себя,3,2,1,Лишний год — рассказ на русском (C1) | RusoFácilapp
https://rusofacilapp.com/ru/stories/cmsxtq6xq001aqwnc2lkspcr3,рассказ,200,да,2026-08-25T02:40:23.421Z,да,,на себя,3,2,1,Левша — рассказ на русском (C1) | RusoFácilapp
https://rusofacilapp.com/ru/stories/cmsxtq7b5001eqwncr5iy6j2r,рассказ,200,да,2026-08-25T02:40:23.667Z,да,,на себя,3,2,1,Муму — рассказ на русском (C1) | RusoFácilapp
https://rusofacilapp.com/ru/stories/cmsxtr84e008lqwncb1dk5npx,рассказ,200,да,2026-08-25T02:40:28.211Z,да,,на себя,3,2,1,Ловушки в заповеднике — рассказ на русском (C1) | RusoFácilapp
https://rusofacilapp.com/ru/stories/cmsxtr5lt0081qwncrga3xrj2,рассказ,200,да,2026-08-25T02:40:26.956Z,да,,на себя,3,2,1,"Здоровые, но лишние — рассказ на русском (C1) | RusoFácilapp"
https://rusofacilapp.com/ru/stories/cmsxtq6u60019qwncsrzc8944,рассказ,200,да,2026-08-25T02:40:23.324Z,да,,на себя,3,2,1,Летучий корабль — рассказ на русском (C1) | RusoFácilapp
https://rusofacilapp.com/ru/stories/cmsxtr1nt007cqwncmnfj1929,рассказ,200,да,2026-08-25T02:40:26.655Z,да,,на себя,3,2,1,Обещание анонимности — рассказ на русском (C1) | RusoFácilapp
https://rusofacilapp.com/ru/stories/cmsxtqng0004kqwncb5xfnhhh,рассказ,200,да,2026-08-25T02:40:25.421Z,да,,на себя,3,2,1,"Кадр, который никто не увидел — рассказ на русском (C1) | RusoFácilapp"
https://rusofacilapp.com/ru/stories/cmsxtqp42004uqwncmhhhk44i,рассказ,200,да,2026-08-25T02:40:25.540Z,да,,на себя,3,2,1,Конфликт интересов — рассказ на русском (C1) | RusoFácilapp
https://rusofacilapp.com/ru/stories/cmsxtqipu003mqwnc91qqh0ll,рассказ,200,да,2026-08-25T02:40:24.882Z,да,,на себя,3,2,1,Плейлист для свадьбы — рассказ на русском (C1) | RusoFácilapp
https://rusofacilapp.com/ru/stories/cmt07mslw0004banckzxrbbr6,рассказ,200,да,2026-08-25T02:40:28.384Z,да,,на себя,3,2,1,Подделка в винном погребе — рассказ на русском (C1) | RusoFácilapp
https://rusofacilapp.com/ru/stories/cmsxtq7uj001jqwncw6pltd9p,рассказ,200,да,2026-08-25T02:40:23.983Z,да,,на себя,3,2,2,Ночь перед Рождеством — рассказ на русском (C1) | RusoFácilapp
https://rusofacilapp.com/ru/stories/cmsxtqe1e002qqwncjfve8nnr,рассказ,200,да,2026-08-25T02:40:24.419Z,да,,на себя,3,2,1,Последний маяк — рассказ на русском (C1) | RusoFácilapp
https://rusofacilapp.com/ru/stories/cmsxtqef7002tqwncjtrytisx,рассказ,200,да,2026-08-25T02:40:24.596Z,да,,на себя,3,2,1,Почтальон и молчаливый дом — рассказ на русском (C1) | RusoFácilapp
https://rusofacilapp.com/ru/stories/cmsxtr79b008bqwnc5ksuf35h,рассказ,200,да,2026-08-25T02:40:27.094Z,да,,на себя,3,2,1,Ошибка в формуле выплат — рассказ на русском (C1) | RusoFácilapp
https://rusofacilapp.com/ru/stories/cmsxtqugw005yqwnccu05ytio,рассказ,200,да,2026-08-25T02:40:26.038Z,да,,на себя,3,2,1,Перевод без переводчика — рассказ на русском (C1) | RusoFácilapp
https://rusofacilapp.com/ru/stories/cmsxtr0o20072qwnczwpyawa7,рассказ,200,да,2026-08-25T02:40:26.538Z,да,,на себя,3,2,1,Перевод без прикрас — рассказ на русском (C1) | RusoFácilapp
https://rusofacilapp.com/ru/stories/cmsxtqsri005oqwnc7pa4zdta,рассказ,200,да,2026-08-25T02:40:25.914Z,да,,на себя,3,2,1,Право на историю — рассказ на русском (C1) | RusoFácilapp
https://rusofacilapp.com/ru/stories/cmsxtq84l001mqwncquns07iu,рассказ,200,да,2026-08-25T02:40:24.171Z,да,,на себя,3,2,1,"Повесть о том, как один мужик двух генералов прокормил — рассказ (C1)"
https://rusofacilapp.com/ru/stories/cmsxtr2tj007hqwncyzussa5z,рассказ,200,да,2026-08-25T02:40:26.716Z,да,,на себя,3,2,1,Право на молчание — рассказ на русском (C1) | RusoFácilapp
https://rusofacilapp.com/ru/stories/cmsxtq74u001cqwncbywow3s2,рассказ,200,да,2026-08-25T02:40:23.543Z,да,,на себя,3,2,1,Последнее письмо — рассказ на русском (C1) | RusoFácilapp
https://rusofacilapp.com/ru/stories/cmsxtqw4d0068qwnczypypipq,рассказ,200,да,2026-08-25T02:40:26.174Z,да,,на себя,3,2,1,Право оставаться дома — рассказ на русском (C1) | RusoFácilapp
https://rusofacilapp.com/ru/stories/cmsxtqjle003vqwncai08sv9o,рассказ,200,да,2026-08-25T02:40:25.010Z,да,,на себя,3,2,1,Пшеничное поле — рассказ на русском (C1) | RusoFácilapp
https://rusofacilapp.com/ru/stories/cmsxtqmxd004fqwnchcthrgsx,рассказ,200,да,2026-08-25T02:40:25.298Z,да,,на себя,3,2,1,Последние сто метров — рассказ на русском (C1) | RusoFácilapp
https://rusofacilapp.com/ru/stories/cmsxtqkrk0040qwncy19itc37,рассказ,200,да,2026-08-25T02:40:25.071Z,да,,на себя,3,2,1,Рассказы под псевдонимом — рассказ на русском (C1) | RusoFácilapp
https://rusofacilapp.com/ru/stories/cmsxtq77x001dqwncgkzoypl1,рассказ,200,да,2026-08-25T02:40:23.603Z,да,,на себя,3,2,1,Родной язык — рассказ на русском (C1) | RusoFácilapp
https://rusofacilapp.com/ru/stories/cmsxtqsb7005jqwnc4nwbbinj,рассказ,200,да,2026-08-25T02:40:25.860Z,да,,на себя,3,2,1,Скамейка для сына — рассказ на русском (C1) | RusoFácilapp
https://rusofacilapp.com/ru/stories/cmsxtq71p001bqwncldp08jtx,рассказ,200,да,2026-08-25T02:40:23.480Z,да,,на себя,3,2,1,Скрипка Ротшильда — рассказ на русском (C1) | RusoFácilapp
https://rusofacilapp.com/ru/stories/cmsxtql9m0045qwnctjymsckg,рассказ,200,да,2026-08-25T02:40:25.130Z,да,,на себя,3,2,1,Слепое пятно алгоритма — рассказ на русском (C1) | RusoFácilapp
https://rusofacilapp.com/ru/stories/cmsxtq7xy001kqwnctzz5hrme,рассказ,200,да,2026-08-25T02:40:24.047Z,да,,на себя,3,2,1,Последний урок — рассказ на русском (C1) | RusoFácilapp
https://rusofacilapp.com/ru/stories/cmszq4faf0004pknc8ajyhcex,рассказ,200,да,2026-08-25T02:40:28.328Z,да,,на себя,3,2,1,Правда за кадром — рассказ на русском (C1) | RusoFácilapp
https://rusofacilapp.com/ru/stories/cmsxtqq1y0054qwnczzl6gwzw,рассказ,200,да,2026-08-25T02:40:25.659Z,да,,на себя,3,2,1,Спасти лозу — рассказ на русском (C1) | RusoFácilapp
https://rusofacilapp.com/ru/stories/cmsxtr16s0077qwnct3km2h83,рассказ,200,да,2026-08-25T02:40:26.594Z,да,,на себя,3,2,1,Право не знать — рассказ на русском (C1) | RusoFácilapp
https://rusofacilapp.com/ru/stories/cmsxtqzhe006xqwncjs7xdyh1,рассказ,200,да,2026-08-25T02:40:26.482Z,да,,на себя,3,2,1,"Слова, которые стесняются — рассказ на русском (C1) | RusoFácilapp"
https://rusofacilapp.com/ru/stories/cmsxtr8iz008qqwncgjv1uhak,рассказ,200,да,2026-08-25T02:40:28.270Z,да,,на себя,3,2,1,Срок эмбарго — рассказ на русском (C1) | RusoFácilapp
https://rusofacilapp.com/ru/stories/cmsxtqx7r006iqwncxmhf2m3p,рассказ,200,да,2026-08-25T02:40:26.295Z,да,,на себя,3,2,1,Продуманное поражение — рассказ на русском (C1) | RusoFácilapp
https://rusofacilapp.com/ru/stories/cmsxtqyzl006sqwncqhvycitt,рассказ,200,да,2026-08-25T02:40:26.418Z,да,,на себя,3,2,1,Слой под картиной — рассказ на русском (C1) | RusoFácilapp
https://rusofacilapp.com/ru/stories/cmsxtq7nd001hqwncwfkm6tog,рассказ,200,да,2026-08-25T02:40:23.859Z,да,,на себя,3,2,1,Тишина после шторма — рассказ на русском (C1) | RusoFácilapp
https://rusofacilapp.com/ru/stories/cmsxtqyh3006nqwnc6jw85ybo,рассказ,200,да,2026-08-25T02:40:26.357Z,да,,на себя,3,2,1,Третий в комнате — рассказ на русском (C1) | RusoFácilapp
https://rusofacilapp.com/ru/stories/cmsxtr3b2007mqwncty4xdc6r,рассказ,200,да,2026-08-25T02:40:26.779Z,да,,на себя,3,2,1,Скрытая переменная — рассказ на русском (C1) | RusoFácilapp
https://rusofacilapp.com/ru/stories/cmsxtq819001lqwnciokz2s5o,рассказ,200,да,2026-08-25T02:40:24.110Z,да,,на себя,3,2,1,Точный перевод — рассказ на русском (C1) | RusoFácilapp
https://rusofacilapp.com/ru/stories/cmsxtqlr3004aqwncaln307e0,рассказ,200,да,2026-08-25T02:40:25.237Z,да,,на себя,3,2,1,Тень старой статьи — рассказ на русском (C1) | RusoFácilapp
https://rusofacilapp.com/ru/stories/cmsxtqj3k003qqwnczixvfbzh,рассказ,200,да,2026-08-25T02:40:24.950Z,да,,на себя,3,2,1,Тревожная кнопка — рассказ на русском (C1) | RusoFácilapp
https://rusofacilapp.com/ru/stories/cmsxtq87j001nqwncbcss7i6j,рассказ,200,да,2026-08-25T02:40:24.230Z,да,,на себя,3,2,1,Три вопроса — рассказ на русском (C1) | RusoFácilapp
https://rusofacilapp.com/ru/stories/cmsxtqwqa006dqwnc1pfhquuy,рассказ,200,да,2026-08-25T02:40:26.237Z,да,,на себя,3,2,1,У постели больного — рассказ на русском (C1) | RusoFácilapp
https://rusofacilapp.com/ru/stories/cmsxtr3tb007rqwncrwu6hbq1,рассказ,200,да,2026-08-25T02:40:26.837Z,да,,на себя,3,2,1,Трещина в опоре — рассказ на русском (C1) | RusoFácilapp
https://rusofacilapp.com/ru/stories/cmsxtqqjt0059qwnc6u3vao4s,рассказ,200,да,2026-08-25T02:40:25.726Z,да,,на себя,3,2,1,Три дня до премьеры — рассказ на русском (C1) | RusoFácilapp
https://rusofacilapp.com/ru/stories/cmsxtquyu0063qwncsvok0r06,рассказ,200,да,2026-08-25T02:40:26.113Z,да,,на себя,3,2,1,Цена на полке — рассказ на русском (C1) | RusoFácilapp
https://rusofacilapp.com/ru/stories/cmsxtq0tg0009qwncsjk6vkk3,рассказ,200,да,2026-08-25T02:40:23.258Z,да,,на себя,3,2,1,Чудесный доктор — рассказ на русском (C1) | RusoFácilapp
https://rusofacilapp.com/ru/stories/cmsxtqeay002sqwnc2ks9m4qw,рассказ,200,да,2026-08-25T02:40:24.537Z,да,,на себя,3,2,1,Цена правды — рассказ на русском (C1) | RusoFácilapp
https://rusofacilapp.com/ru/stories/cmsxtr64d0086qwnc6bbqn8us,рассказ,200,да,2026-08-25T02:40:27.031Z,да,,на себя,3,2,1,Чужими словами — рассказ на русском (C1) | RusoFácilapp
https://rusofacilapp.com/ru/word-games/WORD_SEARCH/A1/1,пазл WORD_SEARCH,200,да,2026-08-29T12:00:00.000Z,да,,на себя,3,2,2,Филворд на русском: здоровье (A1) | RusoFácilapp
https://rusofacilapp.com/ru/stories/cmsxtqrrt005eqwnc8ks53a6p,рассказ,200,да,2026-08-25T02:40:25.797Z,да,,на себя,3,2,1,Чутьё Бурана — рассказ на русском (C1) | RusoFácilapp
https://rusofacilapp.com/ru/stories/cmsxtr4ad007wqwncb9b6ibnf,рассказ,200,да,2026-08-25T02:40:26.899Z,да,,на себя,3,2,1,Экспонат с историей — рассказ на русском (C1) | RusoFácilapp
https://rusofacilapp.com/ru/word-games/WORD_SEARCH/A1/2,пазл WORD_SEARCH,200,да,2026-08-29T12:00:00.000Z,да,,на себя,3,2,3,Филворд на русском: город и транспорт (A1) | RusoFácilapp
https://rusofacilapp.com/ru/word-games/WORD_SEARCH/A1/3,пазл WORD_SEARCH,200,да,2026-08-29T12:00:00.000Z,да,,на себя,3,2,3,Филворд на русском: семья (A1) | RusoFácilapp
https://rusofacilapp.com/ru/word-games/WORD_SEARCH/A1/4,пазл WORD_SEARCH,200,да,2026-08-29T12:00:00.000Z,да,,на себя,3,2,3,Филворд на русском: базовые слова (A1) | RusoFácilapp
https://rusofacilapp.com/ru/word-games/WORD_SEARCH/A1/6,пазл WORD_SEARCH,200,да,2026-08-29T12:00:00.000Z,да,,на себя,3,2,3,Филворд на русском: еда (A1) | RusoFácilapp
https://rusofacilapp.com/ru/word-games/WORD_SEARCH/A1/9,пазл WORD_SEARCH,200,да,2026-09-04T21:03:13.767Z,да,,на себя,3,2,3,"Филворд по русскому языку, уровень A1 № 9 (24 слов) | RusoFácilapp"
https://rusofacilapp.com/ru/word-games/WORD_SEARCH/A2/1,пазл WORD_SEARCH,200,да,2026-09-04T21:03:14.043Z,да,,на себя,3,2,2,Филворд на русском: одежда (A2) | RusoFácilapp
https://rusofacilapp.com/ru/word-games/WORD_SEARCH/A1/8,пазл WORD_SEARCH,200,да,2026-08-20T22:52:01.963Z,да,,на себя,3,2,3,"Филворд по русскому языку, уровень A1 № 8 (22 слов) | RusoFácilapp"
https://rusofacilapp.com/ru/word-games/WORD_SEARCH/A2/2,пазл WORD_SEARCH,200,да,2026-09-04T21:03:14.137Z,да,,на себя,3,2,3,Филворд на русском: базовые слова (A2) | RusoFácilapp
https://rusofacilapp.com/ru/word-games/WORD_SEARCH/A2/3,пазл WORD_SEARCH,200,да,2026-09-04T21:03:14.240Z,да,,на себя,3,2,3,Филворд на русском: семья (A2) | RusoFácilapp
https://rusofacilapp.com/ru/word-games/WORD_SEARCH/A2/4,пазл WORD_SEARCH,200,да,2026-09-04T21:03:14.339Z,да,,на себя,3,2,3,Филворд на русском: эмоции (A2) | RusoFácilapp
https://rusofacilapp.com/ru/word-games/WORD_SEARCH/A2/6,пазл WORD_SEARCH,200,да,2026-08-29T12:00:00.000Z,да,,на себя,3,2,3,Филворд на русском: искусство и досуг (A2) | RusoFácilapp
https://rusofacilapp.com/ru/word-games/WORD_SEARCH/A2/7,пазл WORD_SEARCH,200,да,2026-08-29T12:00:00.000Z,да,,на себя,3,2,3,Филворд на русском: погода и природа (A2) | RusoFácilapp
https://rusofacilapp.com/ru/word-games/WORD_SEARCH/A2/8,пазл WORD_SEARCH,200,да,2026-09-04T21:03:14.457Z,да,,на себя,3,2,3,Филворд на русском: покупки (A2) | RusoFácilapp
https://rusofacilapp.com/ru/word-games/WORD_SEARCH/A1/7,пазл WORD_SEARCH,200,да,2026-08-29T12:00:00.000Z,да,,на себя,3,2,3,Филворд на русском: погода и природа (A1) | RusoFácilapp
https://rusofacilapp.com/ru/word-games/WORD_SEARCH/A2/5,пазл WORD_SEARCH,200,да,2026-08-29T12:00:00.000Z,да,,на себя,3,2,3,Филворд на русском: наука (A2) | RusoFácilapp
https://rusofacilapp.com/ru/word-games/WORD_SEARCH/A1/5,пазл WORD_SEARCH,200,да,2026-08-29T12:00:00.000Z,да,,на себя,3,2,3,Филворд на русском: покупки (A1) | RusoFácilapp
https://rusofacilapp.com/ru/word-games/WORD_SEARCH/A1/10,пазл WORD_SEARCH,200,да,2026-09-04T21:03:13.896Z,да,,на себя,3,2,2,"Филворд по русскому языку, уровень A1 № 10 (26 слов) | RusoFácilapp"
https://rusofacilapp.com/ru/word-games/WORD_SEARCH/B1/2,пазл WORD_SEARCH,200,да,2026-09-04T21:03:14.898Z,да,,на себя,3,2,3,Филворд на русском: семья (B1) | RusoFácilapp
https://rusofacilapp.com/ru/word-games/WORD_SEARCH/B1/3,пазл WORD_SEARCH,200,да,2026-09-04T21:03:14.996Z,да,,на себя,3,2,3,Филворд на русском: покупки (B1) | RusoFácilapp
https://rusofacilapp.com/ru/word-games/WORD_SEARCH/A2/10,пазл WORD_SEARCH,200,да,2026-09-04T21:03:14.679Z,да,,на себя,3,2,2,Филворд на русском: город и транспорт (A2) | RusoFácilapp
https://rusofacilapp.com/ru/word-games/WORD_SEARCH/B1/1,пазл WORD_SEARCH,200,да,2026-09-04T21:03:14.795Z,да,,на себя,3,2,2,Филворд на русском: одежда (B1) | RusoFácilapp
https://rusofacilapp.com/ru/word-games/WORD_SEARCH/A2/9,пазл WORD_SEARCH,200,да,2026-09-04T21:03:14.577Z,да,,на себя,3,2,3,Филворд на русском: еда (A2) | RusoFácilapp
https://rusofacilapp.com/ru/word-games/WORD_SEARCH/B1/4,пазл WORD_SEARCH,200,да,2026-09-04T21:03:15.094Z,да,,на себя,3,2,3,Филворд на русском: эмоции (B1) | RusoFácilapp
https://rusofacilapp.com/ru/word-games/WORD_SEARCH/B2/2,пазл WORD_SEARCH,200,да,2026-09-04T21:03:17.106Z,да,,на себя,3,2,3,Филворд на русском: одежда (B2) | RusoFácilapp
https://rusofacilapp.com/ru/word-games/WORD_SEARCH/B1/8,пазл WORD_SEARCH,200,да,2026-09-04T21:03:15.417Z,да,,на себя,3,2,3,Филворд на русском: город и транспорт (B1) | RusoFácilapp
https://rusofacilapp.com/ru/word-games/WORD_SEARCH/B1/668,пазл WORD_SEARCH,200,да,2026-09-04T21:03:16.676Z,да,,на себя,3,2,3,"Филворд по русскому языку, уровень B1 № 668 (13 слов) | RusoFácilapp"
https://rusofacilapp.com/ru/word-games/WORD_SEARCH/B1/669,пазл WORD_SEARCH,200,да,2026-09-04T21:03:16.893Z,да,,на себя,3,2,2,"Филворд по русскому языку, уровень B1 № 669 (16 слов) | RusoFácilapp"
https://rusofacilapp.com/ru/word-games/WORD_SEARCH/B2/5,пазл WORD_SEARCH,200,да,2026-09-04T21:03:17.411Z,да,,на себя,3,2,3,Филворд на русском: синонимы и антонимы (B2) | RusoFácilapp
https://rusofacilapp.com/ru/word-games/WORD_SEARCH/B2/6,пазл WORD_SEARCH,200,да,2026-09-04T21:03:17.510Z,да,,на себя,3,2,3,Филворд на русском: искусство и досуг (B2) | RusoFácilapp
https://rusofacilapp.com/ru/word-games/WORD_SEARCH/B1/5,пазл WORD_SEARCH,200,да,2026-08-29T12:00:00.000Z,да,,на себя,3,2,3,Филворд на русском: погода и природа (B1) | RusoFácilapp
https://rusofacilapp.com/ru/word-games/WORD_SEARCH/B1/6,пазл WORD_SEARCH,200,да,2026-09-04T21:03:15.200Z,да,,на себя,3,2,3,Филворд на русском: абстрактные понятия (B1) | RusoFácilapp
https://rusofacilapp.com/ru/word-games/WORD_SEARCH/B1/7,пазл WORD_SEARCH,200,да,2026-09-04T21:03:15.303Z,да,,на себя,3,2,3,Филворд на русском: еда (B1) | RusoFácilapp
https://rusofacilapp.com/ru/word-games/WORD_SEARCH/B1/10,пазл WORD_SEARCH,200,да,2026-09-04T21:03:16.833Z,да,,на себя,3,2,3,Филворд на русском: искусство и досуг (B1) | RusoFácilapp
https://rusofacilapp.com/ru/word-games/WORD_SEARCH/B1/9,пазл WORD_SEARCH,200,да,2026-09-04T21:03:15.561Z,да,,на себя,3,2,3,Филворд на русском: наука (B1) | RusoFácilapp
https://rusofacilapp.com/ru/word-games/WORD_SEARCH/B2/1,пазл WORD_SEARCH,200,да,2026-09-04T21:03:17.000Z,да,,на себя,3,2,2,Филворд на русском: наука (B2) | RusoFácilapp
https://rusofacilapp.com/ru/word-games/WORD_SEARCH/B2/3,пазл WORD_SEARCH,200,да,2026-09-04T21:03:17.204Z,да,,на себя,3,2,3,Филворд на русском: работа (B2) | RusoFácilapp
https://rusofacilapp.com/ru/word-games/WORD_SEARCH/B2/4,пазл WORD_SEARCH,200,да,2026-09-04T21:03:17.307Z,да,,на себя,3,2,3,Филворд на русском: общество (B2) | RusoFácilapp
https://rusofacilapp.com/ru/word-games/WORD_SEARCH/B2/9,пазл WORD_SEARCH,200,да,2026-08-29T12:00:00.000Z,да,,на себя,3,2,3,Филворд на русском: эмоции (B2) | RusoFácilapp
https://rusofacilapp.com/ru/word-games/WORD_SEARCH/B2/10,пазл WORD_SEARCH,200,да,2026-09-04T21:03:17.777Z,да,,на себя,3,2,3,Филворд на русском: абстрактные понятия (B2) | RusoFácilapp
https://rusofacilapp.com/ru/word-games/WORD_SEARCH/B2/7,пазл WORD_SEARCH,200,да,2026-09-04T21:03:17.621Z,да,,на себя,3,2,3,Филворд на русском: здоровье (B2) | RusoFácilapp
https://rusofacilapp.com/ru/word-games/CROSSWORD/A1/1,пазл CROSSWORD,200,да,2026-08-29T12:00:00.000Z,да,,на себя,3,2,2,Кроссворд на русском: наука (A1) | RusoFácilapp
https://rusofacilapp.com/ru/word-games/WORD_SEARCH/B2/8,пазл WORD_SEARCH,200,да,2026-08-29T12:00:00.000Z,да,,на себя,3,2,3,Филворд на русском: психология (B2) | RusoFácilapp
https://rusofacilapp.com/ru/word-games/WORD_SEARCH/B2/405,пазл WORD_SEARCH,200,да,2026-09-04T21:03:17.832Z,да,,на себя,3,2,2,"Филворд по русскому языку, уровень B2 № 405 (14 слов) | RusoFácilapp"
https://rusofacilapp.com/ru/word-games/CROSSWORD/A1/3,пазл CROSSWORD,200,да,2026-08-29T12:00:00.000Z,да,,на себя,3,2,3,Кроссворд на русском: город и транспорт (A1) | RusoFácilapp
https://rusofacilapp.com/ru/word-games/CROSSWORD/A1/2,пазл CROSSWORD,200,да,2026-08-29T12:00:00.000Z,да,,на себя,3,2,3,Кроссворд на русском: здоровье (A1) | RusoFácilapp
https://rusofacilapp.com/ru/word-games/CROSSWORD/A1/8,пазл CROSSWORD,200,да,2026-08-29T12:00:00.000Z,да,,на себя,3,2,3,Кроссворд на русском: погода и природа (A1) | RusoFácilapp
https://rusofacilapp.com/ru/word-games/CROSSWORD/A1/5,пазл CROSSWORD,200,да,2026-08-29T12:00:00.000Z,да,,на себя,3,2,3,Кроссворд на русском: базовые слова (A1) | RusoFácilapp
https://rusofacilapp.com/ru/word-games/CROSSWORD/A1/4,пазл CROSSWORD,200,да,2026-08-29T12:00:00.000Z,да,,на себя,3,2,3,Кроссворд на русском: семья (A1) | RusoFácilapp
https://rusofacilapp.com/ru/word-games/CROSSWORD/A1/6,пазл CROSSWORD,200,да,2026-08-29T12:00:00.000Z,да,,на себя,3,2,3,Кроссворд на русском: покупки (A1) | RusoFácilapp
https://rusofacilapp.com/ru/word-games/CROSSWORD/A1/10,пазл CROSSWORD,200,да,2026-08-20T22:52:20.644Z,да,,на себя,3,2,2,"Кроссворд по русскому языку, уровень A1 № 10 (24 слов) | RusoFácilapp"
https://rusofacilapp.com/ru/word-games/CROSSWORD/A1/9,пазл CROSSWORD,200,да,2026-08-20T22:52:20.488Z,да,,на себя,3,2,3,"Кроссворд по русскому языку, уровень A1 № 9 (22 слов) | RusoFácilapp"
https://rusofacilapp.com/ru/word-games/CROSSWORD/A1/7,пазл CROSSWORD,200,да,2026-08-29T12:00:00.000Z,да,,на себя,3,2,3,Кроссворд на русском: еда (A1) | RusoFácilapp
https://rusofacilapp.com/ru/word-games/CROSSWORD/A2/2,пазл CROSSWORD,200,да,2026-08-29T12:00:00.000Z,да,,на себя,3,2,3,Кроссворд на русском: искусство и досуг (A2) | RusoFácilapp
https://rusofacilapp.com/ru/word-games/CROSSWORD/A2/4,пазл CROSSWORD,200,да,2026-08-29T12:00:00.000Z,да,,на себя,3,2,3,Кроссворд на русском: базовые слова (A2) | RusoFácilapp
https://rusofacilapp.com/ru/word-games/CROSSWORD/A2/1,пазл CROSSWORD,200,да,2026-08-29T12:00:00.000Z,да,,на себя,3,2,2,Кроссворд на русском: одежда (A2) | RusoFácilapp
https://rusofacilapp.com/ru/word-games/CROSSWORD/A2/5,пазл CROSSWORD,200,да,2026-08-29T12:00:00.000Z,да,,на себя,3,2,3,Кроссворд на русском: покупки (A2) | RusoFácilapp
https://rusofacilapp.com/ru/word-games/CROSSWORD/A2/3,пазл CROSSWORD,200,да,2026-08-29T12:00:00.000Z,да,,на себя,3,2,3,Кроссворд на русском: наука (A2) | RusoFácilapp
https://rusofacilapp.com/ru/word-games/CROSSWORD/A2/7,пазл CROSSWORD,200,да,2026-08-29T12:00:00.000Z,да,,на себя,3,2,3,Кроссворд на русском: погода и природа (A2) | RusoFácilapp
https://rusofacilapp.com/ru/word-games/CROSSWORD/A2/8,пазл CROSSWORD,200,да,2026-08-29T12:00:00.000Z,да,,на себя,3,2,3,Кроссворд на русском: семья (A2) | RusoFácilapp
https://rusofacilapp.com/ru/word-games/CROSSWORD/A2/6,пазл CROSSWORD,200,да,2026-08-29T12:00:00.000Z,да,,на себя,3,2,3,Кроссворд на русском: эмоции (A2) | RusoFácilapp
https://rusofacilapp.com/ru/word-games/CROSSWORD/A2/10,пазл CROSSWORD,200,да,2026-08-29T12:00:00.000Z,да,,на себя,3,2,2,Кроссворд на русском: город и транспорт (A2) | RusoFácilapp
https://rusofacilapp.com/ru/word-games/CROSSWORD/A2/9,пазл CROSSWORD,200,да,2026-08-29T12:00:00.000Z,да,,на себя,3,2,3,Кроссворд на русском: еда (A2) | RusoFácilapp
https://rusofacilapp.com/ru/word-games/CROSSWORD/B1/1,пазл CROSSWORD,200,да,2026-08-29T12:00:00.000Z,да,,на себя,3,2,2,Кроссворд на русском: базовые слова (B1) | RusoFácilapp
https://rusofacilapp.com/ru/word-games/CROSSWORD/B1/4,пазл CROSSWORD,200,да,2026-08-29T12:00:00.000Z,да,,на себя,3,2,3,Кроссворд на русском: наука (B1) | RusoFácilapp
https://rusofacilapp.com/ru/word-games/CROSSWORD/B1/5,пазл CROSSWORD,200,да,2026-08-29T12:00:00.000Z,да,,на себя,3,2,3,Кроссворд на русском: погода и природа (B1) | RusoFácilapp
https://rusofacilapp.com/ru/word-games/CROSSWORD/B1/2,пазл CROSSWORD,200,да,2026-08-29T12:00:00.000Z,да,,на себя,3,2,3,Кроссворд на русском: здоровье (B1) | RusoFácilapp
https://rusofacilapp.com/ru/word-games/CROSSWORD/B1/6,пазл CROSSWORD,200,да,2026-08-29T12:00:00.000Z,да,,на себя,3,2,3,Кроссворд на русском: город и транспорт (B1) | RusoFácilapp
https://rusofacilapp.com/ru/word-games/CROSSWORD/B1/3,пазл CROSSWORD,200,да,2026-08-29T12:00:00.000Z,да,,на себя,3,2,3,Кроссворд на русском: одежда (B1) | RusoFácilapp
https://rusofacilapp.com/ru/word-games/CROSSWORD/B1/7,пазл CROSSWORD,200,да,2026-08-29T12:00:00.000Z,да,,на себя,3,2,3,Кроссворд на русском: искусство и досуг (B1) | RusoFácilapp
https://rusofacilapp.com/ru/word-games/CROSSWORD/B1/9,пазл CROSSWORD,200,да,2026-08-29T12:00:00.000Z,да,,на себя,3,2,3,Кроссворд на русском: эмоции (B1) | RusoFácilapp
https://rusofacilapp.com/ru/word-games/CROSSWORD/B1/8,пазл CROSSWORD,200,да,2026-08-29T12:00:00.000Z,да,,на себя,3,2,3,Кроссворд на русском: семья (B1) | RusoFácilapp
https://rusofacilapp.com/ru/word-games/CROSSWORD/B2/1,пазл CROSSWORD,200,да,2026-08-20T22:54:07.247Z,да,,на себя,3,2,2,"Кроссворд по русскому языку, уровень B2 № 1 (6 слов) | RusoFácilapp"
https://rusofacilapp.com/ru/word-games/CROSSWORD/B1/10,пазл CROSSWORD,200,да,2026-08-29T12:00:00.000Z,да,,на себя,3,2,2,Кроссворд на русском: еда (B1) | RusoFácilapp
https://rusofacilapp.com/ru/word-games/CROSSWORD/B2/4,пазл CROSSWORD,200,да,2026-08-29T12:00:00.000Z,да,,на себя,3,2,3,Кроссворд на русском: синонимы и антонимы (B2) | RusoFácilapp
https://rusofacilapp.com/ru/word-games/CROSSWORD/B2/2,пазл CROSSWORD,200,да,2026-08-29T12:00:00.000Z,да,,на себя,3,2,3,Кроссворд на русском: одежда (B2) | RusoFácilapp
https://rusofacilapp.com/ru/word-games/CROSSWORD/B2/3,пазл CROSSWORD,200,да,2026-08-20T22:54:07.457Z,да,,на себя,3,2,3,"Кроссворд по русскому языку, уровень B2 № 3 (10 слов) | RusoFácilapp"
https://rusofacilapp.com/ru/word-games/CROSSWORD/B2/5,пазл CROSSWORD,200,да,2026-08-29T12:00:00.000Z,да,,на себя,3,2,3,Кроссворд на русском: абстрактные понятия (B2) | RusoFácilapp
https://rusofacilapp.com/ru/word-games/CROSSWORD/B2/6,пазл CROSSWORD,200,да,2026-08-29T12:00:00.000Z,да,,на себя,3,2,3,Кроссворд на русском: эмоции (B2) | RusoFácilapp
https://rusofacilapp.com/ru/word-games/CROSSWORD/B2/7,пазл CROSSWORD,200,да,2026-08-20T22:54:08.979Z,да,,на себя,3,2,3,"Кроссворд по русскому языку, уровень B2 № 7 (18 слов) | RusoFácilapp"
https://rusofacilapp.com/ru/word-games/CROSSWORD/B2/8,пазл CROSSWORD,200,да,2026-08-20T22:54:09.245Z,да,,на себя,3,2,3,"Кроссворд по русскому языку, уровень B2 № 8 (20 слов) | RusoFácilapp"
https://rusofacilapp.com/ru/word-games/CROSSWORD/B2/9,пазл CROSSWORD,200,да,2026-08-20T22:54:09.407Z,да,,на себя,3,2,3,"Кроссворд по русскому языку, уровень B2 № 9 (22 слов) | RusoFácilapp"
https://rusofacilapp.com/ru/word-games/CROSSWORD/B2/10,пазл CROSSWORD,200,да,2026-08-20T22:54:09.630Z,да,,на себя,3,2,2,"Кроссворд по русскому языку, уровень B2 № 10 (24 слов) | RusoFácilapp"
https://rusofacilapp.com/ru/glossary/acusativo-de-direccion,термин глоссария,200,да,2026-08-28T17:40:51.697Z,да,,на себя,3,2,24,acusativo de dirección (в/на + acusativo) — glosario de gramática rusa
https://rusofacilapp.com/ru/glossary/adjetivo,термин глоссария,200,да,2026-08-28T17:40:43.645Z,да,,на себя,3,2,38,adjetivo — glosario de gramática rusa | RusoFácilapp
https://rusofacilapp.com/ru/glossary/acusativo-animado-inanimado,термин глоссария,200,да,2026-08-28T17:40:49.440Z,да,,на себя,3,2,25,acusativo animado/inanimado — glosario de gramática rusa
https://rusofacilapp.com/ru/glossary/adjetivo-corto,термин глоссария,200,да,2026-08-28T17:14:11.341Z,да,,на себя,3,2,40,adjetivo corto — glosario de gramática rusa | RusoFácilapp
https://rusofacilapp.com/ru/glossary/acusativo-de-tiempo,термин глоссария,200,да,2026-08-28T17:14:11.249Z,да,,на себя,3,2,24,acusativo de tiempo — glosario de gramática rusa
https://rusofacilapp.com/ru/glossary/adverbio-negativo,термин глоссария,200,да,2026-08-28T17:14:12.594Z,да,,на себя,3,2,2,adverbio negativo — glosario de gramática rusa
https://rusofacilapp.com/ru/glossary/adverbio,термин глоссария,200,да,2026-08-17T22:48:00.441Z,да,,на себя,3,2,38,adverbio — glosario de gramática rusa | RusoFácilapp
https://rusofacilapp.com/ru/glossary/adverbio-de-lugar,термин глоссария,200,да,2026-08-17T22:48:00.512Z,да,,на себя,3,2,5,adverbio de lugar — glosario de gramática rusa
https://rusofacilapp.com/ru/glossary/adverbio-predicativo,термин глоссария,200,да,2026-08-28T18:00:53.360Z,да,,на себя,3,2,3,adverbio predicativo — glosario de gramática rusa
https://rusofacilapp.com/ru/glossary/arcaismo,термин глоссария,200,да,2026-08-28T16:08:40.454Z,да,,на себя,3,2,8,arcaísmo — glosario de gramática rusa | RusoFácilapp
https://rusofacilapp.com/ru/glossary/aspecto-en-imperativo,термин глоссария,200,да,2026-08-28T17:40:52.951Z,да,,на себя,3,2,10,aspecto en el imperativo — glosario de gramática rusa
https://rusofacilapp.com/ru/glossary/articulo,термин глоссария,200,да,2026-08-17T22:48:00.696Z,да,,на себя,3,2,2,artículo — glosario de gramática rusa | RusoFácilapp
https://rusofacilapp.com/ru/glossary/aspecto-en-pasado-habitual,термин глоссария,200,да,2026-08-28T17:40:53.165Z,да,,на себя,3,2,10,aspecto en el pasado habitual — glosario de gramática rusa
https://rusofacilapp.com/ru/glossary/aspecto-del-infinitivo,термин глоссария,200,да,2026-08-29T18:32:11.585Z,да,,на себя,3,2,10,aspecto del infinitivo — glosario de gramática rusa
https://rusofacilapp.com/ru/glossary/aspecto-en-negacion,термин глоссария,200,да,2026-08-28T19:26:38.300Z,да,,на себя,3,2,6,aspecto en la negación — glosario de gramática rusa
https://rusofacilapp.com/ru/glossary/caso-acusativo,термин глоссария,200,да,2026-08-28T17:40:47.752Z,да,,на себя,3,2,7,caso acusativo — glosario de gramática rusa | RusoFácilapp
https://rusofacilapp.com/ru/glossary/caso-instrumental,термин глоссария,200,да,2026-08-28T17:40:47.846Z,да,,на себя,3,2,3,caso instrumental — glosario de gramática rusa
https://rusofacilapp.com/ru/glossary/caso-nominativo,термин глоссария,200,да,2026-08-28T17:40:46.930Z,да,,на себя,3,2,2,caso nominativo — glosario de gramática rusa | RusoFácilapp
https://rusofacilapp.com/ru/glossary/caso-preposicional,термин глоссария,200,да,2026-08-28T17:40:47.943Z,да,,на себя,3,2,3,caso preposicional — glosario de gramática rusa
https://rusofacilapp.com/ru/glossary/complemento-directo,термин глоссария,200,да,2026-08-28T17:40:44.113Z,да,,на себя,3,2,2,complemento directo — glosario de gramática rusa
https://rusofacilapp.com/ru/glossary/aspecto-perfectivo,термин глоссария,200,да,2026-08-28T17:40:47.155Z,да,,на себя,3,2,4,aspecto perfectivo — glosario de gramática rusa
https://rusofacilapp.com/ru/glossary/caso-vocativo,термин глоссария,200,да,2026-08-19T19:50:38.967Z,да,,на себя,3,2,2,caso vocativo (звательный падеж) — glosario de gramática rusa
https://rusofacilapp.com/ru/glossary/caso-genitivo,термин глоссария,200,да,2026-08-28T17:40:47.034Z,да,,на себя,3,2,5,caso genitivo — glosario de gramática rusa | RusoFácilapp
https://rusofacilapp.com/ru/glossary/complemento-indirecto,термин глоссария,200,да,2026-08-28T17:40:45.728Z,да,,на себя,3,2,3,complemento indirecto — glosario de gramática rusa
https://rusofacilapp.com/ru/glossary/aspecto-imperfectivo,термин глоссария,200,да,2026-08-28T17:40:47.248Z,да,,на себя,3,2,4,aspecto imperfectivo — glosario de gramática rusa
https://rusofacilapp.com/ru/glossary/caso-dativo,термин глоссария,200,да,2026-08-28T17:40:47.655Z,да,,на себя,3,2,3,caso dativo — glosario de gramática rusa | RusoFácilapp
https://rusofacilapp.com/ru/glossary/conjuncion-coordinante,термин глоссария,200,да,2026-08-28T17:40:49.240Z,да,,на себя,3,2,3,conjunción coordinante — glosario de gramática rusa
https://rusofacilapp.com/ru/glossary/concordancia,термин глоссария,200,да,2026-08-29T18:32:11.007Z,да,,на себя,3,2,4,concordancia — glosario de gramática rusa | RusoFácilapp
https://rusofacilapp.com/ru/glossary/conector-argumentativo,термин глоссария,200,да,2026-08-28T17:40:53.268Z,да,,на себя,3,2,12,conector argumentativo — glosario de gramática rusa
https://rusofacilapp.com/ru/glossary/conjuncion,термин глоссария,200,да,2026-08-28T17:40:44.013Z,да,,на себя,3,2,2,conjunción — glosario de gramática rusa | RusoFácilapp
https://rusofacilapp.com/ru/glossary/conjuncion-concesiva,термин глоссария,200,да,2026-08-19T19:50:38.963Z,да,,на себя,3,2,5,conjunción concesiva (хотя) — glosario de gramática rusa
https://rusofacilapp.com/ru/glossary/conjuncion-condicional,термин глоссария,200,да,2026-08-28T17:40:50.074Z,да,,на себя,3,2,2,conjunción condicional — glosario de gramática rusa
https://rusofacilapp.com/ru/glossary/conjuncion-adversativa,термин глоссария,200,да,2026-08-28T17:40:49.876Z,да,,на себя,3,2,11,conjunción adversativa — glosario de gramática rusa
https://rusofacilapp.com/ru/glossary/conjuncion-final,термин глоссария,200,да,2026-08-28T18:00:53.155Z,да,,на себя,3,2,3,conjunción final (чтобы) — glosario de gramática rusa
https://rusofacilapp.com/ru/glossary/conjuncion-subordinante,термин глоссария,200,да,2026-08-28T17:40:48.034Z,да,,на себя,3,2,3,conjunción subordinante — glosario de gramática rusa
https://rusofacilapp.com/ru/glossary/conjuncion-causal,термин глоссария,200,да,2026-08-28T18:00:51.875Z,да,,на себя,3,2,12,conjunción causal — glosario de gramática rusa
https://rusofacilapp.com/ru/glossary/construccion-participial,термин глоссария,200,да,2026-08-28T18:00:53.013Z,да,,на себя,3,2,9,construcción participial
https://rusofacilapp.com/ru/glossary/construccion-de-gerundio,термин глоссария,200,да,2026-08-28T17:40:50.169Z,да,,на себя,3,2,8,construcción de gerundio
https://rusofacilapp.com/ru/glossary/dativo-impersonal,термин глоссария,200,да,2026-08-29T18:32:11.236Z,да,,на себя,3,2,5,dativo impersonal (мне холодно) — glosario de gramática rusa
https://rusofacilapp.com/ru/glossary/doble-negacion,термин глоссария,200,да,2026-08-28T17:14:12.691Z,да,,на себя,3,2,18,doble negación — glosario de gramática rusa | RusoFácilapp
https://rusofacilapp.com/ru/glossary/dativo-de-direccion,термин глоссария,200,да,2026-08-28T17:40:51.598Z,да,,на себя,3,2,2,dativo de dirección (к + dativo) — glosario de gramática rusa
https://rusofacilapp.com/ru/glossary/interrogativo-con-by-ni,термин глоссария,200,да,2026-08-28T17:40:53.667Z,да,,на себя,3,2,2,construcción «бы ни» — glosario de gramática rusa
https://rusofacilapp.com/ru/glossary/proporcionalidad-chem-tem,термин глоссария,200,да,2026-08-28T17:40:53.892Z,да,,на себя,3,2,2,construcción «чем... тем...» — glosario de gramática rusa
https://rusofacilapp.com/ru/glossary/diminutivo,термин глоссария,200,да,2026-08-19T19:50:38.944Z,да,,на себя,3,2,15,diminutivo — glosario de gramática rusa | RusoFácilapp
https://rusofacilapp.com/ru/glossary/estilo-cientifico-oficial,термин глоссария,200,да,2026-08-28T17:40:49.656Z,да,,на себя,3,2,10,estilo científico/oficial — glosario de gramática rusa
https://rusofacilapp.com/ru/glossary/estilo-coloquial,термин глоссария,200,да,2026-08-19T19:50:38.952Z,да,,на себя,3,2,9,estilo coloquial — glosario de gramática rusa | RusoFácilapp
https://rusofacilapp.com/ru/glossary/discurso-indirecto,термин глоссария,200,да,2026-08-28T17:40:48.525Z,да,,на себя,3,2,3,discurso indirecto — glosario de gramática rusa
https://rusofacilapp.com/ru/glossary/estilo-poetico,термин глоссария,200,да,2026-08-28T16:08:40.618Z,да,,на себя,3,2,5,estilo poético/literario — glosario de gramática rusa
https://rusofacilapp.com/ru/glossary/exclamacion-kakoy-kak,термин глоссария,200,да,2026-08-28T17:40:53.771Z,да,,на себя,3,2,16,exclamación con «какой» y «как» — glosario de gramática rusa
https://rusofacilapp.com/ru/glossary/genitivo-de-negacion,термин глоссария,200,да,2026-08-28T17:40:49.337Z,да,,на себя,3,2,3,genitivo de negación — glosario de gramática rusa
https://rusofacilapp.com/ru/glossary/participio-corto-largo,термин глоссария,200,да,2026-08-19T19:50:38.965Z,да,,на себя,3,2,8,forma corta y larga del participio pasivo — glosario de gramática rusa
https://rusofacilapp.com/ru/glossary/genitivo-de-cantidad,термин глоссария,200,да,2026-08-28T17:40:51.361Z,да,,на себя,3,2,2,genitivo de cantidad — glosario de gramática rusa
https://rusofacilapp.com/ru/glossary/idiomatismo,термин глоссария,200,да,2026-08-28T17:40:53.464Z,да,,на себя,3,2,4,expresión idiomática — glosario de gramática rusa
https://rusofacilapp.com/ru/glossary/genitivo-partitivo,термин глоссария,200,да,2026-08-28T17:40:52.857Z,да,,на себя,3,2,2,genitivo partitivo — glosario de gramática rusa
https://rusofacilapp.com/ru/glossary/genitivo-posesivo,термин глоссария,200,да,2026-08-28T17:40:52.671Z,да,,на себя,3,2,3,genitivo posesivo — glosario de gramática rusa
https://rusofacilapp.com/ru/glossary/grado-comparativo,термин глоссария,200,да,2026-08-28T17:40:48.715Z,да,,на себя,3,2,76,grado comparativo — glosario de gramática rusa
https://rusofacilapp.com/ru/glossary/gerundio,термин глоссария,200,да,2026-08-28T17:40:47.535Z,да,,на себя,3,2,18,gerundio — glosario de gramática rusa | RusoFácilapp
https://rusofacilapp.com/ru/glossary/gerundio-de-pasado,термин глоссария,200,да,2026-08-19T19:50:38.962Z,да,,на себя,3,2,2,gerundio de pasado
https://rusofacilapp.com/ru/glossary/genero-gramatical,термин глоссария,200,да,2026-08-28T17:40:44.224Z,да,,на себя,3,2,2,género gramatical — glosario de gramática rusa
https://rusofacilapp.com/ru/glossary/grado-superlativo,термин глоссария,200,да,2026-08-28T17:40:48.824Z,да,,на себя,3,2,3,grado superlativo — glosario de gramática rusa
https://rusofacilapp.com/ru/glossary/instrumental-de-medio,термин глоссария,200,да,2026-08-28T17:40:51.461Z,да,,на себя,3,2,2,instrumental de medio — glosario de gramática rusa
https://rusofacilapp.com/ru/glossary/infinitivo,термин глоссария,200,да,2026-08-28T17:40:45.270Z,да,,на себя,3,2,2,infinitivo — glosario de gramática rusa | RusoFácilapp
https://rusofacilapp.com/ru/glossary/interjeccion,термин глоссария,200,да,2026-08-19T19:50:38.955Z,да,,на себя,3,2,5,interjección — glosario de gramática rusa | RusoFácilapp
https://rusofacilapp.com/ru/glossary/instrumental-de-compania,термин глоссария,200,да,2026-08-28T17:40:52.762Z,да,,на себя,3,2,2,instrumental de compañía
https://rusofacilapp.com/ru/glossary/jerga-juvenil,термин глоссария,200,да,2026-08-28T17:40:51.249Z,да,,на себя,3,2,2,jerga juvenil — glosario de gramática rusa | RusoFácilapp
https://rusofacilapp.com/ru/glossary/instrumental-predicativo,термин глоссария,200,да,2026-08-28T17:40:49.536Z,да,,на себя,3,2,3,instrumental predicativo — glosario de gramática rusa
https://rusofacilapp.com/ru/glossary/marcador-narrativo,термин глоссария,200,да,2026-08-28T17:40:53.564Z,да,,на себя,3,2,2,marcador narrativo — glosario de gramática rusa
https://rusofacilapp.com/ru/glossary/modo-condicional,термин глоссария,200,да,2026-08-28T17:40:48.426Z,да,,на себя,3,2,46,modo condicional — glosario de gramática rusa | RusoFácilapp
https://rusofacilapp.com/ru/glossary/modo-imperativo,термин глоссария,200,да,2026-08-28T17:40:48.333Z,да,,на себя,3,2,71,modo imperativo — glosario de gramática rusa | RusoFácilapp
https://rusofacilapp.com/ru/glossary/numeral,термин глоссария,200,да,2026-08-28T17:40:48.618Z,да,,на себя,3,2,130,numeral — glosario de gramática rusa | RusoFácilapp
https://rusofacilapp.com/ru/glossary/oracion-subordinada,термин глоссария,200,да,2026-08-28T18:00:51.319Z,да,,на себя,3,2,4,oración subordinada — glosario de gramática rusa
https://rusofacilapp.com/ru/glossary/oracion-indefinido-personal,термин глоссария,200,да,2026-08-28T17:14:13.954Z,да,,на себя,3,2,2,oración indefinido-personal — glosario de gramática rusa
https://rusofacilapp.com/ru/glossary/numero-gramatical,термин глоссария,200,да,2026-08-28T17:40:45.631Z,да,,на себя,3,2,2,número gramatical — glosario de gramática rusa
https://rusofacilapp.com/ru/glossary/modo-verbal,термин глоссария,200,да,2026-08-28T17:40:45.506Z,да,,на себя,3,2,2,modo verbal — glosario de gramática rusa | RusoFácilapp
https://rusofacilapp.com/ru/glossary/palabra-parentetica,термин глоссария,200,да,2026-08-19T19:50:38.956Z,да,,на себя,3,2,2,palabra parentética (вводное слово) — glosario de gramática rusa
https://rusofacilapp.com/ru/glossary/par-aspectual,термин глоссария,200,да,2026-08-28T17:40:49.143Z,да,,на себя,3,2,3,par aspectual — glosario de gramática rusa | RusoFácilapp
https://rusofacilapp.com/ru/glossary/orden-de-palabras,термин глоссария,200,да,2026-08-28T17:14:11.877Z,да,,на себя,3,2,3,orden de palabras — glosario de gramática rusa
https://rusofacilapp.com/ru/glossary/participio-pasivo,термин глоссария,200,да,2026-08-28T17:40:47.436Z,да,,на себя,3,2,3,participio pasivo — glosario de gramática rusa
https://rusofacilapp.com/ru/glossary/preposicion-v-na,термин глоссария,200,да,2026-08-28T17:14:11.568Z,да,,на себя,3,2,2,preposiciones «в» y «на» de lugar — glosario de gramática rusa
https://rusofacilapp.com/ru/glossary/participio-activo,термин глоссария,200,да,2026-08-28T18:00:51.449Z,да,,на себя,3,2,64,participio activo — glosario de gramática rusa
https://rusofacilapp.com/ru/glossary/pronombre,термин глоссария,200,да,2026-08-28T17:40:43.817Z,да,,на себя,3,2,2,pronombre — glosario de gramática rusa | RusoFácilapp
https://rusofacilapp.com/ru/glossary/preposicional-de-tema,термин глоссария,200,да,2026-08-28T17:40:51.792Z,да,,на себя,3,2,2,preposicional de tema
https://rusofacilapp.com/ru/glossary/prefijo-verbal,термин глоссария,200,да,2026-08-19T19:50:38.964Z,да,,на себя,3,2,2,prefijo verbal — glosario de gramática rusa | RusoFácilapp
https://rusofacilapp.com/ru/glossary/particula-modal,термин глоссария,200,да,2026-08-28T18:00:51.976Z,да,,на себя,3,2,3,partícula modal — glosario de gramática rusa | RusoFácilapp
https://rusofacilapp.com/ru/glossary/pronombre-indefinido,термин глоссария,200,да,2026-08-28T17:14:12.158Z,да,,на себя,3,2,3,pronombre indefinido — glosario de gramática rusa
https://rusofacilapp.com/ru/glossary/preposicion,термин глоссария,200,да,2026-08-28T17:40:43.916Z,да,,на себя,3,2,2,preposición — glosario de gramática rusa | RusoFácilapp
https://rusofacilapp.com/ru/glossary/pronombre-posesivo,термин глоссария,200,да,2026-08-28T17:40:48.926Z,да,,на себя,3,2,3,pronombre posesivo — glosario de gramática rusa
https://rusofacilapp.com/ru/glossary/registro-formal-e-informal,термин глоссария,200,да,2026-08-28T17:40:48.235Z,да,,на себя,3,2,2,registro formal e informal — glosario de gramática rusa
https://rusofacilapp.com/ru/glossary/pronombre-reflexivo,термин глоссария,200,да,2026-08-28T17:40:49.023Z,да,,на себя,3,2,3,pronombre reflexivo — glosario de gramática rusa
https://rusofacilapp.com/ru/glossary/regimen-preposicional,термин глоссария,200,да,2026-08-28T17:14:11.753Z,да,,на себя,3,2,2,régimen preposicional — glosario de gramática rusa
https://rusofacilapp.com/ru/glossary/segundo-caso-locativo,термин глоссария,200,да,2026-08-28T17:40:49.751Z,да,,на себя,3,2,2,segundo caso locativo (местный падеж) — glosario de gramática rusa
https://rusofacilapp.com/ru/glossary/sustantivo,термин глоссария,200,да,2026-08-28T17:40:43.495Z,да,,на себя,3,2,2,sustantivo — glosario de gramática rusa | RusoFácilapp
https://rusofacilapp.com/ru/glossary/sujeto,термин глоссария,200,да,2026-08-17T22:48:00.981Z,да,,на себя,3,2,2,sujeto — glosario de gramática rusa | RusoFácilapp
https://rusofacilapp.com/ru/glossary/regimen-verbal,термин глоссария,200,да,2026-08-28T17:14:13.722Z,да,,на себя,3,2,3,régimen verbal — glosario de gramática rusa | RusoFácilapp
https://rusofacilapp.com/ru/glossary/sufijo-aumentativo,термин глоссария,200,да,2026-08-19T19:50:38.964Z,да,,на себя,3,2,2,sufijo aumentativo — glosario de gramática rusa
https://rusofacilapp.com/ru/glossary/plurale-tantum,термин глоссария,200,да,2026-08-28T17:14:13.830Z,да,,на себя,3,2,2,sustantivo solo en plural — glosario de gramática rusa
https://rusofacilapp.com/ru/glossary/tema-duro-y-blando,термин глоссария,200,да,2026-08-28T17:14:11.662Z,да,,на себя,3,2,2,tema duro y tema blando — glosario de gramática rusa
https://rusofacilapp.com/ru/glossary/tiempo-verbal,термин глоссария,200,да,2026-08-17T22:48:01.316Z,да,,на себя,3,2,3,tiempo verbal — glosario de gramática rusa | RusoFácilapp
https://rusofacilapp.com/ru/glossary/pronombre-negativo,термин глоссария,200,да,2026-08-28T17:14:12.504Z,да,,на себя,3,2,2,pronombre negativo — glosario de gramática rusa
https://rusofacilapp.com/ru/glossary/verbo-de-aspecto-unico,термин глоссария,200,да,2026-08-19T19:50:38.951Z,да,,на себя,3,2,2,verbo de aspecto único — glosario de gramática rusa
https://rusofacilapp.com/ru/glossary/verbo-movimiento-con-prefijo,термин глоссария,200,да,2026-08-29T18:32:11.124Z,да,,на себя,3,2,17,verbo de movimiento con prefijo — glosario de gramática rusa
https://rusofacilapp.com/ru/glossary/verbo-de-movimiento-unidireccional,термин глоссария,200,да,2026-08-17T22:48:02.724Z,да,,на себя,3,2,6,verbo de movimiento unidireccional — glosario de gramática rusa
https://rusofacilapp.com/ru/glossary/verbo-irregular,термин глоссария,200,да,2026-08-28T17:14:11.150Z,да,,на себя,3,2,3,verbo irregular — glosario de gramática rusa | RusoFácilapp
https://rusofacilapp.com/ru/glossary/verbo-biaspectual,термин глоссария,200,да,2026-08-19T19:50:38.951Z,да,,на себя,3,2,2,verbo biaspectual — glosario de gramática rusa
https://rusofacilapp.com/ru/glossary/verbo-de-movimiento-multidireccional,термин глоссария,200,да,2026-08-28T17:40:48.137Z,да,,на себя,3,2,13,verbo de movimiento multidireccional — glosario de gramática rusa
https://rusofacilapp.com/ru/glossary/verbo-movimiento-figurado,термин глоссария,200,да,2026-08-28T17:40:53.360Z,да,,на себя,3,2,13,verbo de movimiento en sentido figurado — glosario de gramática rusa
https://rusofacilapp.com/ru/glossary/verbos-de-movimiento,термин глоссария,200,да,2026-08-17T22:48:02.314Z,да,,на себя,3,2,4,verbos de movimiento — glosario de gramática rusa
https://rusofacilapp.com/ru/glossary/verbo-reflexivo-sya,термин глоссария,200,да,2026-08-28T16:08:40.301Z,да,,на себя,3,2,245,verbo reflexivo (con -ся) — glosario de gramática rusa
https://rusofacilapp.com/ru/glossary/verbo,термин глоссария,200,да,2026-08-17T22:48:00.270Z,да,,на себя,3,2,2,verbo — glosario de gramática rusa | RusoFácilapp
https://rusofacilapp.com/ru/glossary/voz-activa,термин глоссария,200,да,2026-08-28T17:40:45.816Z,да,,на себя,3,2,2,voz activa — glosario de gramática rusa | RusoFácilapp
https://rusofacilapp.com/ru/glossary/par-ehat-ezdit,термин глоссария,200,да,2026-08-19T19:50:38.946Z,да,,на себя,3,2,2,ехать / ездить — glosario de gramática rusa | RusoFácilapp
https://rusofacilapp.com/ru/glossary/verbo-modal,термин глоссария,200,да,2026-08-28T17:14:10.953Z,да,,на себя,3,2,3,verbo modal — glosario de gramática rusa | RusoFácilapp
https://rusofacilapp.com/ru/glossary/par-idti-hodit,термин глоссария,200,да,2026-08-29T18:32:11.412Z,да,,на себя,3,2,3,идти / ходить — glosario de gramática rusa | RusoFácilapp
https://rusofacilapp.com/ru/glossary/contraste-to-nibud,термин глоссария,200,да,2026-08-28T17:14:12.403Z,да,,на себя,3,2,3,«-то» frente a «-нибудь» — glosario de gramática rusa
https://rusofacilapp.com/ru/glossary/voz-pasiva,термин глоссария,200,да,2026-08-28T17:40:46.733Z,да,,на себя,3,2,3,voz pasiva — glosario de gramática rusa | RusoFácilapp
https://rusofacilapp.com/ru/glossary/par-bezhat-begat,термин глоссария,200,да,2026-08-19T19:50:38.947Z,да,,на себя,3,2,2,бежать / бегать — glosario de gramática rusa | RusoFácilapp
https://rusofacilapp.com/ru/glossary/par-letet-letat,термин глоссария,200,да,2026-08-28T17:14:11.972Z,да,,на себя,3,2,3,лететь / летать — glosario de gramática rusa | RusoFácilapp
https://rusofacilapp.com/ru/glossary/par-nesti-nosit,термин глоссария,200,да,2026-08-19T19:50:38.959Z,да,,на себя,3,2,2,нести / носить — glosario de gramática rusa | RusoFácilapp
https://rusofacilapp.com/es/media/video-sobesedovanie-mundo-laboral,медиа,200,да,,да,,на себя,3,3,2,El mundo laboral: vocabulario y diálogo de una entrevista de trabajo
https://rusofacilapp.com/es/media/video-expresar-acuerdo-desacuerdo,медиа,200,да,,да,,на себя,3,3,2,"Expresar opiniones: fórmulas de acuerdo, duda y desacuerdo"
https://rusofacilapp.com/es/media/video-caso-dativo-general,медиа,200,да,,да,,на себя,3,3,2,El caso dativo en ruso: complemento indirecto y preposiciones «к» y…
https://rusofacilapp.com/es/media/video-gostepriimstvo-tradicii,медиа,200,да,,да,,на себя,3,3,2,Cultura y costumbres rusas: la tradición de la hospitalidad
https://rusofacilapp.com/es/media/video-struktura-delovogo-pisma,медиа,200,да,,да,,на себя,3,3,2,Escribir correos formales: la estructura de la carta empresarial
https://rusofacilapp.com/es/media/video-glagoly-dvizheniya-pri-u,медиа,200,да,,да,,на себя,3,3,2,Prefijos ПРИ- y У- con verbos de movimiento: llegar y partir
https://rusofacilapp.com/es/media/video-conectores-causa-consecuencia-concesion,медиа,200,да,,да,,на себя,3,3,2,"Conectores lógicos: causa, consecuencia y concesión — vídeo (B1)"
https://rusofacilapp.com/ru/glossary/par-plyt-plavat,термин глоссария,200,да,2026-08-28T17:14:12.066Z,да,,на себя,3,2,3,плыть / плавать — glosario de gramática rusa | RusoFácilapp
https://rusofacilapp.com/es/media/video-verbos-movimiento-prefijos-salir,медиа,200,да,,да,,на себя,3,3,2,Verbos de movimiento con prefijos: выйти — vídeo (B1)
https://rusofacilapp.com/es/media/video-aspecto-tres-tiempos,медиа,200,да,,да,,на себя,3,3,2,"El aspecto verbal ruso en presente, pasado y futuro, explicado en…"
https://rusofacilapp.com/es/media/video-glagoly-dvizheniya-pere,медиа,200,да,,да,,на себя,3,3,2,Prefijo ПЕРЕ- con verbos de movimiento: cruzar y trasladarse
https://rusofacilapp.com/es/media/video-aspecto-infinitivo-modales,медиа,200,да,,да,,на себя,3,3,2,Aspecto del infinitivo tras verbos modales — vídeo (B1)
https://rusofacilapp.com/es/media/video-aspecto-imperativo-negacion,медиа,200,да,,да,,на себя,3,3,2,Aspecto verbal en la negación y la repetición (imperativos)
https://rusofacilapp.com/es/gramatica/verbos-reflexivos-ruso,гид по грамматике,200,да,,да,,на себя,2,3,3,Los verbos en -ся en ruso: qué significan de verdad
https://rusofacilapp.com/es/media/video-glagoly-dvizheniya-pro-do,медиа,200,да,,да,,на себя,3,3,2,Prefijos ПРО- y ДО- con verbos de movimiento: pasar de largo y…
https://rusofacilapp.com/es/media/video-okazyvaetsya-nueva-informacion,медиа,200,да,,да,,на себя,3,3,2,"Comunicar información nueva: «оказывается», «оказалось, что», «как…"
https://rusofacilapp.com/es/media/video-aspecto-verbal-futuro,медиа,200,да,,да,,на себя,3,3,2,Aspecto verbal en futuro: perfectivo e imperfectivo — vídeo (B1)
https://rusofacilapp.com/es/media/video-discurso-indirecto-que,медиа,200,да,,да,,на себя,3,3,2,Discurso indirecto con «что» — ruso con música y vídeo (B1)
https://rusofacilapp.com/es/media/video-verbos-movimiento-prefijos-repaso,медиа,200,да,,да,,на себя,3,3,2,"Verbos de movimiento con prefijos: repaso narrativo, explicado en…"
https://rusofacilapp.com/es/media/video-gerundios-imperfectivos,медиа,200,да,,да,,на себя,3,3,2,El gerundio ruso — ruso con música y vídeo (B1) | RusoFácilapp
https://rusofacilapp.com/es/media/video-glagoly-dvizheniya-pod-ot,медиа,200,да,,да,,на себя,3,3,2,Prefijos ПОД- y ОТ- con verbos de movimiento: acercarse y alejarse
https://rusofacilapp.com/es/media/video-discurso-indirecto-preguntas-especiales,медиа,200,да,,да,,на себя,3,3,2,"Preguntas indirectas: как, где, когда, почему — vídeo (B1)"
https://rusofacilapp.com/es/media/video-delovaya-beseda-trabajo,медиа,200,да,,да,,на себя,3,3,2,Búsqueda de trabajo y la entrevista: tipos de conversación empresarial
https://rusofacilapp.com/es/media/video-deeprichastiya-sv,медиа,200,да,,да,,на себя,3,3,2,Gerundios perfectivos (деепричастия СВ) — ruso con música y vídeo (B1)
https://rusofacilapp.com/es/media/video-participios-activos-presente,медиа,200,да,,да,,на себя,3,3,2,"Los participios activos de presente en ruso, explicado en español"
https://rusofacilapp.com/es/media/video-pervoye-vpechatlenie-narracion,медиа,200,да,,да,,на себя,3,3,2,Narrar experiencias pasadas con detalle: «Первое впечатление» — el…
https://rusofacilapp.com/es/media/video-bakalavr-magistr-educacion,медиа,200,да,,да,,на себя,3,3,2,"Educación y carrera profesional: «бакалавр», «специалист»…"
https://rusofacilapp.com/es/media/video-hablar-libros-hobbies,медиа,200,да,,да,,на себя,3,3,2,Hablar de películas y libros: una charla real entre amigas sobre sus…
https://rusofacilapp.com/es/media/video-relativo-kotoryy,медиа,200,да,,да,,на себя,3,3,2,El uso de который — ruso con música y vídeo (B1) | RusoFácilapp
https://rusofacilapp.com/es/media/video-udivlenie-voshishenie,медиа,200,да,,да,,на себя,3,3,2,Valoraciones emocionales expresivas: sorpresa y admiración
https://rusofacilapp.com/es/media/video-participios-pasivos-presente,медиа,200,да,,да,,на себя,3,3,2,"Los participios pasivos de presente en ruso, explicado en español"
https://rusofacilapp.com/es/media/video-discurso-indirecto-chtoby,медиа,200,да,,да,,на себя,3,3,2,Discurso indirecto con «чтобы» — ruso con música y vídeo (B1)
https://rusofacilapp.com/es/media/video-esli-vs-li,медиа,200,да,,да,,на себя,3,3,2,Cómo decir «si» en ruso: если vs. ли — ruso con música y vídeo (B2)
https://rusofacilapp.com/es/media/video-hudozhestvenny-stil-literario,медиа,200,да,,да,,на себя,3,3,2,Ruso literario: el estilo artístico — ruso con música y vídeo (C1)
https://rusofacilapp.com/es/media/video-prichastiya-aktivnye,медиа,200,да,,да,,на себя,3,3,2,Participios activos: sustituyendo «который» + verbo — vídeo (B2)
https://rusofacilapp.com/es/media/video-particula-by,медиа,200,да,,да,,на себя,3,3,2,El condicional en ruso: la partícula «бы» — vídeo (B2)
https://rusofacilapp.com/es/media/video-delovoe-obshenie-negocios,медиа,200,да,,да,,на себя,3,3,2,Ruso profesional y de negocios: los principios de la comunicación…
https://rusofacilapp.com/es/media/video-marcadores-de-opinion-chyo-mnenie,медиа,200,да,,да,,на себя,3,3,2,Debates: marcar de quién es la opinión — ruso con música y vídeo (B2)
https://rusofacilapp.com/es/media/video-expresiones-coloquiales,медиа,200,да,,да,,на себя,3,3,2,Cómo hablar ruso como un nativo: expresiones coloquiales — vídeo (B2)
https://rusofacilapp.com/es/media/video-potomu-chto-tak-kak-poskolku,медиа,200,да,,да,,на себя,3,3,2,"Causales neutras: «потому что», «так как», «поскольку» — vídeo (B2)"
https://rusofacilapp.com/es/media/video-estilo-deeprichastie-oborot-vs-slozhnoe,медиа,200,да,,да,,на себя,3,3,2,Estilo y matices: sustituir la construcción de gerundio por una…
https://rusofacilapp.com/es/media/video-adjetivos-cortos-largos,медиа,200,да,,да,,на себя,3,3,2,Adjetivos cortos y largos en ruso. ¿Cuándo se usan? — vídeo (B2)
https://rusofacilapp.com/es/media/video-prichastiya-passivnye,медиа,200,да,,да,,на себя,3,3,2,Participios pasivos de pasado: registro escrito formal — vídeo (B2)
https://rusofacilapp.com/es/media/video-blagodarya-iz-za-togo-chto,медиа,200,да,,да,,на себя,3,3,2,Causa positiva y negativa: «благодаря тому что» vs. «из-за того что»
https://rusofacilapp.com/es/media/video-participios-pasado-vs-kotoryi,медиа,200,да,,да,,на себя,3,3,2,Participios activos de pasado vs. cláusulas con «который» — vídeo (B2)
https://rusofacilapp.com/es/media/video-glagoly-dvizheniya-perenosnoe,медиа,200,да,,да,,на себя,3,3,2,Verbos de movimiento en sentido figurado I: «идти» — vídeo (B2)
https://rusofacilapp.com/es/media/video-glagoly-dvizheniya-pristavki,медиа,200,да,,да,,на себя,3,3,2,Verbos de movimiento en sentido figurado II: verbos con prefijo
https://rusofacilapp.com/es/media/video-dlya-togo-chtoby-tak-chto,медиа,200,да,,да,,на себя,3,3,2,Finalidad y consecuencia: «чтобы» / «для того чтобы» y «так что»
https://rusofacilapp.com/es/media/video-nesmotrya-na-to-chto-hotya,медиа,200,да,,да,,на себя,3,3,2,Concesivas en ruso: «хотя» y «несмотря на то что» — vídeo (B2)
https://rusofacilapp.com/es/media/video-vy-pravy-vy-oshibaetes,медиа,200,да,,да,,на себя,3,3,2,Modalidad de opinión: decir «tienes razón» o «te equivocas»
https://rusofacilapp.com/es/media/video-idiomatizmos-verbos-movimiento,медиа,200,да,,да,,на себя,3,3,2,Idiomatismos con verbos de movimiento — ruso con música y vídeo (B2)
https://rusofacilapp.com/es/media/video-nauchny-stil-bezlichnye,медиа,200,да,,да,,на себя,3,3,2,Estilo científico: terminología y construcciones impersonales
https://rusofacilapp.com/es/media/video-delovaya-perepiska-stil,медиа,200,да,,да,,на себя,3,3,2,Estilo empresarial: correspondencia oficial — el estilo formal…
https://rusofacilapp.com/es/media/video-registro-coloquial-vidite-li,медиа,200,да,,да,,на себя,3,3,2,Registro coloquial: muletillas para ganar tiempo — vídeo (B2)
https://rusofacilapp.com/es/media/video-publicisticheskiy-stil-cultura,медиа,200,да,,да,,на себя,3,3,2,Cultura y arte: crítica y opinión en el estilo publicístico
https://rusofacilapp.com/es/media/video-yazyk-molodezhnoy-pressy,медиа,200,да,,да,,на себя,3,3,2,Estilo periodístico: el lenguaje de la prensa juvenil rusa
https://rusofacilapp.com/es/media/video-problemy-molodezhi-sociedad,медиа,200,да,,да,,на себя,3,3,2,Temas de actualidad: «Проблемы молодёжи» — cinco retratos de la…
https://rusofacilapp.com/es/media/video-nu-i-chto-podumaesh,медиа,200,да,,да,,на себя,3,3,2,Emociones ocultas y matices: expresar indiferencia o restar…
https://rusofacilapp.com/es/media/video-trki-preparacion-examen,медиа,200,да,,да,,на себя,3,3,2,Preparación para exámenes de certificación: cómo funciona el TRKI
https://rusofacilapp.com/es/media/video-particulas-vryed-razve,медиа,200,да,,да,,на себя,3,3,2,Modismos gramaticales avanzados: las partículas «ведь» y «разве»
https://rusofacilapp.com/es/media/video-ekologiya-vocabulario-debate,медиа,200,да,,да,,на себя,3,3,2,Ecología y tecnología: vocabulario y debate sobre el medioambiente
https://rusofacilapp.com/es/media/video-deeprichastiya,медиа,200,да,,да,,на себя,3,3,2,Gerundios (деепричастия): sustituyendo oraciones subordinadas
https://rusofacilapp.com/es/media/movie-repka,медиа,200,да,,да,,на себя,3,3,2,"El nabo gigante — Репка (сказка-мультфильм, 1971) — vídeo (A1)"
https://rusofacilapp.com/es/media/movie-kolobok,медиа,200,да,,да,,на себя,3,3,2,"Kolobok, el bollito redondo — Колобок (сказка-мультфильм) — vídeo (A2)"
https://rusofacilapp.com/es/media/movie-prostokvashino,медиа,200,да,,да,,на себя,3,3,3,Простоквашино (dibujo animado soviético clásico) — vídeo (B1)
https://rusofacilapp.com/es/media/video-pogoda,медиа,200,да,,да,,на себя,3,3,3,Las estaciones y el clima — Времена года и погода (con los Smeshariki)
https://rusofacilapp.com/es/media/song-chaif-argentina-yamaika,медиа,200,да,,да,,на себя,3,3,2,Аргентина — Ямайка 5:0 — ЧАЙФ (1998) — ruso con música y vídeo (C1) | RusoFácilapp
https://rusofacilapp.com/es/media/movie-zayushkina-izbushka,медиа,200,да,,да,,на себя,3,3,2,La cabaña de la liebre — Заюшкина избушка (русская народная сказка)
https://rusofacilapp.com/es/media/movie-teremok,медиа,200,да,,да,,на себя,3,3,2,La casita del bosque — Теремок — ruso con música y vídeo (A1)
https://rusofacilapp.com/es/media/movie-kot-petukh-i-lisa,медиа,200,да,,да,,на себя,3,3,2,"El gato, el gallo y la zorra — Кот, петух и лиса — vídeo (A2)"
https://rusofacilapp.com/es/media/movie-kurochka-ryaba,медиа,200,да,,да,,на себя,3,3,2,La gallinita Ryaba — Курочка Ряба (сказка-мультфильм) — vídeo (A1)
https://rusofacilapp.com/es/media/video-recept-bliny,медиа,200,да,,да,,на себя,3,3,2,Рецепт блинов — vídeo-receta — ruso con música y vídeo (B1)
https://rusofacilapp.com/es/media/movie-gusi-lebedi,медиа,200,да,,да,,на себя,3,3,2,Los gansos-cisne — Гуси-лебеди — ruso con música y vídeo (A2)
https://rusofacilapp.com/es/media/movie-ezhik-v-tumane,медиа,200,да,,да,,на себя,3,3,2,"Ёжик в тумане (1975, Юрий Норштейн) — ruso con música y vídeo (B1)"
https://rusofacilapp.com/es/media/movie-moskva-slezam-ne-verit,медиа,200,да,,да,,на себя,3,3,3,Москва слезам не верит — знакомство в электричке (1979) — vídeo (C1)
https://rusofacilapp.com/es/media/movie-sluzhebnyi-roman,медиа,200,да,,да,,на себя,3,3,2,Служебный роман — сцена «Походка» (1977) — vídeo (B2)
https://rusofacilapp.com/es/media/video-chisla-1-10,медиа,200,да,,да,,на себя,3,3,2,Aprendemos los números del 1 al 10 — Учим цифры от 1 до 10
https://rusofacilapp.com/es/media/movie-skazka-o-rybake-i-rybke,медиа,200,да,,да,,на себя,3,3,2,"Сказка о рыбаке и рыбке (мультфильм по сказке А. С. Пушкина, 1950)"
https://rusofacilapp.com/es/media/movie-noch-pered-rozhdestvom,медиа,200,да,,да,,на себя,3,3,2,"Ночь перед Рождеством (мультфильм по повести Н. В. Гоголя, 1951)"
https://rusofacilapp.com/es/gramatica/alfabeto-ruso,гид по грамматике,200,да,,да,,на себя,2,3,4,El alfabeto ruso para hispanohablantes: las 33 letras por dificultad
https://rusofacilapp.com/es/media/movie-baryshnya-krestyanka,медиа,200,да,,да,,на себя,3,3,2,"Барышня-крестьянка (relato de A. S. Pushkin, audiolibro completo)"
https://rusofacilapp.com/es/media/video-alfabeto-ruso,медиа,200,да,,да,,на себя,3,3,3,El alfabeto ruso explicado en español — ruso con música y vídeo (A1)
https://rusofacilapp.com/es/sopa-de-letras-ruso,лендинг игр,200,да,,да,,на себя,2,3,9,"Sopa de letras en ruso, gratis y por temas | RusoFácilapp"
https://rusofacilapp.com/es/media/movie-vanka,медиа,200,да,,да,,на себя,3,3,2,"Ванька (relato de A. P. Chéjov, lectura íntegra) — vídeo (B2)"
https://rusofacilapp.com/es/media/video-en-el-cafe-restaurante,медиа,200,да,,да,,на себя,3,3,2,"En el restaurante y en la tienda: «В кафе» — pedir, pagar y dejar…"
https://rusofacilapp.com/es/sopa-de-letras-alfabeto-cirilico,лендинг игр,200,да,,да,,на себя,2,3,5,Sopa de letras del alfabeto cirílico | RusoFácilapp
https://rusofacilapp.com/es/alfabeto-cirilico,прочее: alfabeto-cirilico,200,да,2026-08-23T02:43:39.438Z,да,,на себя,2,3,4,El alfabeto cirílico: las 33 letras rusas con sonido y ejemplos
https://rusofacilapp.com/es/crucigramas-ruso-principiantes,лендинг игр,200,да,,да,,на себя,2,3,3,"Crucigrama de ruso para principiantes, gratis | RusoFácilapp"
https://rusofacilapp.com/es/sopa-de-letras-ruso-comida,лендинг игр,200,да,2026-09-04T21:03:15.303Z,да,,на себя,2,3,7,"Sopa de letras de comida en ruso, gratis | RusoFácilapp"
https://rusofacilapp.com/es/sopa-de-letras-ruso-ropa,лендинг игр,200,да,2026-09-04T21:03:17.106Z,да,,на себя,2,3,7,"Sopa de letras de ropa en ruso, gratis | RusoFácilapp"
https://rusofacilapp.com/es/sopa-de-letras-ruso-familia,лендинг игр,200,да,2026-09-04T21:03:14.898Z,да,,на себя,2,3,7,"Sopa de letras de la familia en ruso, gratis | RusoFácilapp"
https://rusofacilapp.com/es/sopa-de-letras-ruso-ciudad,лендинг игр,200,да,2026-09-04T21:03:15.417Z,да,,на себя,2,3,7,"Sopa de letras de la ciudad en ruso, gratis | RusoFácilapp"
https://rusofacilapp.com/es/sopa-de-letras-ruso-clima,лендинг игр,200,да,2026-08-29T12:00:00.000Z,да,,на себя,2,3,7,"Sopa de letras del clima en ruso, gratis | RusoFácilapp"
https://rusofacilapp.com/es/media/video-numeros-precios-hora,медиа,200,да,,да,,на себя,3,3,2,"Números, precios y la hora: «сколько времени?», «который час?»"
https://rusofacilapp.com/es/sopa-de-letras-ruso-compras,лендинг игр,200,да,2026-09-04T21:03:14.996Z,да,,на себя,2,3,7,"Sopa de letras de compras en ruso, gratis | RusoFácilapp"
https://rusofacilapp.com/es/media/video-verbos-rusos-basico,медиа,200,да,,да,,на себя,3,3,2,Los verbos rusos explicados en español — ruso con música y vídeo (A1)
https://rusofacilapp.com/es/gramatica/genero-sustantivos-ruso,гид по грамматике,200,да,,да,,на себя,2,3,4,El género de los sustantivos en ruso: cómo reconocerlo
https://rusofacilapp.com/es/media/video-preposicional-vs-acusativo,медиа,200,да,,да,,на себя,3,3,2,"Caso preposicional vs. acusativo en ruso: где vs. куда, explicado en…"
https://rusofacilapp.com/es/media/video-saludos-presentaciones,медиа,200,да,,да,,на себя,3,3,2,"Saludos y presentaciones: «здравствуйте», «привет» y los saludos…"
https://rusofacilapp.com/es/media/video-modo-imperativo,медиа,200,да,,да,,на себя,3,3,2,"El imperativo de los verbos en ruso, explicado en español — vídeo (A1)"
https://rusofacilapp.com/es/media/video-verbo-khotet,медиа,200,да,,да,,на себя,3,3,2,"El verbo &#x27;querer&#x27; (хотеть) en ruso, explicado en español — vídeo (A1)"
https://rusofacilapp.com/es/media/video-u-menya-est,медиа,200,да,,да,,на себя,3,3,2,"La construcción «У меня есть» (tener) en ruso, explicado en español"
https://rusofacilapp.com/es/media/video-pasado-verbos,медиа,200,да,,да,,на себя,3,3,2,"El pasado de los verbos rusos, explicado en español — vídeo (A1)"
https://rusofacilapp.com/es/media/video-casos-rusos,медиа,200,да,,да,,на себя,3,3,2,Los casos rusos explicados en español (nominativo y acusativo)
https://rusofacilapp.com/es/media/video-generos-sustantivos,медиа,200,да,,да,,на себя,3,3,2,"Los 3 géneros en ruso: masculino, femenino y neutro — vídeo (A1)"
https://rusofacilapp.com/es/media/video-orientarse-en-la-ciudad,медиа,200,да,,да,,на себя,3,3,2,Orientarse en la ciudad: paseo por Krasnoyarsk con vocabulario urbano
https://rusofacilapp.com/es/media/video-fechas-ruso,медиа,200,да,,да,,на себя,3,3,2,"Cómo decir la fecha en ruso, explicado en español — vídeo (A1)"
https://rusofacilapp.com/es/media/video-caso-preposicional-transporte,медиа,200,да,,да,,на себя,3,3,2,Caso preposicional: preposiciones «в» y «на» con medios de transporte
https://rusofacilapp.com/es/media/video-decir-la-hora,медиа,200,да,,да,,на себя,3,3,2,"Cómo decir la hora en ruso, explicado en español — vídeo (A1)"
https://rusofacilapp.com/es/media/video-genitivo-numeros,медиа,200,да,,да,,на себя,3,3,2,"Caso genitivo: sustantivos después de los numerales (1, 2-4, 5+)"
https://rusofacilapp.com/es/media/video-acusativo-direccion,медиа,200,да,,да,,на себя,3,3,2,El caso acusativo en ruso: objeto directo y dirección — vídeo (A1)
https://rusofacilapp.com/es/gramatica/plural-sustantivos-ruso,гид по грамматике,200,да,,да,,на себя,2,3,2,El plural de los sustantivos en ruso: cómo se forma
https://rusofacilapp.com/es/media/video-dias-semana,медиа,200,да,,да,,на себя,3,3,2,"Los días de la semana en ruso, explicado en español — vídeo (A1)"
https://rusofacilapp.com/es/media/video-caso-acusativo-objeto,медиа,200,да,,да,,на себя,3,3,2,"Acusativo ruso: el objeto directo, explicado en español — vídeo (A1)"
https://rusofacilapp.com/es/media/video-genitivo-net,медиа,200,да,,да,,на себя,3,3,2,"Cómo decir &#x27;tengo&#x27; y &#x27;no tengo&#x27; en ruso — caso genitivo con «нет»"
https://rusofacilapp.com/es/media/video-v-aeroportu-dialogo,медиа,200,да,,да,,на себя,3,3,2,Diálogo práctico en el aeropuerto: «В аэропорту» — de la facturación…
https://rusofacilapp.com/es/media/video-genitivo-formacion,медиа,200,да,,да,,на себя,3,3,2,Cómo formar el caso genitivo en ruso según el género del sustantivo
https://rusofacilapp.com/es/media/video-direcciones-tango-cancion,медиа,200,да,,да,,на себя,3,3,2,Diálogo práctico en la calle: pedir direcciones con una canción de…
https://rusofacilapp.com/es/media/video-futuro-perfectivo,медиа,200,да,,да,,на себя,3,3,2,"El futuro perfectivo de los verbos rusos, explicado en español"
https://rusofacilapp.com/es/media/video-en-el-hotel-dialogo,медиа,200,да,,да,,на себя,3,3,2,Diálogo práctico en el hotel: un huésped exigente se queja de todo
https://rusofacilapp.com/es/media/video-mne-nravitsya,медиа,200,да,,да,,на себя,3,3,2,"Cómo decir &#x27;me gusta&#x27; en ruso — любить y нравиться — vídeo (A1)"
https://rusofacilapp.com/es/media/video-preguntar-edad,медиа,200,да,,да,,на себя,3,3,2,"La edad en ruso: «Сколько тебе лет?», explicado en español"
https://rusofacilapp.com/es/media/video-adverbios-negativos,медиа,200,да,,да,,на себя,3,3,2,"Adverbios negativos: никогда, нигде, никуда, никак — vídeo (A2)"
https://rusofacilapp.com/es/media/video-instrumental-profesiones,медиа,200,да,,да,,на себя,3,3,2,"El caso instrumental en ruso: las profesiones, explicado en español"
https://rusofacilapp.com/es/media/video-instrumental-preposiciones,медиа,200,да,,да,,на себя,3,3,2,"El caso instrumental en ruso: preposiciones «с», «над», «под»…"
https://rusofacilapp.com/es/media/video-pogoda-clima-estaciones,медиа,200,да,,да,,на себя,3,3,2,Hablar del clima y las estaciones: otoño en San Petersburgo…
https://rusofacilapp.com/es/media/video-genitivo-adjetivos,медиа,200,да,,да,,на себя,3,3,2,"El caso genitivo en ruso: la declinación de los adjetivos, explicado…"
https://rusofacilapp.com/es/media/video-aspecto-verbal,медиа,200,да,,да,,на себя,3,3,2,El aspecto verbal en ruso: perfectivo e imperfectivo — vídeo (A2)
https://rusofacilapp.com/es/media/video-na-dache-viaje-transporte,медиа,200,да,,да,,на себя,3,3,2,Planes de viaje y transporte público: «На даче» — un fin de semana…
https://rusofacilapp.com/es/media/video-declinacion-adjetivos-femenino,медиа,200,да,,да,,на себя,3,3,2,"La declinación de los adjetivos rusos en femenino, con ejercicios…"
https://rusofacilapp.com/es/media/song-kaby-ne-bylo-zimy,медиа,200,да,,да,,на себя,3,3,2,Кабы не было зимы — de «Зима в Простоквашино» (1984) — ruso con música y vídeo (A2) | RusoFácilapp
https://rusofacilapp.com/es/media/video-dialog-magazin-frukty,медиа,200,да,,да,,на себя,3,3,2,Diálogo: comprando frutas y verduras — Диалог: покупаем фрукты и овощи
https://rusofacilapp.com/es/media/video-caso-acusativo-practica,медиа,200,да,,да,,на себя,3,3,2,Casos rusos en la práctica: el caso acusativo con el objeto directo
https://rusofacilapp.com/es/media/video-declinacion-adjetivos-tabla,медиа,200,да,,да,,на себя,3,3,2,La declinación completa de los adjetivos rusos — vídeo (A2)
https://rusofacilapp.com/es/media/video-verbos-movimiento-idti-ekhat,медиа,200,да,,да,,на себя,3,3,2,"Verbos de movimiento en ruso: идти/ходить y ехать/ездить, explicado…"
https://rusofacilapp.com/es/media/video-pronombres-negativos,медиа,200,да,,да,,на себя,3,3,2,"Pronombres negativos: никто, ничего, никуда, никому, ни с кем"
https://rusofacilapp.com/es/media/video-harakter-cheloveka-adjetivos,медиа,200,да,,да,,на себя,3,3,2,Describir el carácter: adjetivos de personalidad — vídeo (A2)
https://rusofacilapp.com/es/media/video-comparativos-simples,медиа,200,да,,да,,на себя,3,3,2,Comparaciones y opiniones simples: el comparativo de adjetivos
https://rusofacilapp.com/es/media/video-u-vracha-salud-cuerpo,медиа,200,да,,да,,на себя,3,3,2,Salud y el cuerpo humano: «У врача» — un resfriado contado paso a paso
https://rusofacilapp.com/es/media/video-verbos-movimiento-bezhat-begat,медиа,200,да,,да,,на себя,3,3,2,Verbos de movimiento: «бежать» y «бегать» — vídeo (A2)
https://rusofacilapp.com/es/media/video-grado-comparativo,медиа,200,да,,да,,на себя,3,3,2,"El grado comparativo y superlativo del adjetivo ruso, explicado en…"
https://rusofacilapp.com/es/media/video-grado-comparativo-adverbios,медиа,200,да,,да,,на себя,3,3,2,Grado comparativo de los adverbios — ruso con música y vídeo (A2)
https://rusofacilapp.com/es/media/video-anya-v-moskve-casa,медиа,200,да,,да,,на себя,3,3,2,"La casa y sus habitaciones: «Аня в Москве» — el piso, los muebles y…"
https://rusofacilapp.com/es/media/video-superlativo-adjetivos,медиа,200,да,,да,,на себя,3,3,2,Grado superlativo de los adjetivos — ruso con música y vídeo (A2)
https://rusofacilapp.com/es/media/video-pronombres-indefinidos-nibud-libo,медиа,200,да,,да,,на себя,3,3,2,Pronombres indefinidos con -нибудь (y -либо) — vídeo (A2)
https://rusofacilapp.com/es/media/video-otpusk-v-moskve-clima-orientarse,медиа,200,да,,да,,на себя,3,3,2,El clima y cómo orientarse en una ciudad desconocida: «Отпуск в…
https://rusofacilapp.com/es/media/video-poliklinika-vizita-medico,медиа,200,да,,да,,на себя,3,3,2,Salud y la visita al médico: vocabulario del cuerpo humano y el…
https://rusofacilapp.com/es/media/video-repaso-casos,медиа,200,да,,да,,на себя,3,3,2,"Repaso general: los 6 casos rusos, explicado en español — vídeo (A2)"
https://rusofacilapp.com/es/media/video-preposiciones-por-caso,медиа,200,да,,да,,на себя,3,3,2,"Preposiciones rusas organizadas por el caso que rigen, explicado en…"
https://rusofacilapp.com/es/media/video-pronombres-indefinidos-to,медиа,200,да,,да,,на себя,3,3,2,"Pronombres indefinidos: кто-то, что-то, какой-то — vídeo (A2)"
https://rusofacilapp.com/es/media/video-futuro-nsv,медиа,200,да,,да,,на себя,3,3,2,El pasado y el futuro: cómo formar el futuro de los verbos…
https://rusofacilapp.com/es/media/video-verbos-movimiento-exat-ezdit,медиа,200,да,,да,,на себя,3,3,2,Verbos de movimiento: «ехать» y «ездить» — vídeo (A2)
https://rusofacilapp.com/ru/media/video-expresar-acuerdo-desacuerdo,медиа,200,да,,да,,на себя,3,3,2,"Expresar opiniones: fórmulas de acuerdo, duda y desacuerdo"
https://rusofacilapp.com/es/media/video-magazin-odezhdy-compras,медиа,200,да,,да,,на себя,3,3,2,De compras: ropa y probadores — ruso con música y vídeo (A2)
https://rusofacilapp.com/es/media/video-verbos-movimiento-practica-dialogo,медиа,200,да,,да,,на себя,3,3,2,Verbos de movimiento en diálogos y práctica — vídeo (A2)
https://rusofacilapp.com/ru/media/video-conectores-causa-consecuencia-concesion,медиа,200,да,,да,,на себя,3,3,2,"Conectores lógicos: causa, consecuencia y concesión — видео (B1)"
https://rusofacilapp.com/es/media/video-verbos-movimiento-letat-plavat-nesti,медиа,200,да,,да,,на себя,3,3,2,"Verbos de movimiento: «лететь/летать», «плыть/плавать» y… — vídeo (A2)"
https://rusofacilapp.com/ru/media/video-okazyvaetsya-nueva-informacion,медиа,200,да,,да,,на себя,3,3,2,"Comunicar información nueva: «оказывается», «оказалось, что», «как…"
https://rusofacilapp.com/ru/media/video-sobesedovanie-mundo-laboral,медиа,200,да,,да,,на себя,3,3,2,El mundo laboral: vocabulario y diálogo de una entrevista de trabajo
https://rusofacilapp.com/ru/media/video-caso-dativo-general,медиа,200,да,,да,,на себя,3,3,2,El caso dativo en ruso: complemento indirecto y preposiciones «к» y…
https://rusofacilapp.com/ru/media/video-verbos-movimiento-prefijos-salir,медиа,200,да,,да,,на себя,3,3,2,Verbos de movimiento con prefijos: выйти — видео (B1)
https://rusofacilapp.com/ru/media/video-gostepriimstvo-tradicii,медиа,200,да,,да,,на себя,3,3,2,Cultura y costumbres rusas: la tradición de la hospitalidad
https://rusofacilapp.com/ru/media/video-pervoye-vpechatlenie-narracion,медиа,200,да,,да,,на себя,3,3,2,Narrar experiencias pasadas con detalle: «Первое впечатление» — el…
https://rusofacilapp.com/ru/media/video-glagoly-dvizheniya-pro-do,медиа,200,да,,да,,на себя,3,3,2,Prefijos ПРО- y ДО- con verbos de movimiento: pasar de largo y…
https://rusofacilapp.com/ru/media/video-struktura-delovogo-pisma,медиа,200,да,,да,,на себя,3,3,2,Escribir correos formales: la estructura de la carta empresarial
https://rusofacilapp.com/ru/media/video-verbos-movimiento-prefijos-repaso,медиа,200,да,,да,,на себя,3,3,2,"Verbos de movimiento con prefijos: repaso narrativo, explicado en…"
https://rusofacilapp.com/ru/media/video-glagoly-dvizheniya-pri-u,медиа,200,да,,да,,на себя,3,3,2,Prefijos ПРИ- y У- con verbos de movimiento: llegar y partir
https://rusofacilapp.com/ru/media/video-glagoly-dvizheniya-pod-ot,медиа,200,да,,да,,на себя,3,3,2,Prefijos ПОД- y ОТ- con verbos de movimiento: acercarse y alejarse
https://rusofacilapp.com/ru/media/video-aspecto-verbal-futuro,медиа,200,да,,да,,на себя,3,3,2,Aspecto verbal en futuro: perfectivo e imperfectivo — видео (B1)
https://rusofacilapp.com/ru/media/video-glagoly-dvizheniya-pere,медиа,200,да,,да,,на себя,3,3,2,Prefijo ПЕРЕ- con verbos de movimiento: cruzar y trasladarse
https://rusofacilapp.com/ru/media/video-aspecto-tres-tiempos,медиа,200,да,,да,,на себя,3,3,2,"El aspecto verbal ruso en presente, pasado y futuro, explicado en…"
https://rusofacilapp.com/ru/media/video-bakalavr-magistr-educacion,медиа,200,да,,да,,на себя,3,3,2,"Educación y carrera profesional: «бакалавр», «специалист»…"
https://rusofacilapp.com/ru/media/video-aspecto-infinitivo-modales,медиа,200,да,,да,,на себя,3,3,2,Aspecto del infinitivo tras verbos modales — видео (B1)
https://rusofacilapp.com/ru/media/video-participios-pasivos-presente,медиа,200,да,,да,,на себя,3,3,2,"Los participios pasivos de presente en ruso, explicado en español"
https://rusofacilapp.com/ru/media/video-aspecto-imperativo-negacion,медиа,200,да,,да,,на себя,3,3,2,Aspecto verbal en la negación y la repetición (imperativos)
https://rusofacilapp.com/ru/media/video-discurso-indirecto-que,медиа,200,да,,да,,на себя,3,3,2,Discurso indirecto con «что» — русский язык через медиа (B1)
https://rusofacilapp.com/ru/media/video-gerundios-imperfectivos,медиа,200,да,,да,,на себя,3,3,2,El gerundio ruso — русский язык через медиа (B1) | RusoFácilapp
https://rusofacilapp.com/ru/media/video-discurso-indirecto-preguntas-especiales,медиа,200,да,,да,,на себя,3,3,2,"Preguntas indirectas: как, где, когда, почему — видео (B1)"
https://rusofacilapp.com/ru/media/video-delovaya-beseda-trabajo,медиа,200,да,,да,,на себя,3,3,2,Búsqueda de trabajo y la entrevista: tipos de conversación empresarial
https://rusofacilapp.com/ru/media/video-participios-activos-presente,медиа,200,да,,да,,на себя,3,3,2,"Los participios activos de presente en ruso, explicado en español"
https://rusofacilapp.com/ru/media/video-hablar-libros-hobbies,медиа,200,да,,да,,на себя,3,3,2,Hablar de películas y libros: una charla real entre amigas sobre sus…
https://rusofacilapp.com/ru/media/video-udivlenie-voshishenie,медиа,200,да,,да,,на себя,3,3,2,Valoraciones emocionales expresivas: sorpresa y admiración
https://rusofacilapp.com/ru/media/video-aspecto-verbal,медиа,200,да,,да,,на себя,3,3,2,El aspecto verbal en ruso: perfectivo e imperfectivo — видео (A2)
https://rusofacilapp.com/ru/media/video-relativo-kotoryy,медиа,200,да,,да,,на себя,3,3,2,El uso de который — русский язык через медиа (B1) | RusoFácilapp
https://rusofacilapp.com/ru/media/video-anya-v-moskve-casa,медиа,200,да,,да,,на себя,3,3,2,"La casa y sus habitaciones: «Аня в Москве» — el piso, los muebles y…"
https://rusofacilapp.com/ru/media/video-discurso-indirecto-chtoby,медиа,200,да,,да,,на себя,3,3,2,Discurso indirecto con «чтобы» — русский язык через медиа (B1)
https://rusofacilapp.com/ru/media/video-deeprichastiya-sv,медиа,200,да,,да,,на себя,3,3,2,Gerundios perfectivos (деепричастия СВ) — видео (B1)
https://rusofacilapp.com/ru/media/video-pogoda-clima-estaciones,медиа,200,да,,да,,на себя,3,3,2,Hablar del clima y las estaciones: otoño en San Petersburgo…
https://rusofacilapp.com/ru/media/video-futuro-nsv,медиа,200,да,,да,,на себя,3,3,2,El pasado y el futuro: cómo formar el futuro de los verbos…
https://rusofacilapp.com/ru/media/video-caso-acusativo-practica,медиа,200,да,,да,,на себя,3,3,2,Casos rusos en la práctica: el caso acusativo con el objeto directo
https://rusofacilapp.com/ru/media/video-declinacion-adjetivos-femenino,медиа,200,да,,да,,на себя,3,3,2,"La declinación de los adjetivos rusos en femenino, con ejercicios…"
https://rusofacilapp.com/ru/media/video-na-dache-viaje-transporte,медиа,200,да,,да,,на себя,3,3,2,Planes de viaje y transporte público: «На даче» — un fin de semana…
https://rusofacilapp.com/ru/media/video-genitivo-adjetivos,медиа,200,да,,да,,на себя,3,3,2,"El caso genitivo en ruso: la declinación de los adjetivos, explicado…"
https://rusofacilapp.com/ru/media/video-comparativos-simples,медиа,200,да,,да,,на себя,3,3,2,Comparaciones y opiniones simples: el comparativo de adjetivos
https://rusofacilapp.com/ru/media/video-repaso-casos,медиа,200,да,,да,,на себя,3,3,2,"Repaso general: los 6 casos rusos, explicado en español — видео (A2)"
https://rusofacilapp.com/ru/media/video-declinacion-adjetivos-tabla,медиа,200,да,,да,,на себя,3,3,2,La declinación completa de los adjetivos rusos — видео (A2)
https://rusofacilapp.com/ru/media/video-grado-comparativo,медиа,200,да,,да,,на себя,3,3,2,"El grado comparativo y superlativo del adjetivo ruso, explicado en…"
https://rusofacilapp.com/ru/media/video-superlativo-adjetivos,медиа,200,да,,да,,на себя,3,3,2,Grado superlativo de los adjetivos — русский язык через медиа (A2)
https://rusofacilapp.com/ru/media/video-verbos-movimiento-exat-ezdit,медиа,200,да,,да,,на себя,3,3,2,Verbos de movimiento: «ехать» y «ездить» — видео (A2)
https://rusofacilapp.com/ru/media/video-grado-comparativo-adverbios,медиа,200,да,,да,,на себя,3,3,2,Grado comparativo de los adverbios — русский язык через медиа (A2)
https://rusofacilapp.com/ru/media/video-verbos-movimiento-bezhat-begat,медиа,200,да,,да,,на себя,3,3,2,Verbos de movimiento: «бежать» y «бегать» — видео (A2)
https://rusofacilapp.com/ru/media/video-verbos-movimiento-practica-dialogo,медиа,200,да,,да,,на себя,3,3,2,Verbos de movimiento en diálogos y práctica — видео (A2)
https://rusofacilapp.com/ru/media/video-adverbios-negativos,медиа,200,да,,да,,на себя,3,3,2,"Adverbios negativos: никогда, нигде, никуда, никак — видео (A2)"
https://rusofacilapp.com/ru/media/video-pronombres-negativos,медиа,200,да,,да,,на себя,3,3,2,"Pronombres negativos: никто, ничего, никуда, никому, ни с кем"
https://rusofacilapp.com/ru/media/video-pronombres-indefinidos-nibud-libo,медиа,200,да,,да,,на себя,3,3,2,Pronombres indefinidos con -нибудь (y -либо) — видео (A2)
https://rusofacilapp.com/ru/media/video-magazin-odezhdy-compras,медиа,200,да,,да,,на себя,3,3,2,De compras: ropa y probadores — русский язык через медиа (A2)
https://rusofacilapp.com/ru/media/video-preposiciones-por-caso,медиа,200,да,,да,,на себя,3,3,2,"Preposiciones rusas organizadas por el caso que rigen, explicado en…"
https://rusofacilapp.com/ru/media/video-verbos-movimiento-idti-ekhat,медиа,200,да,,да,,на себя,3,3,2,"Verbos de movimiento en ruso: идти/ходить y ехать/ездить, explicado…"
https://rusofacilapp.com/ru/media/video-otpusk-v-moskve-clima-orientarse,медиа,200,да,,да,,на себя,3,3,2,El clima y cómo orientarse en una ciudad desconocida: «Отпуск в…
https://rusofacilapp.com/ru/media/video-verbos-movimiento-letat-plavat-nesti,медиа,200,да,,да,,на себя,3,3,2,"Verbos de movimiento: «лететь/летать», «плыть/плавать» y… — видео (A2)"
https://rusofacilapp.com/ru/media/video-u-vracha-salud-cuerpo,медиа,200,да,,да,,на себя,3,3,2,Salud y el cuerpo humano: «У врача» — un resfriado contado paso a paso
https://rusofacilapp.com/ru/media/video-pronombres-indefinidos-to,медиа,200,да,,да,,на себя,3,3,2,"Pronombres indefinidos: кто-то, что-то, какой-то — видео (A2)"
https://rusofacilapp.com/ru/media/video-alfabeto-ruso,медиа,200,да,,да,,на себя,3,3,2,El alfabeto ruso explicado en español — русский язык через медиа (A1)
https://rusofacilapp.com/ru/media/video-harakter-cheloveka-adjetivos,медиа,200,да,,да,,на себя,3,3,2,Describir el carácter: adjetivos de personalidad — видео (A2)
https://rusofacilapp.com/ru/media/video-generos-sustantivos,медиа,200,да,,да,,на себя,3,3,2,"Los 3 géneros en ruso: masculino, femenino y neutro — видео (A1)"
https://rusofacilapp.com/ru/media/video-saludos-presentaciones,медиа,200,да,,да,,на себя,3,3,2,"Saludos y presentaciones: «здравствуйте», «привет» y los saludos…"
https://rusofacilapp.com/ru/media/video-poliklinika-vizita-medico,медиа,200,да,,да,,на себя,3,3,2,Salud y la visita al médico: vocabulario del cuerpo humano y el…
https://rusofacilapp.com/ru/media/video-dialog-magazin-frukty,медиа,200,да,,да,,на себя,3,3,2,Diálogo: comprando frutas y verduras — Диалог: покупаем фрукты и овощи
https://rusofacilapp.com/ru/media/video-casos-rusos,медиа,200,да,,да,,на себя,3,3,2,Los casos rusos explicados en español (nominativo y acusativo)
https://rusofacilapp.com/ru/media/video-numeros-precios-hora,медиа,200,да,,да,,на себя,3,3,2,"Números, precios y la hora: «сколько времени?», «который час?»"
https://rusofacilapp.com/ru/media/song-kaby-ne-bylo-zimy,медиа,200,да,,да,,на себя,3,3,2,Кабы не было зимы — de «Зима в Простоквашино» (1984) — русский язык через медиа (A2) | RusoFácilapp
https://rusofacilapp.com/ru/media/video-verbos-rusos-basico,медиа,200,да,,да,,на себя,3,3,2,Los verbos rusos explicados en español — русский язык через медиа (A1)
https://rusofacilapp.com/ru/media/video-caso-preposicional-transporte,медиа,200,да,,да,,на себя,3,3,2,Caso preposicional: preposiciones «в» y «на» con medios de transporte
https://rusofacilapp.com/ru/media/video-en-el-cafe-restaurante,медиа,200,да,,да,,на себя,3,3,2,"En el restaurante y en la tienda: «В кафе» — pedir, pagar y dejar…"
https://rusofacilapp.com/ru/media/video-orientarse-en-la-ciudad,медиа,200,да,,да,,на себя,3,3,2,Orientarse en la ciudad: paseo por Krasnoyarsk con vocabulario urbano
https://rusofacilapp.com/ru/media/video-caso-acusativo-objeto,медиа,200,да,,да,,на себя,3,3,2,"Acusativo ruso: el objeto directo, explicado en español — видео (A1)"
https://rusofacilapp.com/ru/media/video-decir-la-hora,медиа,200,да,,да,,на себя,3,3,2,"Cómo decir la hora en ruso, explicado en español — видео (A1)"
https://rusofacilapp.com/ru/media/video-fechas-ruso,медиа,200,да,,да,,на себя,3,3,2,"Cómo decir la fecha en ruso, explicado en español — видео (A1)"
https://rusofacilapp.com/ru/media/video-u-menya-est,медиа,200,да,,да,,на себя,3,3,2,"La construcción «У меня есть» (tener) en ruso, explicado en español"
https://rusofacilapp.com/ru/media/video-dias-semana,медиа,200,да,,да,,на себя,3,3,2,"Los días de la semana en ruso, explicado en español — видео (A1)"
https://rusofacilapp.com/ru/media/video-modo-imperativo,медиа,200,да,,да,,на себя,3,3,2,"El imperativo de los verbos en ruso, explicado en español — видео (A1)"
https://rusofacilapp.com/ru/media/video-futuro-perfectivo,медиа,200,да,,да,,на себя,3,3,2,"El futuro perfectivo de los verbos rusos, explicado en español"
https://rusofacilapp.com/ru/media/video-acusativo-direccion,медиа,200,да,,да,,на себя,3,3,2,El caso acusativo en ruso: objeto directo y dirección — видео (A1)
https://rusofacilapp.com/ru/media/video-pasado-verbos,медиа,200,да,,да,,на себя,3,3,2,"El pasado de los verbos rusos, explicado en español — видео (A1)"
https://rusofacilapp.com/ru/media/video-preguntar-edad,медиа,200,да,,да,,на себя,3,3,2,"La edad en ruso: «Сколько тебе лет?», explicado en español"
https://rusofacilapp.com/ru/media/video-verbo-khotet,медиа,200,да,,да,,на себя,3,3,2,"El verbo &#x27;querer&#x27; (хотеть) en ruso, explicado en español — видео (A1)"
https://rusofacilapp.com/ru/media/video-preposicional-vs-acusativo,медиа,200,да,,да,,на себя,3,3,2,"Caso preposicional vs. acusativo en ruso: где vs. куда, explicado en…"
https://rusofacilapp.com/ru/media/video-genitivo-formacion,медиа,200,да,,да,,на себя,3,3,2,Cómo formar el caso genitivo en ruso según el género del sustantivo
https://rusofacilapp.com/ru/media/video-genitivo-numeros,медиа,200,да,,да,,на себя,3,3,2,"Caso genitivo: sustantivos después de los numerales (1, 2-4, 5+)"
https://rusofacilapp.com/ru/media/video-instrumental-profesiones,медиа,200,да,,да,,на себя,3,3,2,"El caso instrumental en ruso: las profesiones, explicado en español"
https://rusofacilapp.com/ru/media/video-mne-nravitsya,медиа,200,да,,да,,на себя,3,3,2,"Cómo decir &#x27;me gusta&#x27; en ruso — любить y нравиться — видео (A1)"
https://rusofacilapp.com/ru/media/video-v-aeroportu-dialogo,медиа,200,да,,да,,на себя,3,3,2,Diálogo práctico en el aeropuerto: «В аэропорту» — de la facturación…
https://rusofacilapp.com/ru/media/video-instrumental-preposiciones,медиа,200,да,,да,,на себя,3,3,2,"El caso instrumental en ruso: preposiciones «с», «над», «под»…"
https://rusofacilapp.com/ru/media/video-en-el-hotel-dialogo,медиа,200,да,,да,,на себя,3,3,2,Diálogo práctico en el hotel: un huésped exigente se queja de todo
https://rusofacilapp.com/ru/media/video-hudozhestvenny-stil-literario,медиа,200,да,,да,,на себя,3,3,2,Ruso literario: el estilo artístico — русский язык через медиа (C1)
https://rusofacilapp.com/ru/media/video-expresiones-coloquiales,медиа,200,да,,да,,на себя,3,3,2,Cómo hablar ruso como un nativo: expresiones coloquiales — видео (B2)
https://rusofacilapp.com/ru/media/video-genitivo-net,медиа,200,да,,да,,на себя,3,3,2,"Cómo decir &#x27;tengo&#x27; y &#x27;no tengo&#x27; en ruso — caso genitivo con «нет»"
https://rusofacilapp.com/ru/media/video-direcciones-tango-cancion,медиа,200,да,,да,,на себя,3,3,2,Diálogo práctico en la calle: pedir direcciones con una canción de…
https://rusofacilapp.com/ru/media/video-problemy-molodezhi-sociedad,медиа,200,да,,да,,на себя,3,3,2,Temas de actualidad: «Проблемы молодёжи» — cinco retratos de la…
https://rusofacilapp.com/ru/media/video-delovoe-obshenie-negocios,медиа,200,да,,да,,на себя,3,3,2,Ruso profesional y de negocios: los principios de la comunicación…
https://rusofacilapp.com/ru/media/video-esli-vs-li,медиа,200,да,,да,,на себя,3,3,2,Cómo decir «si» en ruso: если vs. ли — русский язык через медиа (B2)
https://rusofacilapp.com/ru/media/video-adjetivos-cortos-largos,медиа,200,да,,да,,на себя,3,3,2,Adjetivos cortos y largos en ruso. ¿Cuándo se usan? — видео (B2)
https://rusofacilapp.com/ru/media/video-particula-by,медиа,200,да,,да,,на себя,3,3,2,El condicional en ruso: la partícula «бы» — видео (B2)
https://rusofacilapp.com/ru/media/video-prichastiya-aktivnye,медиа,200,да,,да,,на себя,3,3,2,Participios activos: sustituyendo «который» + verbo — видео (B2)
https://rusofacilapp.com/ru/media/video-participios-pasado-vs-kotoryi,медиа,200,да,,да,,на себя,3,3,2,Participios activos de pasado vs. cláusulas con «который» — видео (B2)
https://rusofacilapp.com/ru/media/video-deeprichastiya,медиа,200,да,,да,,на себя,3,3,2,Gerundios (деепричастия): sustituyendo oraciones subordinadas
https://rusofacilapp.com/ru/media/video-potomu-chto-tak-kak-poskolku,медиа,200,да,,да,,на себя,3,3,2,"Causales neutras: «потому что», «так как», «поскольку» — видео (B2)"
https://rusofacilapp.com/ru/media/video-marcadores-de-opinion-chyo-mnenie,медиа,200,да,,да,,на себя,3,3,2,Debates: marcar de quién es la opinión — русский язык через медиа (B2)
https://rusofacilapp.com/ru/media/video-glagoly-dvizheniya-pristavki,медиа,200,да,,да,,на себя,3,3,2,Verbos de movimiento en sentido figurado II: verbos con prefijo
https://rusofacilapp.com/ru/media/video-estilo-deeprichastie-oborot-vs-slozhnoe,медиа,200,да,,да,,на себя,3,3,2,Estilo y matices: sustituir la construcción de gerundio por una…
https://rusofacilapp.com/ru/media/video-prichastiya-passivnye,медиа,200,да,,да,,на себя,3,3,2,Participios pasivos de pasado: registro escrito formal — видео (B2)
https://rusofacilapp.com/ru/media/video-nesmotrya-na-to-chto-hotya,медиа,200,да,,да,,на себя,3,3,2,Concesivas en ruso: «хотя» y «несмотря на то что» — видео (B2)
https://rusofacilapp.com/ru/media/video-dlya-togo-chtoby-tak-chto,медиа,200,да,,да,,на себя,3,3,2,Finalidad y consecuencia: «чтобы» / «для того чтобы» y «так что»
https://rusofacilapp.com/ru/media/video-idiomatizmos-verbos-movimiento,медиа,200,да,,да,,на себя,3,3,2,Idiomatismos con verbos de movimiento — русский язык через медиа (B2)
https://rusofacilapp.com/ru/media/video-glagoly-dvizheniya-perenosnoe,медиа,200,да,,да,,на себя,3,3,2,Verbos de movimiento en sentido figurado I: «идти» — видео (B2)
https://rusofacilapp.com/ru/media/video-delovaya-perepiska-stil,медиа,200,да,,да,,на себя,3,3,2,Estilo empresarial: correspondencia oficial — el estilo formal…
https://rusofacilapp.com/ru/media/video-particulas-vryed-razve,медиа,200,да,,да,,на себя,3,3,2,Modismos gramaticales avanzados: las partículas «ведь» y «разве»
https://rusofacilapp.com/ru/media/video-vy-pravy-vy-oshibaetes,медиа,200,да,,да,,на себя,3,3,2,Modalidad de opinión: decir «tienes razón» o «te equivocas»
https://rusofacilapp.com/ru/media/video-nauchny-stil-bezlichnye,медиа,200,да,,да,,на себя,3,3,2,Estilo científico: terminología y construcciones impersonales
https://rusofacilapp.com/ru/media/video-yazyk-molodezhnoy-pressy,медиа,200,да,,да,,на себя,3,3,2,Estilo periodístico: el lenguaje de la prensa juvenil rusa
https://rusofacilapp.com/ru/media/video-trki-preparacion-examen,медиа,200,да,,да,,на себя,3,3,2,Preparación para exámenes de certificación: cómo funciona el TRKI
https://rusofacilapp.com/ru/media/video-ekologiya-vocabulario-debate,медиа,200,да,,да,,на себя,3,3,2,Ecología y tecnología: vocabulario y debate sobre el medioambiente
https://rusofacilapp.com/ru/media/video-publicisticheskiy-stil-cultura,медиа,200,да,,да,,на себя,3,3,2,Cultura y arte: crítica y opinión en el estilo publicístico
https://rusofacilapp.com/ru/media/video-registro-coloquial-vidite-li,медиа,200,да,,да,,на себя,3,3,2,Registro coloquial: muletillas para ganar tiempo — видео (B2)
https://rusofacilapp.com/ru/media/video-nu-i-chto-podumaesh,медиа,200,да,,да,,на себя,3,3,2,Emociones ocultas y matices: expresar indiferencia o restar…
https://rusofacilapp.com/ru/media/video-blagodarya-iz-za-togo-chto,медиа,200,да,,да,,на себя,3,3,2,Causa positiva y negativa: «благодаря тому что» vs. «из-за того что»
https://rusofacilapp.com/ru/media/movie-repka,медиа,200,да,,да,,на себя,3,3,2,"El nabo gigante — Репка (сказка-мультфильм, 1971) — видео (A1)"
https://rusofacilapp.com/ru/media/movie-zayushkina-izbushka,медиа,200,да,,да,,на себя,3,3,2,La cabaña de la liebre — Заюшкина избушка (русская народная сказка)
https://rusofacilapp.com/ru/media/movie-kurochka-ryaba,медиа,200,да,,да,,на себя,3,3,2,La gallinita Ryaba — Курочка Ряба (сказка-мультфильм) — видео (A1)
https://rusofacilapp.com/ru/media/movie-teremok,медиа,200,да,,да,,на себя,3,3,2,La casita del bosque — Теремок — русский язык через медиа (A1)
https://rusofacilapp.com/ru/media/movie-kolobok,медиа,200,да,,да,,на себя,3,3,2,"Kolobok, el bollito redondo — Колобок (сказка-мультфильм) — видео (A2)"
https://rusofacilapp.com/ru/media/song-chaif-argentina-yamaika,медиа,200,да,,да,,на себя,3,3,2,Аргентина — Ямайка 5:0 — ЧАЙФ (1998) — русский язык через медиа (C1) | RusoFácilapp
https://rusofacilapp.com/ru/media/video-pogoda,медиа,200,да,,да,,на себя,3,3,3,Las estaciones y el clima — Времена года и погода (con los Smeshariki)
https://rusofacilapp.com/ru/media/movie-kot-petukh-i-lisa,медиа,200,да,,да,,на себя,3,3,2,"El gato, el gallo y la zorra — Кот, петух и лиса — видео (A2)"
https://rusofacilapp.com/ru/media/movie-prostokvashino,медиа,200,да,,да,,на себя,3,3,3,Простоквашино (dibujo animado soviético clásico) — видео (B1)
https://rusofacilapp.com/ru/media/video-recept-bliny,медиа,200,да,,да,,на себя,3,3,2,Рецепт блинов — vídeo-receta — русский язык через медиа (B1)
https://rusofacilapp.com/ru/media/video-chisla-1-10,медиа,200,да,,да,,на себя,3,3,2,Aprendemos los números del 1 al 10 — Учим цифры от 1 до 10
https://rusofacilapp.com/ru/media/movie-vanka,медиа,200,да,,да,,на себя,3,3,2,"Ванька (relato de A. P. Chéjov, lectura íntegra) — видео (B2)"
https://rusofacilapp.com/ru/media/movie-ezhik-v-tumane,медиа,200,да,,да,,на себя,3,3,2,"Ёжик в тумане (1975, Юрий Норштейн) — русский язык через медиа (B1)"
https://rusofacilapp.com/ru/media/movie-gusi-lebedi,медиа,200,да,,да,,на себя,3,3,2,Los gansos-cisne — Гуси-лебеди — русский язык через медиа (A2)
https://rusofacilapp.com/ru/media/movie-moskva-slezam-ne-verit,медиа,200,да,,да,,на себя,3,3,3,Москва слезам не верит — знакомство в электричке (1979) — видео (C1)
https://rusofacilapp.com/ru/media/movie-sluzhebnyi-roman,медиа,200,да,,да,,на себя,3,3,2,Служебный роман — сцена «Походка» (1977) — видео (B2)
https://rusofacilapp.com/es/gramatica,гид по грамматике,200,да,,да,,на себя,2,4,4,Gramática rusa explicada en español | RusoFácilapp
https://rusofacilapp.com/ru/media/movie-skazka-o-rybake-i-rybke,медиа,200,да,,да,,на себя,3,3,2,"Сказка о рыбаке и рыбке (мультфильм по сказке А. С. Пушкина, 1950)"
https://rusofacilapp.com/ru/media/movie-baryshnya-krestyanka,медиа,200,да,,да,,на себя,3,3,2,"Барышня-крестьянка (relato de A. S. Pushkin, audiolibro completo)"
https://rusofacilapp.com/ru/media/movie-noch-pered-rozhdestvom,медиа,200,да,,да,,на себя,3,3,2,"Ночь перед Рождеством (мультфильм по повести Н. В. Гоголя, 1951)"
https://rusofacilapp.com/es/media,каталог медиа,200,да,,да,,на себя,3,4,275,Biblioteca de audio y video | RusoFácilapp
https://rusofacilapp.com/ru/media,каталог медиа,200,да,,да,,на себя,3,4,275,Библиотека аудио и видео | RusoFácilapp
https://rusofacilapp.com/es/media/video-semya-slovar,медиа,200,да,,да,,на себя,3,5,1,La familia: vocabulario — Семья — ruso con música y vídeo (A1)
https://rusofacilapp.com/es/media/movie-lebed-rak-i-shchuka,медиа,200,да,,да,,на себя,3,5,1,"El cisne, el cangrejo y el lucio — Лебедь, рак и щука — vídeo (A1)"
https://rusofacilapp.com/es/media/video-tsveta,медиа,200,да,,да,,на себя,3,5,1,Aprendemos los colores en ruso — Учим цвета на русском языке
https://rusofacilapp.com/es/media/video-dni-nedeli,медиа,200,да,,да,,на себя,3,5,1,Los días de la semana — Дни недели — ruso con música y vídeo (A1)
https://rusofacilapp.com/es/media/video-dialog-magazin-slovari,медиа,200,да,,да,,на себя,3,5,1,Diálogo: en la librería — Диалог (comprando diccionarios) — vídeo (A1)
https://rusofacilapp.com/es/media/video-privetstviya-urok1,медиа,200,да,,да,,на себя,3,5,1,Lección 1: Saludos — Здравствуйте или привет! — vídeo (A1)
https://rusofacilapp.com/es/media/video-pronombres-personales,медиа,200,да,,да,,на себя,3,5,1,Los pronombres personales en ruso explicados en español — vídeo (A1)
https://rusofacilapp.com/es/media/video-dialogo-znakomstvo,медиа,200,да,,да,,на себя,3,5,1,Diálogo 1: Conociéndose — Знакомство — ruso con música y vídeo (A1)
https://rusofacilapp.com/es/media/video-odezhda,медиа,200,да,,да,,на себя,3,5,1,Aprendemos la ropa y el calzado en ruso — Учим одежду и обувь
https://rusofacilapp.com/es/media/video-kotoryy-chas,медиа,200,да,,да,,на себя,3,5,1,¿Qué hora es? — Который час? — ruso con música y vídeo (A1)
https://rusofacilapp.com/es/media/song-vmeste-veselo-shagat,медиа,200,да,,да,,на себя,3,5,1,"Вместе весело шагать (1966, coro infantil) — ruso con música y vídeo (A1) | RusoFácilapp"
https://rusofacilapp.com/es/media/song-v-trave-sidel-kuznechik,медиа,200,да,,да,,на себя,3,5,1,"В траве сидел кузнечик (de «Приключения Незнайки», 1972) — ruso con música y vídeo (A1) | RusoFácilapp"
https://rusofacilapp.com/es/media/song-buratino-final,медиа,200,да,,да,,на себя,3,5,1,Буратино! Финальная песня — de «Приключения Буратино» (1975) — ruso con música y vídeo (A1) | RusoFácilapp
https://rusofacilapp.com/es/media/song-oblaka-belogrivye-loshadki,медиа,200,да,,да,,на себя,3,5,1,Облака — белогривые лошадки — de «Трям! Здравствуйте!» (1980) — ruso con música y vídeo (A1) | RusoFácilapp
https://rusofacilapp.com/es/media/song-katyusha,медиа,200,да,,да,,на себя,3,5,1,Катюша (canción folclórica) — ruso con música y vídeo (A1) | RusoFácilapp
https://rusofacilapp.com/es/media/song-esli-dobryy-ty,медиа,200,да,,да,,на себя,3,5,1,Если добрый ты — Песенка кота Леопольда (1975) — ruso con música y vídeo (A1) | RusoFácilapp
https://rusofacilapp.com/es/media/song-pesenka-krasnoy-shapochki,медиа,200,да,,да,,на себя,3,5,1,Песенка Красной Шапочки — de la película «Про Красную Шапочку» (1977) — ruso con música y vídeo (A1) | RusoFácilapp
https://rusofacilapp.com/es/media/song-ostavaysya-malchik,медиа,200,да,,да,,на себя,3,5,1,"Оставайся, мальчик, с нами — de la película «В синем море, в белой пене...» (1984) — ruso con música y vídeo (A1) | RusoFácilapp"
https://rusofacilapp.com/es/media/song-goluboy-vagon,медиа,200,да,,да,,на себя,3,5,1,"Голубой вагон (из м/ф «Чебурашка», 1970-е) — ruso con música y vídeo (A1) | RusoFácilapp"
https://rusofacilapp.com/es/media/song-pesenka-krokodila-geny,медиа,200,да,,да,,на себя,3,5,1,Песенка Крокодила Гены — de la película «Чебурашка» (1969) — ruso con música y vídeo (A1) | RusoFácilapp
https://rusofacilapp.com/es/media/song-igra,медиа,200,да,,да,,на себя,3,5,1,Игра — de la película «Пластилиновая ворона» (1981) — ruso con música y vídeo (A1) | RusoFácilapp
https://rusofacilapp.com/es/media/song-mamontyonok,медиа,200,да,,да,,на себя,3,5,1,Песенка мамонтёнка — de «Мама для мамонтёнка» (1981) — ruso con música y vídeo (A1) | RusoFácilapp
https://rusofacilapp.com/es/media/song-lozhkoy-sneg-meshaya,медиа,200,да,,да,,на себя,3,5,1,"Ложкой снег мешая — Колыбельная медведицы, de la película «Умка» (1969) — ruso con música y vídeo (A1) | RusoFácilapp"
https://rusofacilapp.com/es/media/song-pesenka-o-medvedyah,медиа,200,да,,да,,на себя,3,5,1,Песенка о медведях — de la película «Кавказская пленница» (1967) — ruso con música y vídeo (A1) | RusoFácilapp
https://rusofacilapp.com/es/media/song-spyat-ustalye-igrushki,медиа,200,да,,да,,на себя,3,5,1,"Спят усталые игрушки (nana infantil, 1964) — ruso con música y vídeo (A1) | RusoFácilapp"
https://rusofacilapp.com/es/media/song-ty-i-ya-takie-raznye,медиа,200,да,,да,,на себя,3,5,1,Ты и я такие разные — de «Голубой щенок» (1976) — ruso con música y vídeo (A1) | RusoFácilapp
https://rusofacilapp.com/es/media/movie-vorona-i-lisitsa,медиа,200,да,,да,,на себя,3,5,1,El cuervo y la zorra — Ворона и лисица (басня И. А. Крылова)
https://rusofacilapp.com/es/media/song-ulybka,медиа,200,да,,да,,на себя,3,5,1,Улыбка — de la película «Крошка Енот» (1974) — ruso con música y vídeo (A1) | RusoFácilapp
https://rusofacilapp.com/es/media/song-chunga-changa,медиа,200,да,,да,,на себя,3,5,1,Чунга-Чанга — из м/ф «Катерок» (1970) — ruso con música y vídeo (A1) | RusoFácilapp
https://rusofacilapp.com/es/media/video-dialogo-reserva-hotel,медиа,200,да,,да,,на себя,3,5,1,Diálogo real: un problema con la reserva del hotel — vídeo (A2)
https://rusofacilapp.com/es/media/song-dvazhdy-dva-chetyre,медиа,200,да,,да,,на себя,3,5,1,Дважды два — четыре — de la película musical «Прекрасное далеко» / cuento de Topelius (1980) — ruso con música y vídeo (A1) | RusoFácilapp
https://rusofacilapp.com/es/media/video-atrapado-ascensor,медиа,200,да,,да,,на себя,3,5,1,"Atrapado en el ascensor — diálogo real en ruso, con subtítulos"
https://rusofacilapp.com/es/media/song-horosho-zhivet-na-svete,медиа,200,да,,да,,на себя,3,5,1,Хорошо живёт на свете — de la película «Винни-Пух» (1969) — ruso con música y vídeo (A1) | RusoFácilapp
https://rusofacilapp.com/es/media/video-preguntas-cual,медиа,200,да,,да,,на себя,3,5,1,"¿Cómo preguntar &#x27;cuál/qué&#x27; en ruso? — какой, какая, какое, какие"
https://rusofacilapp.com/es/media/movie-svinya-pod-dubom,медиа,200,да,,да,,на себя,3,5,1,El cerdo bajo el roble — Свинья под дубом (басня И. А. Крылова)
https://rusofacilapp.com/es/media/movie-lyagushka-i-vol,медиа,200,да,,да,,на себя,3,5,1,La rana y el buey — Лягушка и вол (басня И. А. Крылова) — vídeo (A2)
https://rusofacilapp.com/es/media/video-receta-pelmeni,медиа,200,да,,да,,на себя,3,5,1,"Pelmeni — receta rusa paso a paso, narrada en español — vídeo (A2)"
https://rusofacilapp.com/es/media/movie-martyshka-i-ochki,медиа,200,да,,да,,на себя,3,5,1,La mona y las gafas — Мартышка и очки (басня И. А. Крылова)
https://rusofacilapp.com/es/media/movie-slon-i-moska,медиа,200,да,,да,,на себя,3,5,1,El elefante y la perrita Moska — Слон и Моська (басня И. А. Крылова)
https://rusofacilapp.com/es/media/video-matryoshka-dlya-detey,медиа,200,да,,да,,на себя,3,5,1,La matrioshka: ¿cómo se hace y quién la inventó? — Матрёшка
https://rusofacilapp.com/es/media/song-i-shveytsar-ya-i-monter,медиа,200,да,,да,,на себя,3,5,1,"И швейцар я, и монтёр — de la película «Факир на час» (1971) — ruso con música y vídeo (A2) | RusoFácilapp"
https://rusofacilapp.com/es/media/song-kalinka,медиа,200,да,,да,,на себя,3,5,1,Калинка (canción folclórica rusa) — ruso con música y vídeo (A2) | RusoFácilapp
https://rusofacilapp.com/es/media/song-london-good-bye,медиа,200,да,,да,,на себя,3,5,1,"Лондон, гуд бай — CarMan — ruso con música y vídeo (A2) | RusoFácilapp"
https://rusofacilapp.com/es/media/song-menya-ukusil-gippopotam,медиа,200,да,,да,,на себя,3,5,1,Меня укусил гиппопотам — de «Рассказы о Кешке и его друзьях» (1974) — ruso con música y vídeo (A2) | RusoFácilapp
https://rusofacilapp.com/es/media/song-o-bozhe-kakoy-muzhchina,медиа,200,да,,да,,на себя,3,5,1,"О Боже, какой мужчина — Натали — ruso con música y vídeo (A2) | RusoFácilapp"
https://rusofacilapp.com/es/media/movie-strekoza-i-muravey,медиа,200,да,,да,,на себя,3,5,1,La cigarra y la hormiga — Стрекоза и муравей (басня И. А. Крылова)
https://rusofacilapp.com/es/media/song-a-mozhet-byt-vorona,медиа,200,да,,да,,на себя,3,5,1,"А может быть, ворона... — de la película «Пластилиновая ворона» (1981) — ruso con música y vídeo (A2) | RusoFácilapp"
https://rusofacilapp.com/es/media/song-krylatye-kacheli,медиа,200,да,,да,,на себя,3,5,1,Крылатые качели — de la película «Приключения Электроника» (1979) — ruso con música y vídeo (A2) | RusoFácilapp
https://rusofacilapp.com/es/media/song-butylka-kefira,медиа,200,да,,да,,на себя,3,5,1,"Бутылка кефира, пол батона — ЧАЙФ — ruso con música y vídeo (A2) | RusoFácilapp"
https://rusofacilapp.com/es/media/song-nash-sosed,медиа,200,да,,да,,на себя,3,5,1,Наш сосед — Эдита Пьеха — ruso con música y vídeo (A2) | RusoFácilapp
https://rusofacilapp.com/es/media/song-yolochka,медиа,200,да,,да,,на себя,3,5,1,В лесу родилась ёлочка (canción infantil tradicional) — ruso con música y vídeo (A2) | RusoFácilapp
https://rusofacilapp.com/es/media/song-matrosik,медиа,200,да,,да,,на себя,3,5,1,Матросик — de la película «Проданный смех» (1981) — ruso con música y vídeo (A2) | RusoFácilapp
https://rusofacilapp.com/es/media/song-pesnya-druzei,медиа,200,да,,да,,на себя,3,5,1,Песня друзей — de la película «По дороге с облаками» (1984) — ruso con música y vídeo (A2) | RusoFácilapp
https://rusofacilapp.com/es/media/song-oy-tsvetet-kalina,медиа,200,да,,да,,на себя,3,5,1,"Ой, цветёт калина (canción folclórica clásica) — ruso con música y vídeo (A2) | RusoFácilapp"
https://rusofacilapp.com/es/media/song-yatl-zivert,медиа,200,да,,да,,на себя,3,5,1,ЯТЛ — Zivert (pop ruso contemporáneo) — ruso con música y vídeo (A2) | RusoFácilapp
https://rusofacilapp.com/es/media/song-horosho-brodit-po-svetu,медиа,200,да,,да,,на себя,3,5,1,Хорошо бродить по свету (Доброта) — de «Приключения поросёнка Фунтика» (1986) — ruso con música y vídeo (A2) | RusoFácilapp
https://rusofacilapp.com/es/media/song-prekrasnoe-daleko,медиа,200,да,,да,,на себя,3,5,1,Прекрасное далёко — de la película «Гостья из будущего» (1985) — ruso con música y vídeo (A2) | RusoFácilapp
https://rusofacilapp.com/es/media/song-pust-begut-neuklyuzhe,медиа,200,да,,да,,на себя,3,5,1,Пусть бегут неуклюже — de la película «Чебурашка» (1969) — ruso con música y vídeo (A2) | RusoFácilapp
https://rusofacilapp.com/es/media/video-maleta-perdida,медиа,200,да,,да,,на себя,3,5,1,"La maleta perdida — diálogo real en ruso, con subtítulos — vídeo (B1)"
https://rusofacilapp.com/es/media/song-rozovyy-vecher,медиа,200,да,,да,,на себя,3,5,1,Розовый вечер — Юрий Шатунов — ruso con música y vídeo (A2) | RusoFácilapp
https://rusofacilapp.com/es/media/video-conversaciones-cafe,медиа,200,да,,да,,на себя,3,5,1,"Conversaciones en el café — diálogo real en ruso, con subtítulos"
https://rusofacilapp.com/es/media/song-dyudyuka-barbidokskaya,медиа,200,да,,да,,на себя,3,5,1,Песня Дюдюки Барбидокской — de la película «Подарок для слона» (1984) — ruso con música y vídeo (A2) | RusoFácilapp
https://rusofacilapp.com/es/media/song-belye-rozy,медиа,200,да,,да,,на себя,3,5,1,Белые розы — Ласковый май / Юрий Шатунов (1988) — ruso con música y vídeo (B1) | RusoFácilapp
https://rusofacilapp.com/es/media/video-siberia-fauna,медиа,200,да,,да,,на себя,3,5,1,"Siberia salvaje: la fauna del corazón helado de Rusia, narrado en…"
https://rusofacilapp.com/es/media/video-san-petersburgo-guia,медиа,200,да,,да,,на себя,3,5,1,"San Petersburgo — guía de 5 minutos, narrada en español — vídeo (B1)"
https://rusofacilapp.com/es/media/movie-vinni-pukh,медиа,200,да,,да,,на себя,3,5,1,"Винни-Пух (1969, Союзмультфильм, Фёдор Хитрук) — vídeo (B1)"
https://rusofacilapp.com/es/media/song-vremya-toropitsya,медиа,200,да,,да,,на себя,3,5,1,Время торопится — de la película «Наследники» (1974) — ruso con música y vídeo (B1) | RusoFácilapp
https://rusofacilapp.com/es/media/video-baikal,медиа,200,да,,да,,на себя,3,5,1,Байкал (документальный фильм для школьников) — vídeo (B1)
https://rusofacilapp.com/es/media/video-zolotoe-koltso,медиа,200,да,,да,,на себя,3,5,1,Золотое кольцо — Мульти-Россия (episodio de viajes) — vídeo (B1)
https://rusofacilapp.com/es/media/song-i-esli-rycar-ne-naidyotsya,медиа,200,да,,да,,на себя,3,5,1,И если рыцарь не найдётся — de «Сказки старого волшебника» (1984) — ruso con música y vídeo (B1) | RusoFácilapp
https://rusofacilapp.com/es/media/song-kolybelnaya-rassmeshite-klouna,медиа,200,да,,да,,на себя,3,5,1,Колыбельная песня — de la película «Рассмешите клоуна» (1984) — ruso con música y vídeo (B1) | RusoFácilapp
https://rusofacilapp.com/es/media/song-kolokola,медиа,200,да,,да,,на себя,3,5,1,Колокола — de «Приключения Электроника» (1979) — ruso con música y vídeo (B1) | RusoFácilapp
https://rusofacilapp.com/es/media/movie-kvartet,медиа,200,да,,да,,на себя,3,5,1,Квартет (басня И. А. Крылова) — ruso con música y vídeo (B1)
https://rusofacilapp.com/es/media/song-lyubov-pohozhaya-na-son,медиа,200,да,,да,,на себя,3,5,1,"Любовь, похожая на сон — Алла Пугачёва — ruso con música y vídeo (B1) | RusoFácilapp"
https://rusofacilapp.com/es/media/video-matryoshka-istoria,медиа,200,да,,да,,на себя,3,5,1,Матрёшка: historia de un juguete ruso — ruso con música y vídeo (B1)
https://rusofacilapp.com/es/media/song-milliony-alykh-roz,медиа,200,да,,да,,на себя,3,5,1,"Миллион алых роз — Алла Пугачёва (estrada clásica, 1982) — ruso con música y vídeo (B1) | RusoFácilapp"
https://rusofacilapp.com/es/media/song-mezhdu-nami-dikaryami,медиа,200,да,,да,,на себя,3,5,1,"Между нами, дикарями — de la película «Завтрак на траве» (1979) — ruso con música y vídeo (B1) | RusoFácilapp"
https://rusofacilapp.com/es/media/song-nazhmi-na-knopku,медиа,200,да,,да,,на себя,3,5,1,Нажми на кнопку — Технология (1991) — ruso con música y vídeo (B1) | RusoFácilapp
https://rusofacilapp.com/es/media/song-mir-prognetsya,медиа,200,да,,да,,на себя,3,5,1,Однажды мир прогнётся под нас — Машина времени — ruso con música y vídeo (B1) | RusoFácilapp
https://rusofacilapp.com/es/media/movie-malysh-i-karlson,медиа,200,да,,да,,на себя,3,5,1,"Малыш и Карлсон (1968, Союзмультфильм) — ruso con música y vídeo (B1)"
https://rusofacilapp.com/es/media/song-ne-skuchay,медиа,200,да,,да,,на себя,3,5,1,Не скучай — de la película «Дуэнья» (1978) — ruso con música y vídeo (B1) | RusoFácilapp
https://rusofacilapp.com/es/media/song-pesenka-rusalochek,медиа,200,да,,да,,на себя,3,5,1,Песенка русалочек — de la película «Питер Пэн» (1987) — ruso con música y vídeo (B1) | RusoFácilapp
https://rusofacilapp.com/es/media/song-pesenka-trulyalyat,медиа,200,да,,да,,на себя,3,5,1,Песенка Трулялят — de «Алиса в Зазеркалье» (1982) — ruso con música y vídeo (B1) | RusoFácilapp
https://rusofacilapp.com/es/media/song-pesnya-o-zvezdah,медиа,200,да,,да,,на себя,3,5,1,Песня о звёздах — de la película «Про Красную Шапочку» (1977) — ruso con música y vídeo (B1) | RusoFácilapp
https://rusofacilapp.com/es/media/song-pesnya-princa-penapyu,медиа,200,да,,да,,на себя,3,5,1,Песня принца Пенапью — de la película «Не покидай» (1989) — ruso con música y vídeo (B1) | RusoFácilapp
https://rusofacilapp.com/es/media/song-pesnya-piero,медиа,200,да,,да,,на себя,3,5,1,Песня Пьеро — de «Приключения Буратино» (1975) — ruso con música y vídeo (B1) | RusoFácilapp
https://rusofacilapp.com/es/media/song-pogovorim-o-pustyakah,медиа,200,да,,да,,на себя,3,5,1,Поговорим о пустяках — de la película «Только в мюзик-холле» (1980) — ruso con música y vídeo (B1) | RusoFácilapp
https://rusofacilapp.com/es/media/song-pyat-minut,медиа,200,да,,да,,на себя,3,5,1,Пять минут — de la película «Карнавальная ночь» (1956) — ruso con música y vídeo (B1) | RusoFácilapp
https://rusofacilapp.com/es/media/song-stop-stop-stop,медиа,200,да,,да,,на себя,3,5,1,Стоп! Стоп! Стоп! — ВИА Гра — ruso con música y vídeo (B1) | RusoFácilapp
https://rusofacilapp.com/es/media/song-podmoskovnye-vechera,медиа,200,да,,да,,на себя,3,5,1,"Подмосковные вечера (canción soviética clásica, 1955) — ruso con música y vídeo (B1) | RusoFácilapp"
https://rusofacilapp.com/es/media/song-provans,медиа,200,да,,да,,на себя,3,5,1,Прованс — Ёлка — ruso con música y vídeo (B1) | RusoFácilapp
https://rusofacilapp.com/es/media/song-tak-krasivo,медиа,200,да,,да,,на себя,3,5,1,Так красиво — Сергей Лазарев — ruso con música y vídeo (B1) | RusoFácilapp
https://rusofacilapp.com/es/media/song-techet-reka-volga,медиа,200,да,,да,,на себя,3,5,1,"Течёт река Волга (canción clásica soviética, 1962) — ruso con música y vídeo (B1) | RusoFácilapp"
https://rusofacilapp.com/es/media/song-ty-uydyosh,медиа,200,да,,да,,на себя,3,5,1,Ты уйдёшь — Комиссар — ruso con música y vídeo (B1) | RusoFácilapp
https://rusofacilapp.com/es/media/song-ya-to-chto-nado,медиа,200,да,,да,,на себя,3,5,1,"Я то, что надо — Валерий Сюткин (1996) — ruso con música y vídeo (B1) | RusoFácilapp"
https://rusofacilapp.com/es/media/song-arlekino,медиа,200,да,,да,,на себя,3,5,1,Арлекино — Алла Пугачёва (1975) — ruso con música y vídeo (B2) | RusoFácilapp
https://rusofacilapp.com/es/media/song-ty-u-menya-odna,медиа,200,да,,да,,на себя,3,5,1,Ты у меня одна — Юрий Визбор (canción de autor clásica) — ruso con música y vídeo (B1) | RusoFácilapp
https://rusofacilapp.com/es/media/song-v-zhizni-tak-byvaet,медиа,200,да,,да,,на себя,3,5,1,В жизни так бывает — Многоточие — ruso con música y vídeo (B2) | RusoFácilapp
https://rusofacilapp.com/es/media/song-vladivostok-2000,медиа,200,да,,да,,на себя,3,5,1,"Владивосток 2000 — Мумий Тролль (indie/alt-rock, 1997) — ruso con música y vídeo (B2) | RusoFácilapp"
https://rusofacilapp.com/es/media/history-drevnyaya-rus,медиа,200,да,,да,,на себя,3,5,1,Древняя Русь за 22 минуты (vídeo educativo de historia) — vídeo (B2)
https://rusofacilapp.com/es/media/song-dorogoy-dlinnoyu,медиа,200,да,,да,,на себя,3,5,1,Дорогой длинною (romance clásico ruso) — ruso con música y vídeo (B2) | RusoFácilapp
https://rusofacilapp.com/es/media/history-gagarin,медиа,200,да,,да,,на себя,3,5,1,Юрий Гагарин: хроника первого полёта (документальная хроника)
https://rusofacilapp.com/es/media/song-zvezda-po-imeni-solntse,медиа,200,да,,да,,на себя,3,5,1,"Звезда по имени Солнце — Кино / Виктор Цой (rock soviético, 1989) — ruso con música y vídeo (B2) | RusoFácilapp"
https://rusofacilapp.com/es/media/movie-irony-of-fate,медиа,200,да,,да,,на себя,3,5,1,"Ирония судьбы, или С лёгким паром! — ruso con música y vídeo (B2)"
https://rusofacilapp.com/es/media/song-zemlya-v-illuminatore,медиа,200,да,,да,,на себя,3,5,1,Земля в иллюминаторе — Земляне (1982) — ruso con música y vídeo (B2) | RusoFácilapp
https://rusofacilapp.com/es/media/song-izgib-gitary-zheltoy,медиа,200,да,,да,,на себя,3,5,1,Изгиб гитары жёлтой (Как здорово) — Олег Митяев (1978) — ruso con música y vídeo (B2) | RusoFácilapp
https://rusofacilapp.com/es/media/song-milaya-moya-solnyshko-lesnoe,медиа,200,да,,да,,на себя,3,5,1,Милая моя (Солнышко лесное) — Юрий Визбор (1973) — ruso con música y vídeo (B2) | RusoFácilapp
https://rusofacilapp.com/es/media/song-moy-rok-n-roll,медиа,200,да,,да,,на себя,3,5,1,Мой рок-н-ролл — Би-2 (2002) — ruso con música y vídeo (B2) | RusoFácilapp
https://rusofacilapp.com/es/media/song-klenovy-list,медиа,200,да,,да,,на себя,3,5,1,"Кленовый лист — Николай Караченцов, de «Маленькое одолжение» (1984) — ruso con música y vídeo (B2) | RusoFácilapp"
https://rusofacilapp.com/es/media/song-ne-plach,медиа,200,да,,да,,на себя,3,5,1,Не плачь — Найк Борзов — ruso con música y vídeo (B2) | RusoFácilapp
https://rusofacilapp.com/es/media/song-koster,медиа,200,да,,да,,на себя,3,5,1,Костёр — Машина времени — ruso con música y vídeo (B2) | RusoFácilapp
https://rusofacilapp.com/es/media/song-s-chistogo-lista,медиа,200,да,,да,,на себя,3,5,1,С чистого листа — Мумий Тролль — ruso con música y vídeo (B2) | RusoFácilapp
https://rusofacilapp.com/es/media/song-ochi-chernye,медиа,200,да,,да,,на себя,3,5,1,"Очи чёрные (romance clásico ruso, siglo XIX) — ruso con música y vídeo (B2) | RusoFácilapp"
https://rusofacilapp.com/es/media/song-pesnya-o-lyubvi-charodei,медиа,200,да,,да,,на себя,3,5,1,Песня о любви — de la película «Чародеи» (1982) — ruso con música y vídeo (B2) | RusoFácilapp
https://rusofacilapp.com/es/media/song-popytka-nomer-pyat,медиа,200,да,,да,,на себя,3,5,1,Попытка номер пять — ВИА Гра — ruso con música y vídeo (B2) | RusoFácilapp
https://rusofacilapp.com/es/media/song-prostitsya,медиа,200,да,,да,,на себя,3,5,1,Проститься — UMA2RMAN (2003) — ruso con música y vídeo (B2) | RusoFácilapp
https://rusofacilapp.com/es/media/song-eti-glaza-naprotiv,медиа,200,да,,да,,на себя,3,5,1,Эти глаза напротив — Валерий Ободзинский (1975) — ruso con música y vídeo (B2) | RusoFácilapp
https://rusofacilapp.com/es/media/song-pod-muzyku-vivaldi,медиа,200,да,,да,,на себя,3,5,1,Под музыку Вивальди — de la película «Почти смешная история» (1977) — ruso con música y vídeo (B2) | RusoFácilapp
https://rusofacilapp.com/es/media/song-melnitsa-korolevna,медиа,200,да,,да,,на себя,3,5,1,Королевна — Мельница (2005) — ruso con música y vídeo (C1) | RusoFácilapp
https://rusofacilapp.com/es/media/song-iskala,медиа,200,да,,да,,на себя,3,5,1,Искала — Земфира (Official Video) — ruso con música y vídeo (C1) | RusoFácilapp
https://rusofacilapp.com/es/media/song-eto-po-lyubvi,медиа,200,да,,да,,на себя,3,5,1,Это по любви — Мумий Тролль — ruso con música y vídeo (B2) | RusoFácilapp
https://rusofacilapp.com/es/media/song-aysberg,медиа,200,да,,да,,на себя,3,5,1,Айсберг — Алла Пугачёва (1984) — ruso con música y vídeo (C1) | RusoFácilapp
https://rusofacilapp.com/es/media/song-gorizont,медиа,200,да,,да,,на себя,3,5,1,"Горизонт — Новелла Матвеева (canción de autor, clásico del bardismo soviético) — ruso con música y vídeo (C1) | RusoFácilapp"
https://rusofacilapp.com/es/media/video-ermitazh-breve,медиа,200,да,,да,,на себя,3,5,1,Кратко об Эрмитаже (breve documental sobre el Museo del Hermitage)
https://rusofacilapp.com/es/media/song-zurbagan,медиа,200,да,,да,,на себя,3,5,1,Зурбаган — de la película «Выше радуги» (1986) — ruso con música y vídeo (C1) | RusoFácilapp
https://rusofacilapp.com/es/media/song-polnochny-trolleybus,медиа,200,да,,да,,на себя,3,5,1,Полночный троллейбус — Булат Окуджава (1957) — ruso con música y vídeo (C1) | RusoFácilapp
https://rusofacilapp.com/es/media/movie-khameleon,медиа,200,да,,да,,на себя,3,5,1,"Хамелеон (экранизация рассказа А. П. Чехова, 1971) — vídeo (C1)"
https://rusofacilapp.com/es/media/song-ekho-lyubvi,медиа,200,да,,да,,на себя,3,5,1,Эхо любви — Анна Герман (1975) — ruso con música y vídeo (C1) | RusoFácilapp
https://rusofacilapp.com/es/media/song-zemfira-khochesh,медиа,200,да,,да,,на себя,3,5,1,Хочешь? — Земфира (2000) — ruso con música y vídeo (C1) | RusoFácilapp
https://rusofacilapp.com/es/media/video-transsib,медиа,200,да,,да,,на себя,3,5,1,Транссиб — фильм-путешествие Москва — Владивосток — vídeo (C1)
https://rusofacilapp.com/ru/media/video-kotoryy-chas,медиа,200,да,,да,,на себя,3,5,1,¿Qué hora es? — Который час? — русский язык через медиа (A1)
https://rusofacilapp.com/es/media/song-sirena-vyshe-radugi,медиа,200,да,,да,,на себя,3,5,1,"Сирена — de la película «Выше радуги» (1986), canta Alla Pugachova — ruso con música y vídeo (C1) | RusoFácilapp"
https://rusofacilapp.com/es/media/song-ya-tebya-nikogda-ne-zabudu,медиа,200,да,,да,,на себя,3,5,1,Я тебя никогда не забуду — de la rock-ópera «Юнона и Авось» (1983) — ruso con música y vídeo (C1) | RusoFácilapp
https://rusofacilapp.com/ru/media/song-buratino-final,медиа,200,да,,да,,на себя,3,5,1,Буратино! Финальная песня — de «Приключения Буратино» (1975) — русский язык через медиа (A1) | RusoFácilapp
https://rusofacilapp.com/es/media/song-gorod-zolotoy,медиа,200,да,,да,,на себя,3,5,1,Город золотой — Борис Гребенщиков / Аквариум (1984) — ruso con música y vídeo (C1) | RusoFácilapp
https://rusofacilapp.com/es/media/song-poprosti-menya-moya-lyubov,медиа,200,да,,да,,на себя,3,5,1,"Прости меня, моя любовь — Земфира (ПММЛ) — ruso con música y vídeo (C1) | RusoFácilapp"
https://rusofacilapp.com/ru/media/song-v-trave-sidel-kuznechik,медиа,200,да,,да,,на себя,3,5,1,"В траве сидел кузнечик (de «Приключения Незнайки», 1972) — русский язык через медиа (A1) | RusoFácilapp"
https://rusofacilapp.com/es/media/song-v-lunnom-siyanii,медиа,200,да,,да,,на себя,3,5,1,В лунном сиянии (romance clásico ruso) — ruso con música y vídeo (C1) | RusoFácilapp
https://rusofacilapp.com/ru/media/song-goluboy-vagon,медиа,200,да,,да,,на себя,3,5,1,"Голубой вагон (из м/ф «Чебурашка», 1970-е) — русский язык через медиа (A1) | RusoFácilapp"
https://rusofacilapp.com/ru/media/song-vmeste-veselo-shagat,медиа,200,да,,да,,на себя,3,5,1,"Вместе весело шагать (1966, coro infantil) — русский язык через медиа (A1) | RusoFácilapp"
https://rusofacilapp.com/ru/media/song-igra,медиа,200,да,,да,,на себя,3,5,1,Игра — de la película «Пластилиновая ворона» (1981) — русский язык через медиа (A1) | RusoFácilapp
https://rusofacilapp.com/ru/media/song-katyusha,медиа,200,да,,да,,на себя,3,5,1,Катюша (canción folclórica) — русский язык через медиа (A1) | RusoFácilapp
https://rusofacilapp.com/ru/media/song-esli-dobryy-ty,медиа,200,да,,да,,на себя,3,5,1,Если добрый ты — Песенка кота Леопольда (1975) — русский язык через медиа (A1) | RusoFácilapp
https://rusofacilapp.com/ru/media/song-dvazhdy-dva-chetyre,медиа,200,да,,да,,на себя,3,5,1,Дважды два — четыре — de la película musical «Прекрасное далеко» / cuento de Topelius (1980) — русский язык через медиа (A1) | RusoFácilapp
https://rusofacilapp.com/ru/media/song-ostavaysya-malchik,медиа,200,да,,да,,на себя,3,5,1,"Оставайся, мальчик, с нами — de la película «В синем море, в белой пене...» (1984) — русский язык через медиа (A1) | RusoFácilapp"
https://rusofacilapp.com/ru/media/song-oblaka-belogrivye-loshadki,медиа,200,да,,да,,на себя,3,5,1,Облака — белогривые лошадки — de «Трям! Здравствуйте!» (1980) — русский язык через медиа (A1) | RusoFácilapp
https://rusofacilapp.com/ru/media/song-pesenka-krokodila-geny,медиа,200,да,,да,,на себя,3,5,1,Песенка Крокодила Гены — de la película «Чебурашка» (1969) — русский язык через медиа (A1) | RusoFácilapp
https://rusofacilapp.com/ru/media/song-lozhkoy-sneg-meshaya,медиа,200,да,,да,,на себя,3,5,1,"Ложкой снег мешая — Колыбельная медведицы, de la película «Умка» (1969) — русский язык через медиа (A1) | RusoFácilapp"
https://rusofacilapp.com/ru/media/song-mamontyonok,медиа,200,да,,да,,на себя,3,5,1,Песенка мамонтёнка — de «Мама для мамонтёнка» (1981) — русский язык через медиа (A1) | RusoFácilapp
https://rusofacilapp.com/ru/media/song-pesenka-krasnoy-shapochki,медиа,200,да,,да,,на себя,3,5,1,Песенка Красной Шапочки — de la película «Про Красную Шапочку» (1977) — русский язык через медиа (A1) | RusoFácilapp
https://rusofacilapp.com/ru/media/song-pesenka-o-medvedyah,медиа,200,да,,да,,на себя,3,5,1,Песенка о медведях — de la película «Кавказская пленница» (1967) — русский язык через медиа (A1) | RusoFácilapp
https://rusofacilapp.com/ru/media/song-spyat-ustalye-igrushki,медиа,200,да,,да,,на себя,3,5,1,"Спят усталые игрушки (nana infantil, 1964) — русский язык через медиа (A1) | RusoFácilapp"
https://rusofacilapp.com/ru/media/song-ulybka,медиа,200,да,,да,,на себя,3,5,1,Улыбка — de la película «Крошка Енот» (1974) — русский язык через медиа (A1) | RusoFácilapp
https://rusofacilapp.com/ru/media/song-horosho-zhivet-na-svete,медиа,200,да,,да,,на себя,3,5,1,Хорошо живёт на свете — de la película «Винни-Пух» (1969) — русский язык через медиа (A1) | RusoFácilapp
https://rusofacilapp.com/ru/media/song-ty-i-ya-takie-raznye,медиа,200,да,,да,,на себя,3,5,1,Ты и я такие разные — de «Голубой щенок» (1976) — русский язык через медиа (A1) | RusoFácilapp
https://rusofacilapp.com/ru/media/song-chunga-changa,медиа,200,да,,да,,на себя,3,5,1,Чунга-Чанга — из м/ф «Катерок» (1970) — русский язык через медиа (A1) | RusoFácilapp
https://rusofacilapp.com/ru/media/movie-lebed-rak-i-shchuka,медиа,200,да,,да,,на себя,3,5,1,"El cisne, el cangrejo y el lucio — Лебедь, рак и щука — видео (A1)"
https://rusofacilapp.com/ru/media/video-dialog-magazin-slovari,медиа,200,да,,да,,на себя,3,5,1,Diálogo: en la librería — Диалог (comprando diccionarios) — видео (A1)
https://rusofacilapp.com/ru/media/video-dni-nedeli,медиа,200,да,,да,,на себя,3,5,1,Los días de la semana — Дни недели — русский язык через медиа (A1)
https://rusofacilapp.com/ru/media/song-a-mozhet-byt-vorona,медиа,200,да,,да,,на себя,3,5,1,"А может быть, ворона... — de la película «Пластилиновая ворона» (1981) — русский язык через медиа (A2) | RusoFácilapp"
https://rusofacilapp.com/ru/media/song-yolochka,медиа,200,да,,да,,на себя,3,5,1,В лесу родилась ёлочка (canción infantil tradicional) — русский язык через медиа (A2) | RusoFácilapp
https://rusofacilapp.com/ru/media/video-dialogo-znakomstvo,медиа,200,да,,да,,на себя,3,5,1,Diálogo 1: Conociéndose — Знакомство — русский язык через медиа (A1)
https://rusofacilapp.com/ru/media/video-odezhda,медиа,200,да,,да,,на себя,3,5,1,Aprendemos la ropa y el calzado en ruso — Учим одежду и обувь
https://rusofacilapp.com/ru/media/song-i-shveytsar-ya-i-monter,медиа,200,да,,да,,на себя,3,5,1,"И швейцар я, и монтёр — de la película «Факир на час» (1971) — русский язык через медиа (A2) | RusoFácilapp"
https://rusofacilapp.com/ru/media/video-privetstviya-urok1,медиа,200,да,,да,,на себя,3,5,1,Lección 1: Saludos — Здравствуйте или привет! — видео (A1)
https://rusofacilapp.com/ru/media/video-semya-slovar,медиа,200,да,,да,,на себя,3,5,1,La familia: vocabulario — Семья — русский язык через медиа (A1)
https://rusofacilapp.com/ru/media/video-tsveta,медиа,200,да,,да,,на себя,3,5,1,Aprendemos los colores en ruso — Учим цвета на русском языке
https://rusofacilapp.com/ru/media/video-pronombres-personales,медиа,200,да,,да,,на себя,3,5,1,Los pronombres personales en ruso explicados en español — видео (A1)
https://rusofacilapp.com/ru/media/video-preguntas-cual,медиа,200,да,,да,,на себя,3,5,1,"¿Cómo preguntar &#x27;cuál/qué&#x27; en ruso? — какой, какая, какое, какие"
https://rusofacilapp.com/ru/media/song-butylka-kefira,медиа,200,да,,да,,на себя,3,5,1,"Бутылка кефира, пол батона — ЧАЙФ — русский язык через медиа (A2) | RusoFácilapp"
https://rusofacilapp.com/ru/media/song-oy-tsvetet-kalina,медиа,200,да,,да,,на себя,3,5,1,"Ой, цветёт калина (canción folclórica clásica) — русский язык через медиа (A2) | RusoFácilapp"
https://rusofacilapp.com/ru/media/song-matrosik,медиа,200,да,,да,,на себя,3,5,1,Матросик — de la película «Проданный смех» (1981) — русский язык через медиа (A2) | RusoFácilapp
https://rusofacilapp.com/ru/media/song-dyudyuka-barbidokskaya,медиа,200,да,,да,,на себя,3,5,1,Песня Дюдюки Барбидокской — de la película «Подарок для слона» (1984) — русский язык через медиа (A2) | RusoFácilapp
https://rusofacilapp.com/ru/media/song-o-bozhe-kakoy-muzhchina,медиа,200,да,,да,,на себя,3,5,1,"О Боже, какой мужчина — Натали — русский язык через медиа (A2) | RusoFácilapp"
https://rusofacilapp.com/ru/media/song-kalinka,медиа,200,да,,да,,на себя,3,5,1,Калинка (canción folclórica rusa) — русский язык через медиа (A2) | RusoFácilapp
https://rusofacilapp.com/ru/media/song-nash-sosed,медиа,200,да,,да,,на себя,3,5,1,Наш сосед — Эдита Пьеха — русский язык через медиа (A2) | RusoFácilapp
https://rusofacilapp.com/ru/media/song-krylatye-kacheli,медиа,200,да,,да,,на себя,3,5,1,Крылатые качели — de la película «Приключения Электроника» (1979) — русский язык через медиа (A2) | RusoFácilapp
https://rusofacilapp.com/ru/media/song-menya-ukusil-gippopotam,медиа,200,да,,да,,на себя,3,5,1,Меня укусил гиппопотам — de «Рассказы о Кешке и его друзьях» (1974) — русский язык через медиа (A2) | RusoFácilapp
https://rusofacilapp.com/ru/media/song-london-good-bye,медиа,200,да,,да,,на себя,3,5,1,"Лондон, гуд бай — CarMan — русский язык через медиа (A2) | RusoFácilapp"
https://rusofacilapp.com/ru/media/song-pesnya-druzei,медиа,200,да,,да,,на себя,3,5,1,Песня друзей — de la película «По дороге с облаками» (1984) — русский язык через медиа (A2) | RusoFácilapp
https://rusofacilapp.com/ru/media/song-prekrasnoe-daleko,медиа,200,да,,да,,на себя,3,5,1,Прекрасное далёко — de la película «Гостья из будущего» (1985) — русский язык через медиа (A2) | RusoFácilapp
https://rusofacilapp.com/ru/media/song-pust-begut-neuklyuzhe,медиа,200,да,,да,,на себя,3,5,1,Пусть бегут неуклюже — de la película «Чебурашка» (1969) — русский язык через медиа (A2) | RusoFácilapp
https://rusofacilapp.com/ru/media/song-yatl-zivert,медиа,200,да,,да,,на себя,3,5,1,ЯТЛ — Zivert (pop ruso contemporáneo) — русский язык через медиа (A2) | RusoFácilapp
https://rusofacilapp.com/ru/media/song-horosho-brodit-po-svetu,медиа,200,да,,да,,на себя,3,5,1,Хорошо бродить по свету (Доброта) — de «Приключения поросёнка Фунтика» (1986) — русский язык через медиа (A2) | RusoFácilapp
https://rusofacilapp.com/ru/media/movie-slon-i-moska,медиа,200,да,,да,,на себя,3,5,1,El elefante y la perrita Moska — Слон и Моська (басня И. А. Крылова)
https://rusofacilapp.com/ru/media/movie-svinya-pod-dubom,медиа,200,да,,да,,на себя,3,5,1,El cerdo bajo el roble — Свинья под дубом (басня И. А. Крылова)
https://rusofacilapp.com/ru/media/video-atrapado-ascensor,медиа,200,да,,да,,на себя,3,5,1,"Atrapado en el ascensor — diálogo real en ruso, con subtítulos"
https://rusofacilapp.com/ru/media/movie-vorona-i-lisitsa,медиа,200,да,,да,,на себя,3,5,1,El cuervo y la zorra — Ворона и лисица (басня И. А. Крылова)
https://rusofacilapp.com/ru/media/video-dialogo-reserva-hotel,медиа,200,да,,да,,на себя,3,5,1,Diálogo real: un problema con la reserva del hotel — видео (A2)
https://rusofacilapp.com/ru/media/song-rozovyy-vecher,медиа,200,да,,да,,на себя,3,5,1,Розовый вечер — Юрий Шатунов — русский язык через медиа (A2) | RusoFácilapp
https://rusofacilapp.com/ru/media/movie-martyshka-i-ochki,медиа,200,да,,да,,на себя,3,5,1,La mona y las gafas — Мартышка и очки (басня И. А. Крылова)
https://rusofacilapp.com/ru/media/video-matryoshka-dlya-detey,медиа,200,да,,да,,на себя,3,5,1,La matrioshka: ¿cómo se hace y quién la inventó? — Матрёшка
https://rusofacilapp.com/ru/media/movie-lyagushka-i-vol,медиа,200,да,,да,,на себя,3,5,1,La rana y el buey — Лягушка и вол (басня И. А. Крылова) — видео (A2)
https://rusofacilapp.com/ru/media/movie-strekoza-i-muravey,медиа,200,да,,да,,на себя,3,5,1,La cigarra y la hormiga — Стрекоза и муравей (басня И. А. Крылова)
https://rusofacilapp.com/ru/media/video-receta-pelmeni,медиа,200,да,,да,,на себя,3,5,1,"Pelmeni — receta rusa paso a paso, narrada en español — видео (A2)"
https://rusofacilapp.com/ru/media/song-belye-rozy,медиа,200,да,,да,,на себя,3,5,1,Белые розы — Ласковый май / Юрий Шатунов (1988) — русский язык через медиа (B1) | RusoFácilapp
https://rusofacilapp.com/ru/media/video-baikal,медиа,200,да,,да,,на себя,3,5,1,Байкал (документальный фильм для школьников) — видео (B1)
https://rusofacilapp.com/ru/media/song-kolybelnaya-rassmeshite-klouna,медиа,200,да,,да,,на себя,3,5,1,Колыбельная песня — de la película «Рассмешите клоуна» (1984) — русский язык через медиа (B1) | RusoFácilapp
https://rusofacilapp.com/ru/media/song-kolokola,медиа,200,да,,да,,на себя,3,5,1,Колокола — de «Приключения Электроника» (1979) — русский язык через медиа (B1) | RusoFácilapp
https://rusofacilapp.com/ru/media/movie-kvartet,медиа,200,да,,да,,на себя,3,5,1,Квартет (басня И. А. Крылова) — русский язык через медиа (B1)
https://rusofacilapp.com/ru/media/video-zolotoe-koltso,медиа,200,да,,да,,на себя,3,5,1,Золотое кольцо — Мульти-Россия (episodio de viajes) — видео (B1)
https://rusofacilapp.com/ru/media/song-lyubov-pohozhaya-na-son,медиа,200,да,,да,,на себя,3,5,1,"Любовь, похожая на сон — Алла Пугачёва — русский язык через медиа (B1) | RusoFácilapp"
https://rusofacilapp.com/ru/media/movie-vinni-pukh,медиа,200,да,,да,,на себя,3,5,1,"Винни-Пух (1969, Союзмультфильм, Фёдор Хитрук) — видео (B1)"
https://rusofacilapp.com/ru/media/movie-malysh-i-karlson,медиа,200,да,,да,,на себя,3,5,1,"Малыш и Карлсон (1968, Союзмультфильм) — русский язык через медиа (B1)"
https://rusofacilapp.com/ru/media/video-matryoshka-istoria,медиа,200,да,,да,,на себя,3,5,1,Матрёшка: historia de un juguete ruso — русский язык через медиа (B1)
https://rusofacilapp.com/ru/media/song-pesenka-trulyalyat,медиа,200,да,,да,,на себя,3,5,1,Песенка Трулялят — de «Алиса в Зазеркалье» (1982) — русский язык через медиа (B1) | RusoFácilapp
https://rusofacilapp.com/ru/media/song-nazhmi-na-knopku,медиа,200,да,,да,,на себя,3,5,1,Нажми на кнопку — Технология (1991) — русский язык через медиа (B1) | RusoFácilapp
https://rusofacilapp.com/ru/media/song-ne-skuchay,медиа,200,да,,да,,на себя,3,5,1,Не скучай — de la película «Дуэнья» (1978) — русский язык через медиа (B1) | RusoFácilapp
https://rusofacilapp.com/ru/media/song-milliony-alykh-roz,медиа,200,да,,да,,на себя,3,5,1,"Миллион алых роз — Алла Пугачёва (estrada clásica, 1982) — русский язык через медиа (B1) | RusoFácilapp"
https://rusofacilapp.com/ru/media/song-vremya-toropitsya,медиа,200,да,,да,,на себя,3,5,1,Время торопится — de la película «Наследники» (1974) — русский язык через медиа (B1) | RusoFácilapp
https://rusofacilapp.com/ru/media/song-mezhdu-nami-dikaryami,медиа,200,да,,да,,на себя,3,5,1,"Между нами, дикарями — de la película «Завтрак на траве» (1979) — русский язык через медиа (B1) | RusoFácilapp"
https://rusofacilapp.com/ru/media/song-mir-prognetsya,медиа,200,да,,да,,на себя,3,5,1,Однажды мир прогнётся под нас — Машина времени — русский язык через медиа (B1) | RusoFácilapp
https://rusofacilapp.com/ru/media/song-pesnya-o-zvezdah,медиа,200,да,,да,,на себя,3,5,1,Песня о звёздах — de la película «Про Красную Шапочку» (1977) — русский язык через медиа (B1) | RusoFácilapp
https://rusofacilapp.com/ru/media/song-pesenka-rusalochek,медиа,200,да,,да,,на себя,3,5,1,Песенка русалочек — de la película «Питер Пэн» (1987) — русский язык через медиа (B1) | RusoFácilapp
https://rusofacilapp.com/ru/media/song-pesnya-piero,медиа,200,да,,да,,на себя,3,5,1,Песня Пьеро — de «Приключения Буратино» (1975) — русский язык через медиа (B1) | RusoFácilapp
https://rusofacilapp.com/ru/media/song-pesnya-princa-penapyu,медиа,200,да,,да,,на себя,3,5,1,Песня принца Пенапью — de la película «Не покидай» (1989) — русский язык через медиа (B1) | RusoFácilapp
https://rusofacilapp.com/ru/media/song-provans,медиа,200,да,,да,,на себя,3,5,1,Прованс — Ёлка — русский язык через медиа (B1) | RusoFácilapp
https://rusofacilapp.com/ru/media/song-pogovorim-o-pustyakah,медиа,200,да,,да,,на себя,3,5,1,Поговорим о пустяках — de la película «Только в мюзик-холле» (1980) — русский язык через медиа (B1) | RusoFácilapp
https://rusofacilapp.com/ru/media/song-stop-stop-stop,медиа,200,да,,да,,на себя,3,5,1,Стоп! Стоп! Стоп! — ВИА Гра — русский язык через медиа (B1) | RusoFácilapp
https://rusofacilapp.com/ru/media/song-pyat-minut,медиа,200,да,,да,,на себя,3,5,1,Пять минут — de la película «Карнавальная ночь» (1956) — русский язык через медиа (B1) | RusoFácilapp
https://rusofacilapp.com/ru/media/song-podmoskovnye-vechera,медиа,200,да,,да,,на себя,3,5,1,"Подмосковные вечера (canción soviética clásica, 1955) — русский язык через медиа (B1) | RusoFácilapp"
https://rusofacilapp.com/ru/media/song-techet-reka-volga,медиа,200,да,,да,,на себя,3,5,1,"Течёт река Волга (canción clásica soviética, 1962) — русский язык через медиа (B1) | RusoFácilapp"
https://rusofacilapp.com/ru/media/song-tak-krasivo,медиа,200,да,,да,,на себя,3,5,1,Так красиво — Сергей Лазарев — русский язык через медиа (B1) | RusoFácilapp
https://rusofacilapp.com/ru/media/song-ty-uydyosh,медиа,200,да,,да,,на себя,3,5,1,Ты уйдёшь — Комиссар — русский язык через медиа (B1) | RusoFácilapp
https://rusofacilapp.com/ru/media/song-ty-u-menya-odna,медиа,200,да,,да,,на себя,3,5,1,Ты у меня одна — Юрий Визбор (canción de autor clásica) — русский язык через медиа (B1) | RusoFácilapp
https://rusofacilapp.com/ru/media/video-conversaciones-cafe,медиа,200,да,,да,,на себя,3,5,1,"Conversaciones en el café — diálogo real en ruso, con subtítulos"
https://rusofacilapp.com/ru/media/video-maleta-perdida,медиа,200,да,,да,,на себя,3,5,1,"La maleta perdida — diálogo real en ruso, con subtítulos — видео (B1)"
https://rusofacilapp.com/ru/media/history-gagarin,медиа,200,да,,да,,на себя,3,5,1,Юрий Гагарин: хроника первого полёта (документальная хроника)
https://rusofacilapp.com/ru/media/song-arlekino,медиа,200,да,,да,,на себя,3,5,1,Арлекино — Алла Пугачёва (1975) — русский язык через медиа (B2) | RusoFácilapp
https://rusofacilapp.com/ru/media/video-siberia-fauna,медиа,200,да,,да,,на себя,3,5,1,"Siberia salvaje: la fauna del corazón helado de Rusia, narrado en…"
https://rusofacilapp.com/ru/media/video-san-petersburgo-guia,медиа,200,да,,да,,на себя,3,5,1,"San Petersburgo — guía de 5 minutos, narrada en español — видео (B1)"
https://rusofacilapp.com/ru/media/song-ya-to-chto-nado,медиа,200,да,,да,,на себя,3,5,1,"Я то, что надо — Валерий Сюткин (1996) — русский язык через медиа (B1) | RusoFácilapp"
https://rusofacilapp.com/ru/media/movie-irony-of-fate,медиа,200,да,,да,,на себя,3,5,1,"Ирония судьбы, или С лёгким паром! — русский язык через медиа (B2)"
https://rusofacilapp.com/ru/media/song-izgib-gitary-zheltoy,медиа,200,да,,да,,на себя,3,5,1,Изгиб гитары жёлтой (Как здорово) — Олег Митяев (1978) — русский язык через медиа (B2) | RusoFácilapp
https://rusofacilapp.com/ru/media/song-vladivostok-2000,медиа,200,да,,да,,на себя,3,5,1,"Владивосток 2000 — Мумий Тролль (indie/alt-rock, 1997) — русский язык через медиа (B2) | RusoFácilapp"
https://rusofacilapp.com/ru/media/song-zvezda-po-imeni-solntse,медиа,200,да,,да,,на себя,3,5,1,"Звезда по имени Солнце — Кино / Виктор Цой (rock soviético, 1989) — русский язык через медиа (B2) | RusoFácilapp"
https://rusofacilapp.com/ru/media/song-dorogoy-dlinnoyu,медиа,200,да,,да,,на себя,3,5,1,Дорогой длинною (romance clásico ruso) — русский язык через медиа (B2) | RusoFácilapp
https://rusofacilapp.com/ru/media/song-v-zhizni-tak-byvaet,медиа,200,да,,да,,на себя,3,5,1,В жизни так бывает — Многоточие — русский язык через медиа (B2) | RusoFácilapp
https://rusofacilapp.com/ru/media/song-klenovy-list,медиа,200,да,,да,,на себя,3,5,1,"Кленовый лист — Николай Караченцов, de «Маленькое одолжение» (1984) — русский язык через медиа (B2) | RusoFácilapp"
https://rusofacilapp.com/ru/media/history-drevnyaya-rus,медиа,200,да,,да,,на себя,3,5,1,Древняя Русь за 22 минуты (vídeo educativo de historia) — видео (B2)
https://rusofacilapp.com/ru/media/song-zemlya-v-illuminatore,медиа,200,да,,да,,на себя,3,5,1,Земля в иллюминаторе — Земляне (1982) — русский язык через медиа (B2) | RusoFácilapp
https://rusofacilapp.com/ru/media/song-milaya-moya-solnyshko-lesnoe,медиа,200,да,,да,,на себя,3,5,1,Милая моя (Солнышко лесное) — Юрий Визбор (1973) — русский язык через медиа (B2) | RusoFácilapp
https://rusofacilapp.com/ru/media/song-pesnya-o-lyubvi-charodei,медиа,200,да,,да,,на себя,3,5,1,Песня о любви — de la película «Чародеи» (1982) — русский язык через медиа (B2) | RusoFácilapp
https://rusofacilapp.com/ru/media/song-moy-rok-n-roll,медиа,200,да,,да,,на себя,3,5,1,Мой рок-н-ролл — Би-2 (2002) — русский язык через медиа (B2) | RusoFácilapp
https://rusofacilapp.com/ru/media/song-popytka-nomer-pyat,медиа,200,да,,да,,на себя,3,5,1,Попытка номер пять — ВИА Гра — русский язык через медиа (B2) | RusoFácilapp
https://rusofacilapp.com/ru/media/song-ne-plach,медиа,200,да,,да,,на себя,3,5,1,Не плачь — Найк Борзов — русский язык через медиа (B2) | RusoFácilapp
https://rusofacilapp.com/ru/media/song-pod-muzyku-vivaldi,медиа,200,да,,да,,на себя,3,5,1,Под музыку Вивальди — de la película «Почти смешная история» (1977) — русский язык через медиа (B2) | RusoFácilapp
https://rusofacilapp.com/ru/media/song-ochi-chernye,медиа,200,да,,да,,на себя,3,5,1,"Очи чёрные (romance clásico ruso, siglo XIX) — русский язык через медиа (B2) | RusoFácilapp"
https://rusofacilapp.com/ru/media/song-koster,медиа,200,да,,да,,на себя,3,5,1,Костёр — Машина времени — русский язык через медиа (B2) | RusoFácilapp
https://rusofacilapp.com/ru/media/song-prostitsya,медиа,200,да,,да,,на себя,3,5,1,Проститься — UMA2RMAN (2003) — русский язык через медиа (B2) | RusoFácilapp
https://rusofacilapp.com/ru/media/song-i-esli-rycar-ne-naidyotsya,медиа,200,да,,да,,на себя,3,5,1,И если рыцарь не найдётся — de «Сказки старого волшебника» (1984) — русский язык через медиа (B1) | RusoFácilapp
https://rusofacilapp.com/ru/media/song-gorizont,медиа,200,да,,да,,на себя,3,5,1,"Горизонт — Новелла Матвеева (canción de autor, clásico del bardismo soviético) — русский язык через медиа (C1) | RusoFácilapp"
https://rusofacilapp.com/ru/media/song-gorod-zolotoy,медиа,200,да,,да,,на себя,3,5,1,Город золотой — Борис Гребенщиков / Аквариум (1984) — русский язык через медиа (C1) | RusoFácilapp
https://rusofacilapp.com/ru/media/song-eto-po-lyubvi,медиа,200,да,,да,,на себя,3,5,1,Это по любви — Мумий Тролль — русский язык через медиа (B2) | RusoFácilapp
https://rusofacilapp.com/ru/media/song-v-lunnom-siyanii,медиа,200,да,,да,,на себя,3,5,1,В лунном сиянии (romance clásico ruso) — русский язык через медиа (C1) | RusoFácilapp
https://rusofacilapp.com/ru/media/song-iskala,медиа,200,да,,да,,на себя,3,5,1,Искала — Земфира (Official Video) — русский язык через медиа (C1) | RusoFácilapp
https://rusofacilapp.com/ru/media/song-s-chistogo-lista,медиа,200,да,,да,,на себя,3,5,1,С чистого листа — Мумий Тролль — русский язык через медиа (B2) | RusoFácilapp
https://rusofacilapp.com/ru/media/song-zurbagan,медиа,200,да,,да,,на себя,3,5,1,Зурбаган — de la película «Выше радуги» (1986) — русский язык через медиа (C1) | RusoFácilapp
https://rusofacilapp.com/ru/media/video-ermitazh-breve,медиа,200,да,,да,,на себя,3,5,1,Кратко об Эрмитаже (breve documental sobre el Museo del Hermitage)
https://rusofacilapp.com/ru/media/song-polnochny-trolleybus,медиа,200,да,,да,,на себя,3,5,1,Полночный троллейбус — Булат Окуджава (1957) — русский язык через медиа (C1) | RusoFácilapp
https://rusofacilapp.com/ru/media/song-poprosti-menya-moya-lyubov,медиа,200,да,,да,,на себя,3,5,1,"Прости меня, моя любовь — Земфира (ПММЛ) — русский язык через медиа (C1) | RusoFácilapp"
https://rusofacilapp.com/ru/media/video-transsib,медиа,200,да,,да,,на себя,3,5,1,Транссиб — фильм-путешествие Москва — Владивосток — видео (C1)
https://rusofacilapp.com/ru/media/movie-khameleon,медиа,200,да,,да,,на себя,3,5,1,"Хамелеон (экранизация рассказа А. П. Чехова, 1971) — видео (C1)"
https://rusofacilapp.com/ru/media/song-eti-glaza-naprotiv,медиа,200,да,,да,,на себя,3,5,1,Эти глаза напротив — Валерий Ободзинский (1975) — русский язык через медиа (B2) | RusoFácilapp
https://rusofacilapp.com/ru/media/song-sirena-vyshe-radugi,медиа,200,да,,да,,на себя,3,5,1,"Сирена — de la película «Выше радуги» (1986), canta Alla Pugachova — русский язык через медиа (C1) | RusoFácilapp"
https://rusofacilapp.com/ru/media/song-aysberg,медиа,200,да,,да,,на себя,3,5,1,Айсберг — Алла Пугачёва (1984) — русский язык через медиа (C1) | RusoFácilapp
https://rusofacilapp.com/ru/media/song-melnitsa-korolevna,медиа,200,да,,да,,на себя,3,5,1,Королевна — Мельница (2005) — русский язык через медиа (C1) | RusoFácilapp
https://rusofacilapp.com/ru/media/song-zemfira-khochesh,медиа,200,да,,да,,на себя,3,5,1,Хочешь? — Земфира (2000) — русский язык через медиа (C1) | RusoFácilapp
https://rusofacilapp.com/ru/media/song-ekho-lyubvi,медиа,200,да,,да,,на себя,3,5,1,Эхо любви — Анна Герман (1975) — русский язык через медиа (C1) | RusoFácilapp
https://rusofacilapp.com/ru/media/song-ya-tebya-nikogda-ne-zabudu,медиа,200,да,,да,,на себя,3,5,1,Я тебя никогда не забуду — de la rock-ópera «Юнона и Авось» (1983) — русский язык через медиа (C1) | RusoFácilapp
https://rusofacilapp.com/ru/admin/audio-review,админка,307,нет,,нет,,нет,0,,0,
https://rusofacilapp.com/es/admin/audio-review,админка,307,нет,,нет,,нет,0,,0,
https://rusofacilapp.com/es/admin/exams,админка,307,нет,,нет,,нет,0,,0,
https://rusofacilapp.com/es/admin/flashcards,админка,307,нет,,нет,,нет,0,,0,
https://rusofacilapp.com/ru/admin/glossary,админка,307,нет,,нет,,нет,0,,0,
https://rusofacilapp.com/ru/admin/flashcards,админка,307,нет,,нет,,нет,0,,0,
https://rusofacilapp.com/ru/admin/exams,админка,307,нет,,нет,,нет,0,,0,
https://rusofacilapp.com/es/account,личный кабинет,307,нет,,нет,,нет,0,,0,
https://rusofacilapp.com/ru/account,личный кабинет,307,нет,,нет,,нет,0,,0,
https://rusofacilapp.com/es/admin/search-demand,админка,307,нет,,нет,,нет,0,,0,
https://rusofacilapp.com/ru/admin,админка,307,нет,,нет,,нет,0,,0,
https://rusofacilapp.com/es/admin/media,админка,307,нет,,нет,,нет,0,,0,
https://rusofacilapp.com/es/admin/lessons,админка,307,нет,,нет,,нет,0,,0,
https://rusofacilapp.com/ru/admin/idioms,админка,307,нет,,нет,,нет,0,,0,
https://rusofacilapp.com/ru/admin/lessons,админка,307,нет,,нет,,нет,0,,0,
https://rusofacilapp.com/ru/admin/search-demand,админка,307,нет,,нет,,нет,0,,0,
https://rusofacilapp.com/es/admin/stories/new,админка,307,нет,,нет,,нет,0,,0,
https://rusofacilapp.com/es/admin/idioms,админка,307,нет,,нет,,нет,0,,0,
https://rusofacilapp.com/es/admin,админка,307,нет,,нет,,нет,0,,0,
https://rusofacilapp.com/ru/admin/media,админка,307,нет,,нет,,нет,0,,0,
https://rusofacilapp.com/ru/admin/stories/new,админка,307,нет,,нет,,нет,0,,0,
https://rusofacilapp.com/es/admin/stories,админка,307,нет,,нет,,нет,0,,0,
https://rusofacilapp.com/ru/admin/subscriptions,админка,307,нет,,нет,,нет,0,,0,
https://rusofacilapp.com/ru/admin/stories,админка,307,нет,,нет,,нет,0,,0,
https://rusofacilapp.com/es/admin/subscriptions,админка,307,нет,,нет,,нет,0,,0,
https://rusofacilapp.com/ru/admin/users,админка,307,нет,,нет,,нет,0,,0,
https://rusofacilapp.com/es/admin/users,админка,307,нет,,нет,,нет,0,,0,
https://rusofacilapp.com/es/admin/video-lessons,админка,307,нет,,нет,,нет,0,,0,
https://rusofacilapp.com/ru/admin/video-lessons,админка,307,нет,,нет,,нет,0,,0,
https://rusofacilapp.com/es/admin/glossary,админка,307,нет,,нет,,нет,0,,0,
https://rusofacilapp.com/ru/crucigramas-ruso-principiantes,лендинг игр,404,нет,,да,,нет,0,,0,
https://rusofacilapp.com/ru/alfabeto-cirilico,прочее: alfabeto-cirilico,404,нет,,да,,нет,0,,0,
https://rusofacilapp.com/ru/gramatica/alfabeto-ruso,гид по грамматике,404,нет,,да,,нет,0,,0,
https://rusofacilapp.com/ru/gramatica/genero-sustantivos-ruso,гид по грамматике,404,нет,,да,,нет,0,,0,
https://rusofacilapp.com/es/confirm-delete-account,прочее: confirm-delete-account,200,нет,,нет,,на себя,3,,0,Aprende ruso online — RusoFácilapp
https://rusofacilapp.com/es/forgot-password,авторизация,200,нет,,нет,,на себя,3,,0,Aprende ruso online — RusoFácilapp
https://rusofacilapp.com/ru/gramatica,гид по грамматике,404,нет,,да,,нет,0,,0,
https://rusofacilapp.com/ru/confirm-delete-account,прочее: confirm-delete-account,200,нет,,нет,,на себя,3,,0,RusoFácilapp — учите русский язык на испанском
https://rusofacilapp.com/ru/forgot-password,авторизация,200,нет,,нет,,на себя,3,,0,RusoFácilapp — учите русский язык на испанском
https://rusofacilapp.com/ru/gramatica/verbos-reflexivos-ruso,гид по грамматике,404,нет,,да,,нет,0,,0,
https://rusofacilapp.com/ru/gramatica/plural-sustantivos-ruso,гид по грамматике,404,нет,,да,,нет,0,,0,
https://rusofacilapp.com/es/groups/join,личный кабинет,307,нет,,нет,,нет,0,,0,
https://rusofacilapp.com/ru/groups/join,личный кабинет,307,нет,,нет,,нет,0,,0,
https://rusofacilapp.com/ru/groups,личный кабинет,307,нет,,нет,,нет,0,,0,
https://rusofacilapp.com/es/groups,личный кабинет,307,нет,,нет,,нет,0,,0,
https://rusofacilapp.com/ru/juegos-para-aprender-ruso,лендинг игр,404,нет,,да,,нет,0,,0,
https://rusofacilapp.com/es/login,авторизация,200,нет,,нет,,на себя,3,1,977,Aprende ruso online — RusoFácilapp
https://rusofacilapp.com/ru/login,авторизация,200,нет,,нет,,на себя,3,1,938,RusoFácilapp — учите русский язык на испанском
https://rusofacilapp.com/es/profile,личный кабинет,200,нет,,нет,,на себя,3,,0,Aprende ruso online — RusoFácilapp
https://rusofacilapp.com/ru/sopa-de-letras-ruso-clima,лендинг игр,404,нет,,да,,нет,0,,0,
https://rusofacilapp.com/es/reset-password,авторизация,200,нет,,нет,,на себя,3,,0,Aprende ruso online — RusoFácilapp
https://rusofacilapp.com/ru/sopa-de-letras-ruso-ciudad,лендинг игр,404,нет,,да,,нет,0,,0,
https://rusofacilapp.com/ru/reset-password,авторизация,200,нет,,нет,,на себя,3,,0,RusoFácilapp — учите русский язык на испанском
https://rusofacilapp.com/ru/profile,личный кабинет,200,нет,,нет,,на себя,3,,0,RusoFácilapp — учите русский язык на испанском
https://rusofacilapp.com/ru/register,авторизация,200,нет,,нет,,на себя,3,1,2,RusoFácilapp — учите русский язык на испанском
https://rusofacilapp.com/es/register,авторизация,200,нет,,нет,,на себя,3,1,2,Aprende ruso online — RusoFácilapp
https://rusofacilapp.com/ru/sopa-de-letras-ruso-comida,лендинг игр,404,нет,,да,,нет,0,,0,
https://rusofacilapp.com/ru/sopa-de-letras-alfabeto-cirilico,лендинг игр,404,нет,,да,,нет,0,,0,
https://rusofacilapp.com/ru/sopa-de-letras-ruso,лендинг игр,404,нет,,да,,нет,0,,0,
https://rusofacilapp.com/ru/sopa-de-letras-ruso-compras,лендинг игр,404,нет,,да,,нет,0,,0,
https://rusofacilapp.com/ru/sopa-de-letras-ruso-familia,лендинг игр,404,нет,,да,,нет,0,,0,
https://rusofacilapp.com/ru/sopa-de-letras-ruso-ropa,лендинг игр,404,нет,,да,,нет,0,,0,
https://rusofacilapp.com/es/styleguide,прочее: styleguide,200,нет,,нет,"noindex, nofollow",на себя,3,,0,Style guide — RusoFácilapp (internal)
https://rusofacilapp.com/ru/styleguide,прочее: styleguide,200,нет,,нет,"noindex, nofollow",на себя,3,,0,Style guide — RusoFácilapp (internal)
https://rusofacilapp.com/es/courses/b1/exam/b1-exam-2,экзамен,307,нет,,нет,,нет,0,2,1,
https://rusofacilapp.com/es/courses/b1/exam/b1-exam-1,экзамен,307,нет,,нет,,нет,0,2,1,
https://rusofacilapp.com/es/video-lesson-demo,прочее: video-lesson-demo,200,нет,,нет,,на себя,3,,0,Aprende ruso online — RusoFácilapp
https://rusofacilapp.com/ru/video-lesson-demo,прочее: video-lesson-demo,200,нет,,нет,,на себя,3,,0,RusoFácilapp — учите русский язык на испанском
https://rusofacilapp.com/es/word-games/WORD_SEARCH/A1/11,пазл WORD_SEARCH,307,нет,,нет,,нет,0,2,1,
https://rusofacilapp.com/es/courses/b2/exam/b2-exam-3,экзамен,307,нет,,нет,,нет,0,2,1,
https://rusofacilapp.com/es/word-games/WORD_SEARCH/A1/12,пазл WORD_SEARCH,307,нет,,нет,,нет,0,2,1,
https://rusofacilapp.com/es/word-games/WORD_SEARCH/A1/13,пазл WORD_SEARCH,307,нет,,нет,,нет,0,2,1,
https://rusofacilapp.com/es/word-games/WORD_SEARCH/A1/15,пазл WORD_SEARCH,307,нет,,нет,,нет,0,2,1,
https://rusofacilapp.com/es/word-games/WORD_SEARCH/A1/14,пазл WORD_SEARCH,307,нет,,нет,,нет,0,2,1,
https://rusofacilapp.com/es/courses/b1/exam/b1-exam-3,экзамен,307,нет,,нет,,нет,0,2,1,
https://rusofacilapp.com/es/word-games/WORD_SEARCH/A1/17,пазл WORD_SEARCH,307,нет,,нет,,нет,0,2,1,
https://rusofacilapp.com/es/courses/b2/exam/b2-exam-1,экзамен,307,нет,,нет,,нет,0,2,1,
https://rusofacilapp.com/es/courses/b2/exam/b2-exam-2,экзамен,307,нет,,нет,,нет,0,2,1,
https://rusofacilapp.com/es/word-games/WORD_SEARCH/A1/16,пазл WORD_SEARCH,307,нет,,нет,,нет,0,2,1,
https://rusofacilapp.com/es/word-games/WORD_SEARCH/A1/18,пазл WORD_SEARCH,307,нет,,нет,,нет,0,2,1,
https://rusofacilapp.com/api/intro/pdf,прочее: intro,200,нет,,нет,,нет,0,2,2,
https://rusofacilapp.com/es/word-games/WORD_SEARCH/A1/19,пазл WORD_SEARCH,307,нет,,нет,,нет,0,2,1,
https://rusofacilapp.com/es/word-games/WORD_SEARCH/A1/20,пазл WORD_SEARCH,307,нет,,нет,,нет,0,2,1,
https://rusofacilapp.com/es/word-games/WORD_SEARCH/A1/21,пазл WORD_SEARCH,307,нет,,нет,,нет,0,2,1,
https://rusofacilapp.com/es/word-games/WORD_SEARCH/A1/22,пазл WORD_SEARCH,307,нет,,нет,,нет,0,2,1,
https://rusofacilapp.com/es/word-games/WORD_SEARCH/A1/25,пазл WORD_SEARCH,307,нет,,нет,,нет,0,2,1,
https://rusofacilapp.com/es/word-games/WORD_SEARCH/A1/24,пазл WORD_SEARCH,307,нет,,нет,,нет,0,2,1,
https://rusofacilapp.com/es/word-games/WORD_SEARCH/A1/30,пазл WORD_SEARCH,307,нет,,нет,,нет,0,2,1,
https://rusofacilapp.com/es/word-games/WORD_SEARCH/A1/31,пазл WORD_SEARCH,307,нет,,нет,,нет,0,2,1,
https://rusofacilapp.com/es/word-games/WORD_SEARCH/A1/33,пазл WORD_SEARCH,307,нет,,нет,,нет,0,2,1,
https://rusofacilapp.com/es/word-games/WORD_SEARCH/A1/32,пазл WORD_SEARCH,307,нет,,нет,,нет,0,2,1,
https://rusofacilapp.com/es/word-games/WORD_SEARCH/A1/28,пазл WORD_SEARCH,307,нет,,нет,,нет,0,2,1,
https://rusofacilapp.com/es/word-games/WORD_SEARCH/A1/35,пазл WORD_SEARCH,307,нет,,нет,,нет,0,2,1,
https://rusofacilapp.com/es/word-games/WORD_SEARCH/A1/26,пазл WORD_SEARCH,307,нет,,нет,,нет,0,2,1,
https://rusofacilapp.com/es/word-games/WORD_SEARCH/A1/36,пазл WORD_SEARCH,307,нет,,нет,,нет,0,2,1,
https://rusofacilapp.com/es/word-games/WORD_SEARCH/A1/34,пазл WORD_SEARCH,307,нет,,нет,,нет,0,2,1,
https://rusofacilapp.com/es/word-games/WORD_SEARCH/A1/38,пазл WORD_SEARCH,307,нет,,нет,,нет,0,2,1,
https://rusofacilapp.com/es/word-games/WORD_SEARCH/A1/27,пазл WORD_SEARCH,307,нет,,нет,,нет,0,2,1,
https://rusofacilapp.com/es/word-games/WORD_SEARCH/A1/37,пазл WORD_SEARCH,307,нет,,нет,,нет,0,2,1,
https://rusofacilapp.com/es/word-games/WORD_SEARCH/A1/42,пазл WORD_SEARCH,307,нет,,нет,,нет,0,2,1,
https://rusofacilapp.com/es/word-games/WORD_SEARCH/A1/29,пазл WORD_SEARCH,307,нет,,нет,,нет,0,2,1,
https://rusofacilapp.com/es/word-games/WORD_SEARCH/A1/39,пазл WORD_SEARCH,307,нет,,нет,,нет,0,2,1,
https://rusofacilapp.com/es/word-games/WORD_SEARCH/A1/41,пазл WORD_SEARCH,307,нет,,нет,,нет,0,2,1,
https://rusofacilapp.com/es/word-games/WORD_SEARCH/A1/44,пазл WORD_SEARCH,307,нет,,нет,,нет,0,2,1,
https://rusofacilapp.com/es/word-games/WORD_SEARCH/A1/45,пазл WORD_SEARCH,307,нет,,нет,,нет,0,2,1,
https://rusofacilapp.com/es/word-games/WORD_SEARCH/A1/46,пазл WORD_SEARCH,307,нет,,нет,,нет,0,2,1,
https://rusofacilapp.com/es/word-games/WORD_SEARCH/A1/43,пазл WORD_SEARCH,307,нет,,нет,,нет,0,2,1,
https://rusofacilapp.com/es/word-games/WORD_SEARCH/A1/47,пазл WORD_SEARCH,307,нет,,нет,,нет,0,2,1,
https://rusofacilapp.com/es/word-games/WORD_SEARCH/A1/40,пазл WORD_SEARCH,307,нет,,нет,,нет,0,2,1,
https://rusofacilapp.com/es/word-games/WORD_SEARCH/A1/49,пазл WORD_SEARCH,307,нет,,нет,,нет,0,2,1,
https://rusofacilapp.com/es/word-games/WORD_SEARCH/A1/48,пазл WORD_SEARCH,307,нет,,нет,,нет,0,2,1,
https://rusofacilapp.com/es/word-games/WORD_SEARCH/A1/23,пазл WORD_SEARCH,307,нет,,нет,,нет,0,2,1,
https://rusofacilapp.com/es/word-games/WORD_SEARCH/A1/50,пазл WORD_SEARCH,307,нет,,нет,,нет,0,2,1,
https://rusofacilapp.com/es/word-games/WORD_SEARCH/A1/51,пазл WORD_SEARCH,307,нет,,нет,,нет,0,2,1,
https://rusofacilapp.com/es/word-games/WORD_SEARCH/A1/52,пазл WORD_SEARCH,307,нет,,нет,,нет,0,2,1,
https://rusofacilapp.com/es/word-games/WORD_SEARCH/A1/54,пазл WORD_SEARCH,307,нет,,нет,,нет,0,2,1,
https://rusofacilapp.com/es/word-games/WORD_SEARCH/A1/58,пазл WORD_SEARCH,307,нет,,нет,,нет,0,2,1,
https://rusofacilapp.com/es/word-games/WORD_SEARCH/A1/53,пазл WORD_SEARCH,307,нет,,нет,,нет,0,2,1,
https://rusofacilapp.com/es/word-games/WORD_SEARCH/A1/55,пазл WORD_SEARCH,307,нет,,нет,,нет,0,2,1,
https://rusofacilapp.com/es/word-games/WORD_SEARCH/A1/56,пазл WORD_SEARCH,307,нет,,нет,,нет,0,2,1,
https://rusofacilapp.com/es/word-games/WORD_SEARCH/A1/59,пазл WORD_SEARCH,307,нет,,нет,,нет,0,2,1,
https://rusofacilapp.com/es/word-games/WORD_SEARCH/A1/60,пазл WORD_SEARCH,307,нет,,нет,,нет,0,2,1,
https://rusofacilapp.com/es/word-games/WORD_SEARCH/A1/61,пазл WORD_SEARCH,307,нет,,нет,,нет,0,2,1,
https://rusofacilapp.com/es/word-games/WORD_SEARCH/A1/62,пазл WORD_SEARCH,307,нет,,нет,,нет,0,2,1,
https://rusofacilapp.com/es/word-games/WORD_SEARCH/A1/67,пазл WORD_SEARCH,307,нет,,нет,,нет,0,2,1,
https://rusofacilapp.com/es/word-games/WORD_SEARCH/A1/66,пазл WORD_SEARCH,307,нет,,нет,,нет,0,2,1,
https://rusofacilapp.com/es/word-games/WORD_SEARCH/A1/65,пазл WORD_SEARCH,307,нет,,нет,,нет,0,2,1,
https://rusofacilapp.com/es/word-games/WORD_SEARCH/A1/63,пазл WORD_SEARCH,307,нет,,нет,,нет,0,2,1,
https://rusofacilapp.com/es/word-games/WORD_SEARCH/A1/64,пазл WORD_SEARCH,307,нет,,нет,,нет,0,2,1,
https://rusofacilapp.com/es/word-games/WORD_SEARCH/A1/70,пазл WORD_SEARCH,307,нет,,нет,,нет,0,2,1,
https://rusofacilapp.com/es/word-games/WORD_SEARCH/A1/69,пазл WORD_SEARCH,307,нет,,нет,,нет,0,2,1,
https://rusofacilapp.com/es/word-games/WORD_SEARCH/A1/68,пазл WORD_SEARCH,307,нет,,нет,,нет,0,2,1,
https://rusofacilapp.com/es/word-games/WORD_SEARCH/A1/71,пазл WORD_SEARCH,307,нет,,нет,,нет,0,2,1,
https://rusofacilapp.com/es/word-games/WORD_SEARCH/A1/76,пазл WORD_SEARCH,307,нет,,нет,,нет,0,2,1,
https://rusofacilapp.com/es/word-games/WORD_SEARCH/A1/75,пазл WORD_SEARCH,307,нет,,нет,,нет,0,2,1,
https://rusofacilapp.com/es/word-games/WORD_SEARCH/A1/74,пазл WORD_SEARCH,307,нет,,нет,,нет,0,2,1,
https://rusofacilapp.com/es/word-games/WORD_SEARCH/A1/72,пазл WORD_SEARCH,307,нет,,нет,,нет,0,2,1,
https://rusofacilapp.com/es/word-games/WORD_SEARCH/A1/73,пазл WORD_SEARCH,307,нет,,нет,,нет,0,2,1,
https://rusofacilapp.com/es/word-games/WORD_SEARCH/A1/57,пазл WORD_SEARCH,307,нет,,нет,,нет,0,2,1,
https://rusofacilapp.com/es/word-games/WORD_SEARCH/A1/77,пазл WORD_SEARCH,307,нет,,нет,,нет,0,2,1,
https://rusofacilapp.com/es/word-games/WORD_SEARCH/A1/82,пазл WORD_SEARCH,307,нет,,нет,,нет,0,2,1,
https://rusofacilapp.com/es/word-games/WORD_SEARCH/A1/81,пазл WORD_SEARCH,307,нет,,нет,,нет,0,2,1,
https://rusofacilapp.com/es/word-games/WORD_SEARCH/A1/83,пазл WORD_SEARCH,307,нет,,нет,,нет,0,2,1,
https://rusofacilapp.com/es/word-games/WORD_SEARCH/A1/85,пазл WORD_SEARCH,307,нет,,нет,,нет,0,2,1,
https://rusofacilapp.com/es/word-games/WORD_SEARCH/A1/84,пазл WORD_SEARCH,307,нет,,нет,,нет,0,2,1,
https://rusofacilapp.com/es/word-games/WORD_SEARCH/A1/79,пазл WORD_SEARCH,307,нет,,нет,,нет,0,2,1,
https://rusofacilapp.com/es/word-games/WORD_SEARCH/A1/80,пазл WORD_SEARCH,307,нет,,нет,,нет,0,2,1,
https://rusofacilapp.com/es/word-games/WORD_SEARCH/A1/78,пазл WORD_SEARCH,307,нет,,нет,,нет,0,2,1,
https://rusofacilapp.com/es/word-games/WORD_SEARCH/A1/86,пазл WORD_SEARCH,307,нет,,нет,,нет,0,2,1,
https://rusofacilapp.com/es/word-games/WORD_SEARCH/A1/87,пазл WORD_SEARCH,307,нет,,нет,,нет,0,2,1,
https://rusofacilapp.com/es/word-games/WORD_SEARCH/A1/89,пазл WORD_SEARCH,307,нет,,нет,,нет,0,2,1,
https://rusofacilapp.com/es/word-games/WORD_SEARCH/A1/88,пазл WORD_SEARCH,307,нет,,нет,,нет,0,2,1,
https://rusofacilapp.com/es/word-games/WORD_SEARCH/A1/91,пазл WORD_SEARCH,307,нет,,нет,,нет,0,2,1,
https://rusofacilapp.com/es/word-games/WORD_SEARCH/A1/90,пазл WORD_SEARCH,307,нет,,нет,,нет,0,2,1,
https://rusofacilapp.com/es/word-games/WORD_SEARCH/A1/92,пазл WORD_SEARCH,307,нет,,нет,,нет,0,2,1,
https://rusofacilapp.com/es/word-games/WORD_SEARCH/A1/93,пазл WORD_SEARCH,307,нет,,нет,,нет,0,2,1,
https://rusofacilapp.com/es/word-games/WORD_SEARCH/A1/94,пазл WORD_SEARCH,307,нет,,нет,,нет,0,2,1,
https://rusofacilapp.com/es/word-games/WORD_SEARCH/A1/95,пазл WORD_SEARCH,307,нет,,нет,,нет,0,2,1,
https://rusofacilapp.com/es/word-games/WORD_SEARCH/A1/96,пазл WORD_SEARCH,307,нет,,нет,,нет,0,2,1,
https://rusofacilapp.com/es/word-games/WORD_SEARCH/A1/97,пазл WORD_SEARCH,307,нет,,нет,,нет,0,2,1,
https://rusofacilapp.com/es/word-games/WORD_SEARCH/A1/101,пазл WORD_SEARCH,307,нет,,нет,,нет,0,2,1,
https://rusofacilapp.com/es/word-games/WORD_SEARCH/A1/98,пазл WORD_SEARCH,307,нет,,нет,,нет,0,2,1,
https://rusofacilapp.com/es/word-games/WORD_SEARCH/A1/106,пазл WORD_SEARCH,307,нет,,нет,,нет,0,2,1,
https://rusofacilapp.com/es/word-games/WORD_SEARCH/A1/104,пазл WORD_SEARCH,307,нет,,нет,,нет,0,2,1,
https://rusofacilapp.com/es/word-games/WORD_SEARCH/A1/103,пазл WORD_SEARCH,307,нет,,нет,,нет,0,2,1,
https://rusofacilapp.com/es/word-games/WORD_SEARCH/A1/105,пазл WORD_SEARCH,307,нет,,нет,,нет,0,2,1,
https://rusofacilapp.com/es/word-games/WORD_SEARCH/A1/99,пазл WORD_SEARCH,307,нет,,нет,,нет,0,2,1,
https://rusofacilapp.com/es/word-games/WORD_SEARCH/A1/100,пазл WORD_SEARCH,307,нет,,нет,,нет,0,2,1,
https://rusofacilapp.com/es/word-games/WORD_SEARCH/A1/102,пазл WORD_SEARCH,307,нет,,нет,,нет,0,2,1,
https://rusofacilapp.com/es/word-games/WORD_SEARCH/A1/107,пазл WORD_SEARCH,307,нет,,нет,,нет,0,2,1,
https://rusofacilapp.com/es/word-games/WORD_SEARCH/A1/108,пазл WORD_SEARCH,307,нет,,нет,,нет,0,2,1,
https://rusofacilapp.com/es/word-games/WORD_SEARCH/A1/109,пазл WORD_SEARCH,307,нет,,нет,,нет,0,2,1,
https://rusofacilapp.com/es/word-games/WORD_SEARCH/A1/110,пазл WORD_SEARCH,307,нет,,нет,,нет,0,2,1,
https://rusofacilapp.com/es/word-games/WORD_SEARCH/A1/111,пазл WORD_SEARCH,307,нет,,нет,,нет,0,2,1,
https://rusofacilapp.com/es/word-games/WORD_SEARCH/A1/113,пазл WORD_SEARCH,307,нет,,нет,,нет,0,2,1,
https://rusofacilapp.com/es/word-games/WORD_SEARCH/A1/112,пазл WORD_SEARCH,307,нет,,нет,,нет,0,2,1,
https://rusofacilapp.com/es/word-games/WORD_SEARCH/A1/114,пазл WORD_SEARCH,307,нет,,нет,,нет,0,2,1,
https://rusofacilapp.com/es/word-games/WORD_SEARCH/A1/115,пазл WORD_SEARCH,307,нет,,нет,,нет,0,2,1,
https://rusofacilapp.com/es/word-games/WORD_SEARCH/A1/116,пазл WORD_SEARCH,307,нет,,нет,,нет,0,2,1,
https://rusofacilapp.com/es/word-games/WORD_SEARCH/A1/117,пазл WORD_SEARCH,307,нет,,нет,,нет,0,2,1,
https://rusofacilapp.com/es/word-games/WORD_SEARCH/A1/118,пазл WORD_SEARCH,307,нет,,нет,,нет,0,2,1,
https://rusofacilapp.com/es/word-games/WORD_SEARCH/A1/124,пазл WORD_SEARCH,307,нет,,нет,,нет,0,2,1,
https://rusofacilapp.com/es/word-games/WORD_SEARCH/A1/119,пазл WORD_SEARCH,307,нет,,нет,,нет,0,2,1,
https://rusofacilapp.com/es/word-games/WORD_SEARCH/A1/120,пазл WORD_SEARCH,307,нет,,нет,,нет,0,2,1,
https://rusofacilapp.com/es/word-games/WORD_SEARCH/A1/122,пазл WORD_SEARCH,307,нет,,нет,,нет,0,2,1,
https://rusofacilapp.com/es/word-games/WORD_SEARCH/A1/121,пазл WORD_SEARCH,307,нет,,нет,,нет,0,2,1,
https://rusofacilapp.com/es/word-games/WORD_SEARCH/A1/123,пазл WORD_SEARCH,307,нет,,нет,,нет,0,2,1,
https://rusofacilapp.com/es/word-games/WORD_SEARCH/A1/126,пазл WORD_SEARCH,307,нет,,нет,,нет,0,2,1,
https://rusofacilapp.com/es/word-games/WORD_SEARCH/A1/127,пазл WORD_SEARCH,307,нет,,нет,,нет,0,2,1,
https://rusofacilapp.com/es/word-games/WORD_SEARCH/A1/125,пазл WORD_SEARCH,307,нет,,нет,,нет,0,2,1,
https://rusofacilapp.com/es/word-games/WORD_SEARCH/A1/128,пазл WORD_SEARCH,307,нет,,нет,,нет,0,2,1,
https://rusofacilapp.com/es/word-games/WORD_SEARCH/A1/129,пазл WORD_SEARCH,307,нет,,нет,,нет,0,2,1,
https://rusofacilapp.com/es/word-games/WORD_SEARCH/A1/134,пазл WORD_SEARCH,307,нет,,нет,,нет,0,2,1,
https://rusofacilapp.com/es/word-games/WORD_SEARCH/A1/131,пазл WORD_SEARCH,307,нет,,нет,,нет,0,2,1,
https://rusofacilapp.com/es/word-games/WORD_SEARCH/A1/133,пазл WORD_SEARCH,307,нет,,нет,,нет,0,2,1,
https://rusofacilapp.com/es/word-games/WORD_SEARCH/A1/132,пазл WORD_SEARCH,307,нет,,нет,,нет,0,2,1,
https://rusofacilapp.com/es/word-games/WORD_SEARCH/A1/130,пазл WORD_SEARCH,307,нет,,нет,,нет,0,2,1,
https://rusofacilapp.com/es/word-games/WORD_SEARCH/A1/135,пазл WORD_SEARCH,307,нет,,нет,,нет,0,2,1,
https://rusofacilapp.com/es/word-games/WORD_SEARCH/A1/136,пазл WORD_SEARCH,307,нет,,нет,,нет,0,2,1,
https://rusofacilapp.com/es/word-games/WORD_SEARCH/A1/137,пазл WORD_SEARCH,307,нет,,нет,,нет,0,2,1,
https://rusofacilapp.com/es/word-games/WORD_SEARCH/A1/138,пазл WORD_SEARCH,307,нет,,нет,,нет,0,2,1,
https://rusofacilapp.com/es/word-games/WORD_SEARCH/A1/139,пазл WORD_SEARCH,307,нет,,нет,,нет,0,2,1,
https://rusofacilapp.com/es/word-games/WORD_SEARCH/A1/143,пазл WORD_SEARCH,307,нет,,нет,,нет,0,2,1,
https://rusofacilapp.com/es/word-games/WORD_SEARCH/A1/140,пазл WORD_SEARCH,307,нет,,нет,,нет,0,2,1,
https://rusofacilapp.com/es/word-games/WORD_SEARCH/A1/141,пазл WORD_SEARCH,307,нет,,нет,,нет,0,2,1,
https://rusofacilapp.com/es/word-games/WORD_SEARCH/A1/142,пазл WORD_SEARCH,307,нет,,нет,,нет,0,2,1,
https://rusofacilapp.com/es/word-games/WORD_SEARCH/A1/144,пазл WORD_SEARCH,307,нет,,нет,,нет,0,2,1,
https://rusofacilapp.com/es/word-games/WORD_SEARCH/A1/145,пазл WORD_SEARCH,307,нет,,нет,,нет,0,2,1,
https://rusofacilapp.com/es/word-games/WORD_SEARCH/A1/146,пазл WORD_SEARCH,307,нет,,нет,,нет,0,2,1,
https://rusofacilapp.com/es/word-games/WORD_SEARCH/A1/147,пазл WORD_SEARCH,307,нет,,нет,,нет,0,2,1,
https://rusofacilapp.com/es/word-games/WORD_SEARCH/A1/148,пазл WORD_SEARCH,307,нет,,нет,,нет,0,2,1,
https://rusofacilapp.com/es/word-games/WORD_SEARCH/A1/155,пазл WORD_SEARCH,307,нет,,нет,,нет,0,2,1,
https://rusofacilapp.com/es/word-games/WORD_SEARCH/A1/151,пазл WORD_SEARCH,307,нет,,нет,,нет,0,2,1,
https://rusofacilapp.com/es/word-games/WORD_SEARCH/A1/149,пазл WORD_SEARCH,307,нет,,нет,,нет,0,2,1,
https://rusofacilapp.com/es/word-games/WORD_SEARCH/A1/156,пазл WORD_SEARCH,307,нет,,нет,,нет,0,2,1,
https://rusofacilapp.com/es/word-games/WORD_SEARCH/A1/150,пазл WORD_SEARCH,307,нет,,нет,,нет,0,2,1,
https://rusofacilapp.com/es/word-games/WORD_SEARCH/A1/160,пазл WORD_SEARCH,307,нет,,нет,,нет,0,2,1,
https://rusofacilapp.com/es/word-games/WORD_SEARCH/A1/157,пазл WORD_SEARCH,307,нет,,нет,,нет,0,2,1,
https://rusofacilapp.com/es/word-games/WORD_SEARCH/A1/158,пазл WORD_SEARCH,307,нет,,нет,,нет,0,2,1,
https://rusofacilapp.com/es/word-games/WORD_SEARCH/A1/159,пазл WORD_SEARCH,307,нет,,нет,,нет,0,2,1,
https://rusofacilapp.com/es/word-games/WORD_SEARCH/A1/152,пазл WORD_SEARCH,307,нет,,нет,,нет,0,2,1,
https://rusofacilapp.com/es/word-games/WORD_SEARCH/A1/161,пазл WORD_SEARCH,307,нет,,нет,,нет,0,2,1,
https://rusofacilapp.com/es/word-games/WORD_SEARCH/A1/153,пазл WORD_SEARCH,307,нет,,нет,,нет,0,2,1,
https://rusofacilapp.com/es/word-games/WORD_SEARCH/A1/162,пазл WORD_SEARCH,307,нет,,нет,,нет,0,2,1,
https://rusofacilapp.com/es/word-games/WORD_SEARCH/A1/154,пазл WORD_SEARCH,307,нет,,нет,,нет,0,2,1,
https://rusofacilapp.com/es/word-games/WORD_SEARCH/A1/163,пазл WORD_SEARCH,307,нет,,нет,,нет,0,2,1,
https://rusofacilapp.com/es/word-games/WORD_SEARCH/A1/164,пазл WORD_SEARCH,307,нет,,нет,,нет,0,2,1,
https://rusofacilapp.com/es/word-games/WORD_SEARCH/A1/165,пазл WORD_SEARCH,307,нет,,нет,,нет,0,2,1,
https://rusofacilapp.com/es/word-games/WORD_SEARCH/A1/166,пазл WORD_SEARCH,307,нет,,нет,,нет,0,2,1,
https://rusofacilapp.com/es/word-games/WORD_SEARCH/A1/167,пазл WORD_SEARCH,307,нет,,нет,,нет,0,2,1,
https://rusofacilapp.com/es/word-games/WORD_SEARCH/A1/168,пазл WORD_SEARCH,307,нет,,нет,,нет,0,2,1,
https://rusofacilapp.com/es/word-games/WORD_SEARCH/A1/169,пазл WORD_SEARCH,307,нет,,нет,,нет,0,2,1,
https://rusofacilapp.com/es/word-games/WORD_SEARCH/A1/170,пазл WORD_SEARCH,307,нет,,нет,,нет,0,2,1,
https://rusofacilapp.com/es/word-games/WORD_SEARCH/A1/171,пазл WORD_SEARCH,307,нет,,нет,,нет,0,2,1,
https://rusofacilapp.com/es/word-games/WORD_SEARCH/A1/172,пазл WORD_SEARCH,307,нет,,нет,,нет,0,2,1,
https://rusofacilapp.com/es/word-games/WORD_SEARCH/A1/173,пазл WORD_SEARCH,307,нет,,нет,,нет,0,2,1,
https://rusofacilapp.com/es/word-games/WORD_SEARCH/A1/174,пазл WORD_SEARCH,307,нет,,нет,,нет,0,2,1,
https://rusofacilapp.com/es/word-games/WORD_SEARCH/A1/182,пазл WORD_SEARCH,307,нет,,нет,,нет,0,2,1,
https://rusofacilapp.com/es/word-games/WORD_SEARCH/A1/176,пазл WORD_SEARCH,307,нет,,нет,,нет,0,2,1,
https://rusofacilapp.com/es/word-games/WORD_SEARCH/A1/180,пазл WORD_SEARCH,307,нет,,нет,,нет,0,2,1,
https://rusofacilapp.com/es/word-games/WORD_SEARCH/A1/177,пазл WORD_SEARCH,307,нет,,нет,,нет,0,2,1,
https://rusofacilapp.com/es/word-games/WORD_SEARCH/A1/181,пазл WORD_SEARCH,307,нет,,нет,,нет,0,2,1,
https://rusofacilapp.com/es/word-games/WORD_SEARCH/A1/175,пазл WORD_SEARCH,307,нет,,нет,,нет,0,2,1,
https://rusofacilapp.com/es/word-games/WORD_SEARCH/A1/178,пазл WORD_SEARCH,307,нет,,нет,,нет,0,2,1,
https://rusofacilapp.com/es/word-games/WORD_SEARCH/A1/179,пазл WORD_SEARCH,307,нет,,нет,,нет,0,2,1,
https://rusofacilapp.com/es/word-games/WORD_SEARCH/A1/184,пазл WORD_SEARCH,307,нет,,нет,,нет,0,2,1,
https://rusofacilapp.com/es/word-games/WORD_SEARCH/A1/185,пазл WORD_SEARCH,307,нет,,нет,,нет,0,2,1,
https://rusofacilapp.com/es/word-games/WORD_SEARCH/A1/183,пазл WORD_SEARCH,307,нет,,нет,,нет,0,2,1,
https://rusofacilapp.com/es/word-games/WORD_SEARCH/A1/187,пазл WORD_SEARCH,307,нет,,нет,,нет,0,2,1,
https://rusofacilapp.com/es/word-games/WORD_SEARCH/A1/190,пазл WORD_SEARCH,307,нет,,нет,,нет,0,2,1,
https://rusofacilapp.com/es/word-games/WORD_SEARCH/A1/191,пазл WORD_SEARCH,307,нет,,нет,,нет,0,2,1,
https://rusofacilapp.com/es/word-games/WORD_SEARCH/A1/192,пазл WORD_SEARCH,307,нет,,нет,,нет,0,2,1,
https://rusofacilapp.com/es/word-games/WORD_SEARCH/A1/189,пазл WORD_SEARCH,307,нет,,нет,,нет,0,2,1,
https://rusofacilapp.com/es/word-games/WORD_SEARCH/A1/193,пазл WORD_SEARCH,307,нет,,нет,,нет,0,2,1,
https://rusofacilapp.com/es/word-games/WORD_SEARCH/A1/197,пазл WORD_SEARCH,307,нет,,нет,,нет,0,2,1,
https://rusofacilapp.com/es/word-games/WORD_SEARCH/A1/198,пазл WORD_SEARCH,307,нет,,нет,,нет,0,2,1,
https://rusofacilapp.com/es/word-games/WORD_SEARCH/A1/194,пазл WORD_SEARCH,307,нет,,нет,,нет,0,2,1,
https://rusofacilapp.com/es/courses/a1/exam/a1-exam-1,экзамен,307,нет,,нет,,нет,0,2,1,
https://rusofacilapp.com/es/courses/a1/exam/a1-exam-3,экзамен,307,нет,,нет,,нет,0,2,1,
https://rusofacilapp.com/es/word-games/WORD_SEARCH/A1/196,пазл WORD_SEARCH,307,нет,,нет,,нет,0,2,1,
https://rusofacilapp.com/es/word-games/WORD_SEARCH/A1/186,пазл WORD_SEARCH,307,нет,,нет,,нет,0,2,1,
https://rusofacilapp.com/es/word-games/WORD_SEARCH/A1/188,пазл WORD_SEARCH,307,нет,,нет,,нет,0,2,1,
https://rusofacilapp.com/es/word-games/WORD_SEARCH/A1/195,пазл WORD_SEARCH,307,нет,,нет,,нет,0,2,1,
https://rusofacilapp.com/es/courses/a1/exam/a1-exam-2,экзамен,307,нет,,нет,,нет,0,2,1,
https://rusofacilapp.com/ru/courses/b1/exam/b1-exam-1,экзамен,307,нет,,нет,,нет,0,2,1,
https://rusofacilapp.com/ru/courses/b1/exam/b1-exam-2,экзамен,307,нет,,нет,,нет,0,2,1,
https://rusofacilapp.com/ru/courses/b1/exam/b1-exam-3,экзамен,307,нет,,нет,,нет,0,2,1,
https://rusofacilapp.com/ru/courses/a2/exam/a2-exam-2,экзамен,307,нет,,нет,,нет,0,2,1,
https://rusofacilapp.com/ru/courses/a2/exam/a2-exam-3,экзамен,307,нет,,нет,,нет,0,2,1,
https://rusofacilapp.com/ru/courses/a1/exam/a1-exam-1,экзамен,307,нет,,нет,,нет,0,2,1,
https://rusofacilapp.com/ru/courses/a2/exam/a2-exam-1,экзамен,307,нет,,нет,,нет,0,2,1,
https://rusofacilapp.com/ru/courses/a1/exam/a1-exam-2,экзамен,307,нет,,нет,,нет,0,2,1,
https://rusofacilapp.com/ru/courses/b2/exam/b2-exam-1,экзамен,307,нет,,нет,,нет,0,2,1,
https://rusofacilapp.com/ru/courses/b2/exam/b2-exam-2,экзамен,307,нет,,нет,,нет,0,2,1,
https://rusofacilapp.com/ru/courses/a1/exam/a1-exam-3,экзамен,307,нет,,нет,,нет,0,2,1,
https://rusofacilapp.com/ru/courses/b2/exam/b2-exam-3,экзамен,307,нет,,нет,,нет,0,2,1,
https://rusofacilapp.com/ru/word-games/WORD_SEARCH/A1/11,пазл WORD_SEARCH,307,нет,,нет,,нет,0,2,1,
https://rusofacilapp.com/ru/word-games/WORD_SEARCH/A1/12,пазл WORD_SEARCH,307,нет,,нет,,нет,0,2,1,
https://rusofacilapp.com/ru/word-games/WORD_SEARCH/A1/14,пазл WORD_SEARCH,307,нет,,нет,,нет,0,2,1,
https://rusofacilapp.com/ru/word-games/WORD_SEARCH/A1/15,пазл WORD_SEARCH,307,нет,,нет,,нет,0,2,1,
https://rusofacilapp.com/ru/word-games/WORD_SEARCH/A1/16,пазл WORD_SEARCH,307,нет,,нет,,нет,0,2,1,
https://rusofacilapp.com/ru/word-games/WORD_SEARCH/A1/17,пазл WORD_SEARCH,307,нет,,нет,,нет,0,2,1,
https://rusofacilapp.com/ru/word-games/WORD_SEARCH/A1/18,пазл WORD_SEARCH,307,нет,,нет,,нет,0,2,1,
https://rusofacilapp.com/ru/word-games/WORD_SEARCH/A1/13,пазл WORD_SEARCH,307,нет,,нет,,нет,0,2,1,
https://rusofacilapp.com/ru/word-games/WORD_SEARCH/A1/19,пазл WORD_SEARCH,307,нет,,нет,,нет,0,2,1,
https://rusofacilapp.com/ru/word-games/WORD_SEARCH/A1/20,пазл WORD_SEARCH,307,нет,,нет,,нет,0,2,1,
https://rusofacilapp.com/ru/word-games/WORD_SEARCH/A1/21,пазл WORD_SEARCH,307,нет,,нет,,нет,0,2,1,
https://rusofacilapp.com/ru/word-games/WORD_SEARCH/A1/23,пазл WORD_SEARCH,307,нет,,нет,,нет,0,2,1,
https://rusofacilapp.com/ru/word-games/WORD_SEARCH/A1/24,пазл WORD_SEARCH,307,нет,,нет,,нет,0,2,1,
https://rusofacilapp.com/ru/word-games/WORD_SEARCH/A1/22,пазл WORD_SEARCH,307,нет,,нет,,нет,0,2,1,
https://rusofacilapp.com/ru/word-games/WORD_SEARCH/A1/26,пазл WORD_SEARCH,307,нет,,нет,,нет,0,2,1,
https://rusofacilapp.com/ru/word-games/WORD_SEARCH/A1/27,пазл WORD_SEARCH,307,нет,,нет,,нет,0,2,1,
https://rusofacilapp.com/ru/word-games/WORD_SEARCH/A1/25,пазл WORD_SEARCH,307,нет,,нет,,нет,0,2,1,
https://rusofacilapp.com/ru/word-games/WORD_SEARCH/A1/29,пазл WORD_SEARCH,307,нет,,нет,,нет,0,2,1,
https://rusofacilapp.com/ru/word-games/WORD_SEARCH/A1/28,пазл WORD_SEARCH,307,нет,,нет,,нет,0,2,1,
https://rusofacilapp.com/ru/word-games/WORD_SEARCH/A1/30,пазл WORD_SEARCH,307,нет,,нет,,нет,0,2,1,
https://rusofacilapp.com/ru/word-games/WORD_SEARCH/A1/31,пазл WORD_SEARCH,307,нет,,нет,,нет,0,2,1,
https://rusofacilapp.com/ru/word-games/WORD_SEARCH/A1/36,пазл WORD_SEARCH,307,нет,,нет,,нет,0,2,1,
https://rusofacilapp.com/ru/word-games/WORD_SEARCH/A1/33,пазл WORD_SEARCH,307,нет,,нет,,нет,0,2,1,
https://rusofacilapp.com/ru/word-games/WORD_SEARCH/A1/32,пазл WORD_SEARCH,307,нет,,нет,,нет,0,2,1,
https://rusofacilapp.com/ru/word-games/WORD_SEARCH/A1/35,пазл WORD_SEARCH,307,нет,,нет,,нет,0,2,1,
https://rusofacilapp.com/ru/word-games/WORD_SEARCH/A1/34,пазл WORD_SEARCH,307,нет,,нет,,нет,0,2,1,
https://rusofacilapp.com/ru/word-games/WORD_SEARCH/A1/37,пазл WORD_SEARCH,307,нет,,нет,,нет,0,2,1,
https://rusofacilapp.com/ru/word-games/WORD_SEARCH/A1/39,пазл WORD_SEARCH,307,нет,,нет,,нет,0,2,1,
https://rusofacilapp.com/ru/word-games/WORD_SEARCH/A1/40,пазл WORD_SEARCH,307,нет,,нет,,нет,0,2,1,
https://rusofacilapp.com/ru/word-games/WORD_SEARCH/A1/38,пазл WORD_SEARCH,307,нет,,нет,,нет,0,2,1,
https://rusofacilapp.com/ru/word-games/WORD_SEARCH/A1/42,пазл WORD_SEARCH,307,нет,,нет,,нет,0,2,1,
https://rusofacilapp.com/ru/word-games/WORD_SEARCH/A1/44,пазл WORD_SEARCH,307,нет,,нет,,нет,0,2,1,
https://rusofacilapp.com/ru/word-games/WORD_SEARCH/A1/43,пазл WORD_SEARCH,307,нет,,нет,,нет,0,2,1,
https://rusofacilapp.com/ru/word-games/WORD_SEARCH/A1/41,пазл WORD_SEARCH,307,нет,,нет,,нет,0,2,1,
https://rusofacilapp.com/ru/word-games/WORD_SEARCH/A1/47,пазл WORD_SEARCH,307,нет,,нет,,нет,0,2,1,
https://rusofacilapp.com/ru/word-games/WORD_SEARCH/A1/45,пазл WORD_SEARCH,307,нет,,нет,,нет,0,2,1,
https://rusofacilapp.com/ru/word-games/WORD_SEARCH/A1/46,пазл WORD_SEARCH,307,нет,,нет,,нет,0,2,1,
https://rusofacilapp.com/ru/word-games/WORD_SEARCH/A1/55,пазл WORD_SEARCH,307,нет,,нет,,нет,0,2,1,
https://rusofacilapp.com/ru/word-games/WORD_SEARCH/A1/48,пазл WORD_SEARCH,307,нет,,нет,,нет,0,2,1,
https://rusofacilapp.com/ru/word-games/WORD_SEARCH/A1/49,пазл WORD_SEARCH,307,нет,,нет,,нет,0,2,1,
https://rusofacilapp.com/ru/word-games/WORD_SEARCH/A1/51,пазл WORD_SEARCH,307,нет,,нет,,нет,0,2,1,
https://rusofacilapp.com/ru/word-games/WORD_SEARCH/A1/54,пазл WORD_SEARCH,307,нет,,нет,,нет,0,2,1,
https://rusofacilapp.com/ru/word-games/WORD_SEARCH/A1/52,пазл WORD_SEARCH,307,нет,,нет,,нет,0,2,1,
https://rusofacilapp.com/ru/word-games/WORD_SEARCH/A1/56,пазл WORD_SEARCH,307,нет,,нет,,нет,0,2,1,
https://rusofacilapp.com/ru/word-games/WORD_SEARCH/A1/57,пазл WORD_SEARCH,307,нет,,нет,,нет,0,2,1,
https://rusofacilapp.com/ru/word-games/WORD_SEARCH/A1/53,пазл WORD_SEARCH,307,нет,,нет,,нет,0,2,1,
https://rusofacilapp.com/ru/word-games/WORD_SEARCH/A1/58,пазл WORD_SEARCH,307,нет,,нет,,нет,0,2,1,
https://rusofacilapp.com/ru/word-games/WORD_SEARCH/A1/50,пазл WORD_SEARCH,307,нет,,нет,,нет,0,2,1,
https://rusofacilapp.com/ru/word-games/WORD_SEARCH/A1/59,пазл WORD_SEARCH,307,нет,,нет,,нет,0,2,1,
https://rusofacilapp.com/ru/word-games/WORD_SEARCH/A1/60,пазл WORD_SEARCH,307,нет,,нет,,нет,0,2,1,
https://rusofacilapp.com/ru/word-games/WORD_SEARCH/A1/61,пазл WORD_SEARCH,307,нет,,нет,,нет,0,2,1,
https://rusofacilapp.com/ru/word-games/WORD_SEARCH/A1/62,пазл WORD_SEARCH,307,нет,,нет,,нет,0,2,1,
https://rusofacilapp.com/ru/word-games/WORD_SEARCH/A1/63,пазл WORD_SEARCH,307,нет,,нет,,нет,0,2,1,
https://rusofacilapp.com/ru/word-games/WORD_SEARCH/A1/64,пазл WORD_SEARCH,307,нет,,нет,,нет,0,2,1,
https://rusofacilapp.com/ru/word-games/WORD_SEARCH/A1/65,пазл WORD_SEARCH,307,нет,,нет,,нет,0,2,1,
https://rusofacilapp.com/ru/word-games/WORD_SEARCH/A1/66,пазл WORD_SEARCH,307,нет,,нет,,нет,0,2,1,
https://rusofacilapp.com/ru/word-games/WORD_SEARCH/A1/71,пазл WORD_SEARCH,307,нет,,нет,,нет,0,2,1,
https://rusofacilapp.com/ru/word-games/WORD_SEARCH/A1/68,пазл WORD_SEARCH,307,нет,,нет,,нет,0,2,1,
https://rusofacilapp.com/ru/word-games/WORD_SEARCH/A1/67,пазл WORD_SEARCH,307,нет,,нет,,нет,0,2,1,
https://rusofacilapp.com/ru/word-games/WORD_SEARCH/A1/69,пазл WORD_SEARCH,307,нет,,нет,,нет,0,2,1,
https://rusofacilapp.com/ru/word-games/WORD_SEARCH/A1/70,пазл WORD_SEARCH,307,нет,,нет,,нет,0,2,1,
https://rusofacilapp.com/ru/word-games/WORD_SEARCH/A1/78,пазл WORD_SEARCH,307,нет,,нет,,нет,0,2,1,
https://rusofacilapp.com/ru/word-games/WORD_SEARCH/A1/72,пазл WORD_SEARCH,307,нет,,нет,,нет,0,2,1,
https://rusofacilapp.com/ru/word-games/WORD_SEARCH/A1/76,пазл WORD_SEARCH,307,нет,,нет,,нет,0,2,1,
https://rusofacilapp.com/ru/word-games/WORD_SEARCH/A1/73,пазл WORD_SEARCH,307,нет,,нет,,нет,0,2,1,
https://rusofacilapp.com/ru/word-games/WORD_SEARCH/A1/74,пазл WORD_SEARCH,307,нет,,нет,,нет,0,2,1,
https://rusofacilapp.com/ru/word-games/WORD_SEARCH/A1/75,пазл WORD_SEARCH,307,нет,,нет,,нет,0,2,1,
https://rusofacilapp.com/ru/word-games/WORD_SEARCH/A1/77,пазл WORD_SEARCH,307,нет,,нет,,нет,0,2,1,
https://rusofacilapp.com/ru/word-games/WORD_SEARCH/A1/79,пазл WORD_SEARCH,307,нет,,нет,,нет,0,2,1,
https://rusofacilapp.com/ru/word-games/WORD_SEARCH/A1/80,пазл WORD_SEARCH,307,нет,,нет,,нет,0,2,1,
https://rusofacilapp.com/ru/word-games/WORD_SEARCH/A1/81,пазл WORD_SEARCH,307,нет,,нет,,нет,0,2,1,
https://rusofacilapp.com/ru/word-games/WORD_SEARCH/A1/82,пазл WORD_SEARCH,307,нет,,нет,,нет,0,2,1,
https://rusofacilapp.com/ru/word-games/WORD_SEARCH/A1/88,пазл WORD_SEARCH,307,нет,,нет,,нет,0,2,1,
https://rusofacilapp.com/ru/word-games/WORD_SEARCH/A1/83,пазл WORD_SEARCH,307,нет,,нет,,нет,0,2,1,
https://rusofacilapp.com/ru/word-games/WORD_SEARCH/A1/84,пазл WORD_SEARCH,307,нет,,нет,,нет,0,2,1,
https://rusofacilapp.com/ru/word-games/WORD_SEARCH/A1/85,пазл WORD_SEARCH,307,нет,,нет,,нет,0,2,1,
https://rusofacilapp.com/ru/word-games/WORD_SEARCH/A1/87,пазл WORD_SEARCH,307,нет,,нет,,нет,0,2,1,
https://rusofacilapp.com/ru/word-games/WORD_SEARCH/A1/86,пазл WORD_SEARCH,307,нет,,нет,,нет,0,2,1,
https://rusofacilapp.com/ru/word-games/WORD_SEARCH/A1/89,пазл WORD_SEARCH,307,нет,,нет,,нет,0,2,1,
https://rusofacilapp.com/ru/word-games/WORD_SEARCH/A1/90,пазл WORD_SEARCH,307,нет,,нет,,нет,0,2,1,
https://rusofacilapp.com/ru/word-games/WORD_SEARCH/A1/91,пазл WORD_SEARCH,307,нет,,нет,,нет,0,2,1,
https://rusofacilapp.com/ru/word-games/WORD_SEARCH/A1/92,пазл WORD_SEARCH,307,нет,,нет,,нет,0,2,1,
https://rusofacilapp.com/ru/word-games/WORD_SEARCH/A1/95,пазл WORD_SEARCH,307,нет,,нет,,нет,0,2,1,
https://rusofacilapp.com/ru/word-games/WORD_SEARCH/A1/93,пазл WORD_SEARCH,307,нет,,нет,,нет,0,2,1,
https://rusofacilapp.com/ru/word-games/WORD_SEARCH/A1/96,пазл WORD_SEARCH,307,нет,,нет,,нет,0,2,1,
https://rusofacilapp.com/ru/word-games/WORD_SEARCH/A1/97,пазл WORD_SEARCH,307,нет,,нет,,нет,0,2,1,
https://rusofacilapp.com/ru/word-games/WORD_SEARCH/A1/101,пазл WORD_SEARCH,307,нет,,нет,,нет,0,2,1,
https://rusofacilapp.com/ru/word-games/WORD_SEARCH/A1/94,пазл WORD_SEARCH,307,нет,,нет,,нет,0,2,1,
https://rusofacilapp.com/ru/word-games/WORD_SEARCH/A1/98,пазл WORD_SEARCH,307,нет,,нет,,нет,0,2,1,
https://rusofacilapp.com/ru/word-games/WORD_SEARCH/A1/99,пазл WORD_SEARCH,307,нет,,нет,,нет,0,2,1,
https://rusofacilapp.com/ru/word-games/WORD_SEARCH/A1/100,пазл WORD_SEARCH,307,нет,,нет,,нет,0,2,1,
https://rusofacilapp.com/ru/word-games/WORD_SEARCH/A1/102,пазл WORD_SEARCH,307,нет,,нет,,нет,0,2,1,
https://rusofacilapp.com/ru/word-games/WORD_SEARCH/A1/108,пазл WORD_SEARCH,307,нет,,нет,,нет,0,2,1,
https://rusofacilapp.com/ru/word-games/WORD_SEARCH/A1/103,пазл WORD_SEARCH,307,нет,,нет,,нет,0,2,1,
https://rusofacilapp.com/ru/word-games/WORD_SEARCH/A1/104,пазл WORD_SEARCH,307,нет,,нет,,нет,0,2,1,
https://rusofacilapp.com/ru/word-games/WORD_SEARCH/A1/105,пазл WORD_SEARCH,307,нет,,нет,,нет,0,2,1,
https://rusofacilapp.com/ru/word-games/WORD_SEARCH/A1/106,пазл WORD_SEARCH,307,нет,,нет,,нет,0,2,1,
https://rusofacilapp.com/ru/word-games/WORD_SEARCH/A1/107,пазл WORD_SEARCH,307,нет,,нет,,нет,0,2,1,
https://rusofacilapp.com/ru/word-games/WORD_SEARCH/A1/113,пазл WORD_SEARCH,307,нет,,нет,,нет,0,2,1,
https://rusofacilapp.com/ru/word-games/WORD_SEARCH/A1/109,пазл WORD_SEARCH,307,нет,,нет,,нет,0,2,1,
https://rusofacilapp.com/ru/word-games/WORD_SEARCH/A1/111,пазл WORD_SEARCH,307,нет,,нет,,нет,0,2,1,
https://rusofacilapp.com/ru/word-games/WORD_SEARCH/A1/110,пазл WORD_SEARCH,307,нет,,нет,,нет,0,2,1,
https://rusofacilapp.com/ru/word-games/WORD_SEARCH/A1/112,пазл WORD_SEARCH,307,нет,,нет,,нет,0,2,1,
https://rusofacilapp.com/ru/word-games/WORD_SEARCH/A1/114,пазл WORD_SEARCH,307,нет,,нет,,нет,0,2,1,
https://rusofacilapp.com/ru/word-games/WORD_SEARCH/A1/115,пазл WORD_SEARCH,307,нет,,нет,,нет,0,2,1,
https://rusofacilapp.com/ru/word-games/WORD_SEARCH/A1/116,пазл WORD_SEARCH,307,нет,,нет,,нет,0,2,1,
https://rusofacilapp.com/ru/word-games/WORD_SEARCH/A1/118,пазл WORD_SEARCH,307,нет,,нет,,нет,0,2,1,
https://rusofacilapp.com/ru/word-games/WORD_SEARCH/A1/117,пазл WORD_SEARCH,307,нет,,нет,,нет,0,2,1,
https://rusofacilapp.com/ru/word-games/WORD_SEARCH/A1/121,пазл WORD_SEARCH,307,нет,,нет,,нет,0,2,1,
https://rusofacilapp.com/ru/word-games/WORD_SEARCH/A1/122,пазл WORD_SEARCH,307,нет,,нет,,нет,0,2,1,
https://rusofacilapp.com/ru/word-games/WORD_SEARCH/A1/120,пазл WORD_SEARCH,307,нет,,нет,,нет,0,2,1,
https://rusofacilapp.com/ru/word-games/WORD_SEARCH/A1/123,пазл WORD_SEARCH,307,нет,,нет,,нет,0,2,1,
https://rusofacilapp.com/ru/word-games/WORD_SEARCH/A1/124,пазл WORD_SEARCH,307,нет,,нет,,нет,0,2,1,
https://rusofacilapp.com/ru/word-games/WORD_SEARCH/A1/125,пазл WORD_SEARCH,307,нет,,нет,,нет,0,2,1,
https://rusofacilapp.com/ru/word-games/WORD_SEARCH/A1/119,пазл WORD_SEARCH,307,нет,,нет,,нет,0,2,1,
https://rusofacilapp.com/ru/word-games/WORD_SEARCH/A1/126,пазл WORD_SEARCH,307,нет,,нет,,нет,0,2,1,
https://rusofacilapp.com/ru/word-games/WORD_SEARCH/A1/128,пазл WORD_SEARCH,307,нет,,нет,,нет,0,2,1,
https://rusofacilapp.com/ru/word-games/WORD_SEARCH/A1/127,пазл WORD_SEARCH,307,нет,,нет,,нет,0,2,1,
https://rusofacilapp.com/ru/word-games/WORD_SEARCH/A1/129,пазл WORD_SEARCH,307,нет,,нет,,нет,0,2,1,
https://rusofacilapp.com/ru/word-games/WORD_SEARCH/A1/131,пазл WORD_SEARCH,307,нет,,нет,,нет,0,2,1,
https://rusofacilapp.com/ru/word-games/WORD_SEARCH/A1/134,пазл WORD_SEARCH,307,нет,,нет,,нет,0,2,1,
https://rusofacilapp.com/ru/word-games/WORD_SEARCH/A1/135,пазл WORD_SEARCH,307,нет,,нет,,нет,0,2,1,
https://rusofacilapp.com/ru/word-games/WORD_SEARCH/A1/137,пазл WORD_SEARCH,307,нет,,нет,,нет,0,2,1,
https://rusofacilapp.com/ru/word-games/WORD_SEARCH/A1/136,пазл WORD_SEARCH,307,нет,,нет,,нет,0,2,1,
https://rusofacilapp.com/ru/word-games/WORD_SEARCH/A1/138,пазл WORD_SEARCH,307,нет,,нет,,нет,0,2,1,
https://rusofacilapp.com/ru/word-games/WORD_SEARCH/A1/139,пазл WORD_SEARCH,307,нет,,нет,,нет,0,2,1,
https://rusofacilapp.com/ru/word-games/WORD_SEARCH/A1/140,пазл WORD_SEARCH,307,нет,,нет,,нет,0,2,1,
https://rusofacilapp.com/ru/word-games/WORD_SEARCH/A1/141,пазл WORD_SEARCH,307,нет,,нет,,нет,0,2,1,
https://rusofacilapp.com/ru/word-games/WORD_SEARCH/A1/142,пазл WORD_SEARCH,307,нет,,нет,,нет,0,2,1,
https://rusofacilapp.com/ru/word-games/WORD_SEARCH/A1/133,пазл WORD_SEARCH,307,нет,,нет,,нет,0,2,1,
https://rusofacilapp.com/ru/word-games/WORD_SEARCH/A1/130,пазл WORD_SEARCH,307,нет,,нет,,нет,0,2,1,
https://rusofacilapp.com/ru/word-games/WORD_SEARCH/A1/132,пазл WORD_SEARCH,307,нет,,нет,,нет,0,2,1,
https://rusofacilapp.com/ru/word-games/WORD_SEARCH/A1/143,пазл WORD_SEARCH,307,нет,,нет,,нет,0,2,1,
https://rusofacilapp.com/ru/word-games/WORD_SEARCH/A1/144,пазл WORD_SEARCH,307,нет,,нет,,нет,0,2,1,
https://rusofacilapp.com/ru/word-games/WORD_SEARCH/A1/145,пазл WORD_SEARCH,307,нет,,нет,,нет,0,2,1,
https://rusofacilapp.com/ru/word-games/WORD_SEARCH/A1/146,пазл WORD_SEARCH,307,нет,,нет,,нет,0,2,1,
https://rusofacilapp.com/ru/word-games/WORD_SEARCH/A1/147,пазл WORD_SEARCH,307,нет,,нет,,нет,0,2,1,
https://rusofacilapp.com/ru/word-games/WORD_SEARCH/A1/148,пазл WORD_SEARCH,307,нет,,нет,,нет,0,2,1,
https://rusofacilapp.com/ru/word-games/WORD_SEARCH/A1/153,пазл WORD_SEARCH,307,нет,,нет,,нет,0,2,1,
https://rusofacilapp.com/ru/word-games/WORD_SEARCH/A1/152,пазл WORD_SEARCH,307,нет,,нет,,нет,0,2,1,
https://rusofacilapp.com/ru/word-games/WORD_SEARCH/A1/149,пазл WORD_SEARCH,307,нет,,нет,,нет,0,2,1,
https://rusofacilapp.com/ru/word-games/WORD_SEARCH/A1/154,пазл WORD_SEARCH,307,нет,,нет,,нет,0,2,1,
https://rusofacilapp.com/ru/word-games/WORD_SEARCH/A1/150,пазл WORD_SEARCH,307,нет,,нет,,нет,0,2,1,
https://rusofacilapp.com/ru/word-games/WORD_SEARCH/A1/151,пазл WORD_SEARCH,307,нет,,нет,,нет,0,2,1,
https://rusofacilapp.com/ru/word-games/WORD_SEARCH/A1/156,пазл WORD_SEARCH,307,нет,,нет,,нет,0,2,1,
https://rusofacilapp.com/ru/word-games/WORD_SEARCH/A1/155,пазл WORD_SEARCH,307,нет,,нет,,нет,0,2,1,
https://rusofacilapp.com/ru/word-games/WORD_SEARCH/A1/157,пазл WORD_SEARCH,307,нет,,нет,,нет,0,2,1,
https://rusofacilapp.com/ru/word-games/WORD_SEARCH/A1/160,пазл WORD_SEARCH,307,нет,,нет,,нет,0,2,1,
https://rusofacilapp.com/ru/word-games/WORD_SEARCH/A1/159,пазл WORD_SEARCH,307,нет,,нет,,нет,0,2,1,
https://rusofacilapp.com/ru/word-games/WORD_SEARCH/A1/163,пазл WORD_SEARCH,307,нет,,нет,,нет,0,2,1,
https://rusofacilapp.com/ru/word-games/WORD_SEARCH/A1/165,пазл WORD_SEARCH,307,нет,,нет,,нет,0,2,1,
https://rusofacilapp.com/ru/word-games/WORD_SEARCH/A1/158,пазл WORD_SEARCH,307,нет,,нет,,нет,0,2,1,
https://rusofacilapp.com/ru/word-games/WORD_SEARCH/A1/167,пазл WORD_SEARCH,307,нет,,нет,,нет,0,2,1,
https://rusofacilapp.com/ru/word-games/WORD_SEARCH/A1/164,пазл WORD_SEARCH,307,нет,,нет,,нет,0,2,1,
https://rusofacilapp.com/ru/word-games/WORD_SEARCH/A1/170,пазл WORD_SEARCH,307,нет,,нет,,нет,0,2,1,
https://rusofacilapp.com/ru/word-games/WORD_SEARCH/A1/169,пазл WORD_SEARCH,307,нет,,нет,,нет,0,2,1,
https://rusofacilapp.com/ru/word-games/WORD_SEARCH/A1/166,пазл WORD_SEARCH,307,нет,,нет,,нет,0,2,1,
https://rusofacilapp.com/ru/word-games/WORD_SEARCH/A1/171,пазл WORD_SEARCH,307,нет,,нет,,нет,0,2,1,
https://rusofacilapp.com/ru/word-games/WORD_SEARCH/A1/161,пазл WORD_SEARCH,307,нет,,нет,,нет,0,2,1,
https://rusofacilapp.com/ru/word-games/WORD_SEARCH/A1/162,пазл WORD_SEARCH,307,нет,,нет,,нет,0,2,1,
https://rusofacilapp.com/ru/word-games/WORD_SEARCH/A1/168,пазл WORD_SEARCH,307,нет,,нет,,нет,0,2,1,
https://rusofacilapp.com/ru/word-games/WORD_SEARCH/A1/173,пазл WORD_SEARCH,307,нет,,нет,,нет,0,2,1,
https://rusofacilapp.com/ru/word-games/WORD_SEARCH/A1/176,пазл WORD_SEARCH,307,нет,,нет,,нет,0,2,1,
https://rusofacilapp.com/ru/word-games/WORD_SEARCH/A1/175,пазл WORD_SEARCH,307,нет,,нет,,нет,0,2,1,
https://rusofacilapp.com/ru/word-games/WORD_SEARCH/A1/179,пазл WORD_SEARCH,307,нет,,нет,,нет,0,2,1,
https://rusofacilapp.com/ru/word-games/WORD_SEARCH/A1/172,пазл WORD_SEARCH,307,нет,,нет,,нет,0,2,1,
https://rusofacilapp.com/ru/word-games/WORD_SEARCH/A1/177,пазл WORD_SEARCH,307,нет,,нет,,нет,0,2,1,
https://rusofacilapp.com/ru/word-games/WORD_SEARCH/A1/180,пазл WORD_SEARCH,307,нет,,нет,,нет,0,2,1,
https://rusofacilapp.com/ru/word-games/WORD_SEARCH/A1/174,пазл WORD_SEARCH,307,нет,,нет,,нет,0,2,1,
https://rusofacilapp.com/ru/word-games/WORD_SEARCH/A1/181,пазл WORD_SEARCH,307,нет,,нет,,нет,0,2,1,
https://rusofacilapp.com/ru/word-games/WORD_SEARCH/A1/182,пазл WORD_SEARCH,307,нет,,нет,,нет,0,2,1,
https://rusofacilapp.com/ru/word-games/WORD_SEARCH/A1/178,пазл WORD_SEARCH,307,нет,,нет,,нет,0,2,1,
https://rusofacilapp.com/ru/word-games/WORD_SEARCH/A1/189,пазл WORD_SEARCH,307,нет,,нет,,нет,0,2,1,
https://rusofacilapp.com/ru/word-games/WORD_SEARCH/A1/187,пазл WORD_SEARCH,307,нет,,нет,,нет,0,2,1,
https://rusofacilapp.com/ru/word-games/WORD_SEARCH/A1/184,пазл WORD_SEARCH,307,нет,,нет,,нет,0,2,1,
https://rusofacilapp.com/ru/word-games/WORD_SEARCH/A1/185,пазл WORD_SEARCH,307,нет,,нет,,нет,0,2,1,
https://rusofacilapp.com/ru/word-games/WORD_SEARCH/A1/188,пазл WORD_SEARCH,307,нет,,нет,,нет,0,2,1,
https://rusofacilapp.com/ru/word-games/WORD_SEARCH/A1/183,пазл WORD_SEARCH,307,нет,,нет,,нет,0,2,1,
https://rusofacilapp.com/ru/word-games/WORD_SEARCH/A1/186,пазл WORD_SEARCH,307,нет,,нет,,нет,0,2,1,
https://rusofacilapp.com/ru/word-games/WORD_SEARCH/A1/192,пазл WORD_SEARCH,307,нет,,нет,,нет,0,2,1,
https://rusofacilapp.com/ru/word-games/WORD_SEARCH/A1/190,пазл WORD_SEARCH,307,нет,,нет,,нет,0,2,1,
https://rusofacilapp.com/ru/word-games/WORD_SEARCH/A1/191,пазл WORD_SEARCH,307,нет,,нет,,нет,0,2,1,
https://rusofacilapp.com/ru/word-games/WORD_SEARCH/A1/195,пазл WORD_SEARCH,307,нет,,нет,,нет,0,2,1,
https://rusofacilapp.com/ru/word-games/WORD_SEARCH/A1/198,пазл WORD_SEARCH,307,нет,,нет,,нет,0,2,1,
https://rusofacilapp.com/api/lessons/b1/1/pdf,прочее: lessons,403,нет,,нет,,нет,0,3,2,
https://rusofacilapp.com/ru/word-games/WORD_SEARCH/A1/193,пазл WORD_SEARCH,307,нет,,нет,,нет,0,2,1,
https://rusofacilapp.com/ru/word-games/WORD_SEARCH/A1/196,пазл WORD_SEARCH,307,нет,,нет,,нет,0,2,1,
https://rusofacilapp.com/ru/word-games/WORD_SEARCH/A1/194,пазл WORD_SEARCH,307,нет,,нет,,нет,0,2,1,
https://rusofacilapp.com/ru/word-games/WORD_SEARCH/A1/197,пазл WORD_SEARCH,307,нет,,нет,,нет,0,2,1,
https://rusofacilapp.com/es/courses/a2/exam/a2-exam-1,экзамен,307,нет,,нет,,нет,0,2,1,
https://rusofacilapp.com/es/courses/a2/exam/a2-exam-2,экзамен,307,нет,,нет,,нет,0,2,1,
https://rusofacilapp.com/es/courses/a2/exam/a2-exam-3,экзамен,307,нет,,нет,,нет,0,2,1,
https://rusofacilapp.com/api/lessons/b2/1/pdf,прочее: lessons,403,нет,,нет,,нет,0,3,2,
https://rusofacilapp.com/api/lessons/a2/1/pdf,прочее: lessons,403,нет,,нет,,нет,0,3,2,
https://rusofacilapp.com/api/lessons/a1/1/pdf,прочее: lessons,403,нет,,нет,,нет,0,3,2,
